url,status,title,h1,meta_description,summary,word_count,body_text
https://montgomerycountymd.gov/Elections/Contacts/visit-boe.html,200,Montgomery County Board of Elections: Visiting Board of Elections,Visiting the Board of Elections,,,107,"Visiting the Board of Elections
General Info
Office Address: 18753 North Frederick Avenue, Suite 210 Gaithersburg, MD 20879
Office Hours: 8:30am - 5pm, Mon- Fri
Accessible Parking and Building
Elections Calendar (including Holidays)
Office Phone: 240-777-8500
Office FAX: (240) 777-8600
Maryland Relay: 1-800-735-2258
Email Address: elections@montgomerycountymd.gov
Directions
Enter your starting or from address, zip code (i.e... 100 Maryland Ave, 20850).
By Bus
Ride On Bus:
55
By Metro
Montgomery County Board of Elections is located on North Frederick Ave (also known as Rt. 355), at 18753 North Frederick Avenue. From the
Shadygrove Metro Station, take Ride On Bus
55.
Downloadable Board of Elections maps and directions file"
https://montgomerycountymd.gov/Elections/EarlyVoting/EarlyVotingCenters.html,200,Montgomery County Board of Elections: 2024 Early Voting Sites,Early Voting,,,323,"Early Voting
Early Voting for the 2024 Presidential General Election will occur from October 24, 2024 through October 31, 2024 (including Saturday and Sunday) from 7am - 8pm. Montgomery County Department of Transportation (MCDOT) Ride On bus service has several routes available to transport voters to the early voting centers. Learn more about bus service options .
To find an early voting location, you can text EV and your ZIP code to 77788.
Early Voting Frequently Asked Questions (FAQ's)
Early Voting Center Wait Times
Early Voting Centers for the 2024 Presidential General Election
For driving directions and bus routes from your address to the early voting sites, visit the Early Voting Centers Online Map from the Montgomery County's GIS Department.
Isiah “Ike” Leggett Executive Office Building
101 Monroe St
Rockville MD 20850
Isiah “Ike” Leggett Executive Office Building
Map and Directions
Jane E. Lawton Community Recreation Center
4301 Willow Ln
Chevy Chase MD 20815
Jane E. Lawton Community Recreation Center
Map and Directions
Marilyn J. Praisner Community Recreation Center
14906 Old Columbia Pike
Burtonsville MD 20866
Marilyn J. Praisner Community Recreation Center
Map and Directions
Nancy H. Dacek North Potomac
Community Recreation Center
13850 Travilah Road
Rockville MD 20850
Nancy H. Dacek North Potomac Community
Recreation Center Map and Directions
Potomac Community Recreation Center
11315 Falls Road
Potomac MD 20854
Potomac Community Recreation Center
Map and Directions
Sandy Spring Volunteer Fire Station
The Ballroom
17921 Brooke Road
Sandy Spring MD 20860
Sandy Spring Volunteer Fire Station
Map and Directions
Silver Spring Civic Building
1 Veterans Pl
Silver Spring MD 20910
ADA entrance is between Ellsworth & Pershing.
Call 240.777.8683 for more information
about ADA issues.
Silver Spring Civic Building
Map and Directions
Wheaton Library & Community
Recreation Center
11701 Georgia Ave
Wheaton MD 20902
Wheaton Library and Community
Recreation Center
Map and Directions
White Oak Community
Recreation Center
1700 April Lane
Silver Spring MD 20904
White Oak Community Rec Center
Maps and Directions"
https://montgomerycountymd.gov/Elections/ElectionJudge/ejconnection.html,200,EJ Connection - Montgomery County Board of Elections,EJ Connection,,,143,"EJ Connection
Note: The EJ Connection portal is unavailable during preparations for the 2026 Election Cycle. It will reopen once preparations are complete.
EJ Connection is an election worker portal that provides election workers the ability to update personal information, prepare for and take the On-Line Quiz, review the Training Schedule and/or schedule training, and access several election resources.
Returning Election Workers
All election workers are required to have an account and each worker must have a unique email address to access their record. Existing election workers currently in the election worker database, use EJ CONNECTION to access your account.
New Applicants
New applicants, review the New Application Procedures for instructions on using the EJ Connection Portal. After reviewing the procedures, use EJ CONNECTION to submit your application. Refer to the most recent Election Worker Newsletter for additional information regarding the upcoming election."
https://montgomerycountymd.gov/Elections/ElectionMaps/PrecinctMaps2022.html,200,Precinct Maps,,,,769,"Skip to main content
An official website of
Montgomery County, Maryland
An official website of
Montgomery County, Maryland
MC311
Board of Elections
Search String
Search
×
Translate
Select Language
Abkhaz
Acehnese
Acholi
Afar
Afrikaans
Albanian
Alur
Amharic
Arabic
Armenian
Assamese
Avar
Awadhi
Aymara
Azerbaijani
Balinese
Baluchi
Bambara
Baoulé
Bashkir
Basque
Batak Karo
Batak Simalungun
Batak Toba
Belarusian
Bemba
Bengali
Betawi
Bhojpuri
Bikol
Bosnian
Breton
Bulgarian
Buryat
Cantonese
Catalan
Cebuano
Chamorro
Chechen
Chichewa
Chinese (Simplified)
Chinese (Traditional)
Chuukese
Chuvash
Corsican
Crimean Tatar (Cyrillic)
Crimean Tatar (Latin)
Croatian
Czech
Danish
Dari
Dhivehi
Dinka
Dogri
Dombe
Dutch
Dyula
Dzongkha
Esperanto
Estonian
Ewe
Faroese
Fijian
Filipino
Finnish
Fon
French
French (Canada)
Frisian
Friulian
Fulani
Ga
Galician
Georgian
German
Greek
Guarani
Gujarati
Haitian Creole
Hakha Chin
Hausa
Hawaiian
Hebrew
Hiligaynon
Hindi
Hmong
Hungarian
Hunsrik
Iban
Icelandic
Igbo
Ilocano
Indonesian
Inuktut (Latin)
Inuktut (Syllabics)
Irish
Italian
Jamaican Patois
Japanese
Javanese
Jingpo
Kalaallisut
Kannada
Kanuri
Kapampangan
Kazakh
Khasi
Khmer
Kiga
Kikongo
Kinyarwanda
Kituba
Kokborok
Komi
Konkani
Korean
Krio
Kurdish (Kurmanji)
Kurdish (Sorani)
Kyrgyz
Lao
Latgalian
Latin
Latvian
Ligurian
Limburgish
Lingala
Lithuanian
Lombard
Luganda
Luo
Luxembourgish
Macedonian
Madurese
Maithili
Makassar
Malagasy
Malay
Malay (Jawi)
Malayalam
Maltese
Mam
Manx
Maori
Marathi
Marshallese
Marwadi
Mauritian Creole
Meadow Mari
Meiteilon (Manipuri)
Minang
Mizo
Mongolian
Myanmar (Burmese)
Nahuatl (Eastern Huasteca)
Ndau
Ndebele (South)
Nepalbhasa (Newari)
Nepali
NKo
Norwegian
Nuer
Occitan
Odia (Oriya)
Oromo
Ossetian
Pangasinan
Papiamento
Pashto
Persian
Polish
Portuguese (Brazil)
Portuguese (Portugal)
Punjabi (Gurmukhi)
Punjabi (Shahmukhi)
Quechua
Qʼeqchiʼ
Romani
Romanian
Rundi
Russian
Sami (North)
Samoan
Sango
Sanskrit
Santali (Latin)
Santali (Ol Chiki)
Scots Gaelic
Sepedi
Serbian
Sesotho
Seychellois Creole
Shan
Shona
Sicilian
Silesian
Sindhi
Sinhala
Slovak
Slovenian
Somali
Spanish
Sundanese
Susu
Swahili
Swati
Swedish
Tahitian
Tajik
Tamazight
Tamazight (Tifinagh)
Tamil
Tatar
Telugu
Tetum
Thai
Tibetan
Tigrinya
Tiv
Tok Pisin
Tongan
Tshiluba
Tsonga
Tswana
Tulu
Tumbuka
Turkish
Turkmen
Tuvan
Twi
Udmurt
Ukrainian
Urdu
Uyghur
Uzbek
Venda
Venetian
Vietnamese
Waray
Welsh
Wolof
Xhosa
Yakut
Yiddish
Yoruba
Yucatec Maya
Zapotec
Zulu
Powered by
Translate
Board of Elections Home
Voting
Access for Voters with Disabilities
Change of Address
Early Voting
Overseas / Military Voters
Provisional Voting
Voting System
Voter Registration
Online Voter Registration
Become a Voter Registration Distributor
Verify Your Voter Registration
Video on How to Verify Your Registration
Voting Rights for Students
Voter Registration Questions
Voter Registration List Maintenance
Election Workers
Program Overview
Getting Started
Position Description/Payment
EJ Connection
Important Dates
High School Election Workers
Frequently Asked Questions
Contact Recruitment
Future Vote
High School Election Workers
FAQ's
Board Meeting
Board Members
Bylaws (PDF)
Meetings
Public Participation
Redistricting
Section 203
Candidates
2026 Candidate Listings
Become a Candidate
Candidate Filing FAQs (PDF)
Candidate Information
Campaign Finance
Financial Disclosure Requirements
Montgomery County Public Election Fund
Offices to Appear on Ballot (PDF)
Policy Regarding Candidate/Campaign Use of Board of Elections Photographs (PDF)
Precincts and Districts
Elected Officials
Precinct Maps
These are 8 1/2"" by 11"" maps of individual precincts in PDF format. In order to view or print PDF files, you must have the
Adobe Acrobat
(free) software.
01-01
01-02
01-03
01-04
01-05
01-06
01-07
01-08
02-01
02-02
02-03
02-04
02-05
02-06
02-07
02-08
02-10
02-11
02-12
03-01
03-02
04-01
04-02
04-03
04-04
04-05
04-06
04-07
04-08
04-09
04-10
04-11
04-12
04-13
04-14
04-15
04-16
04-17
04-18
04-19
04-20
04-21
04-23
04-24
04-25
04-26
04-27
04-28
04-30
04-31
04-32
04-33
04-34
04-38
04-42
04-43
05-01
05-02
05-03
05-04
05-05
05-06
05-08
05-09
05-10
05-11
05-12
05-13
05-14
05-15
05-16
05-17
05-18
05-19
05-21
05-22
05-23
05-2
4
06-01
06-02
06-03
06-04
06-05
06-06
06-07
06-08
06-09
06-10
06-11
06-13
06-14
06-15
06-17
06-18
07-01
07-02
07-03
07-04
07-05
07-06
07-07
07-08
07-09
07-10
07-11
07-12
07-13
07-15
07-16
07-18
07-19
07-20
07-21
07-22
07-23
07-24
07-25
07-26
07-27
07-28
07-31
07-32
08-01
08-02
08-03
08-04
08-05
08-06
08-07
08-08
08-09
08-10
08-11
08-12
08-16
08-17
08-18
09-01
09-02
09-03
09-04
09-05
09-06
09-07
09-08
09-09
09-10
09-11
09-12
09-13
09-14
09-15
09-16
09-18
09-20
09-21
09-22
09-24
09-25
09-26
09-27
09-28
09-29
09-30
09-31
09-32
09-33
09-34
09-35
09-36
09-37
09-38
09-39
09-40
09-41
09-42
09-43
09-44
09-45
09-46
09-47
10-01
10-02
10-03
10-04
10-05
10-06
10-07
10-09
10-10
10-11
10-12
10-13
11-00
12-01
12-02
12-03
12-04
12-05
12-0
6
13-01
13-02
13-03
13-04
13-05
13-06
13-07
13-08
13-10
13-11
13-13
13-14
13-15
13-16
13-18
13-19
13-20
13-21
13-22
13-23
13-24
13-25
13-27
13-28
13-29
13-31
13-32
13-33
13-34
13-35
13-36
13-37
13-38
13-39
13-40
13-42
13-43
13-44
13-45
13-46
13-47
13-49
13-50
13-51
13-52
13-53
13-54
13-55
13-56
13-57
13-58
13-59
13-61
13-63
13-64
13-65
13-67
13-68
13-69
13-71
Go Top
Original text
Rate this translation
Your feedback will be used to help improve Google Translate"
https://montgomerycountymd.gov/Elections/ElectionMaps/mapsindex.html,200,Election Maps,Maps,,,32,"(Precinct to District Chart for Congressional Districts) - PDF
(Precinct to District Chart for Legislative Districts)
(Precinct to District Chart for Council Districts)
(Precinct to District Chart for Board of Education Districts)"
https://montgomerycountymd.gov/Elections/FrequentlyAskedQuestions/electionworker-faqs.html,200,"Election Worker FAQs - Board of Elections - Montgomery County, Maryland",Election Worker Frequently Asked Questions,,,649,"Election Worker Frequently Asked Questions
Frequently Asked Questions (FAQ's)
An election worker is a registered Maryland voter who volunteers to assist voters on Election Day. For a more detailed description please see Program Overview.
You must:
- Be a U.S. citizen and a registered voter in Maryland;
- Be at least 16 years of age or older (parental permission is required for 16- or 17-year-olds) if needed, complete the Permission Slip (PDF), and return with your application;
- Be able to clearly and fluently speak, read and legibly write the English language;
- Not serve as a campaign manager for a candidate or as the treasurer for a campaign finance entity. Under Maryland law, an Election Worker may not hold or be a candidate for any elective public or political party office or any office created under the Constitution or Laws of the State and;
- Not be legally prohibited from entering onto the property of a school or being near children.
Usted debe:
- Ser ciudadano estadounidense y votante registrado en Maryland;
- Tener al menos 16 años de edad o más (se requiere permiso de los padres para los de 16 o 17 años) si es necesario, completar la hoja de permiso (PDF) y devolverla con su solicitud;
- Ser capaz de hablar, leer y escribir de manera legible y clara el idioma inglés;
- No desempeñarse como director de campaña de un candidato ni como tesorero de una entidad financiera de campaña. Según la ley de Maryland, un trabajador electoral no puede ocupar ni ser candidato para ningún cargo público electivo o de partido político ni para ningún cargo creado en virtud de la Constitución o las leyes del estado y;
- No tener prohibido legalmente el ingreso a la propiedad de una escuela o estar cerca de niños
Para obtener una lista completa de las calificaciones del programa, consulte descripción general del programa.
The time commitment varies by position and responsibilities.
For a full description of election worker position hours, please see Position Descriptions/Payment.
The responsibilities of an Election Worker vary by position, but all election workers are responsible to uphold the integrity of elections in accordance with Federal and State laws. For a full description of position responsibilities, please see Position Descriptions/Payment.
Election Workers are required to complete training prior to their service. The election training is administered through online modules and in-person sessions. The online training is self-paced and must be completed prior to attending an in-person session. In-Person training sessions are position specific and are two to four hours long depending on the position.
For a full description of election training, please see Program Overview.
Yes. To receive the service stipend, you must successfully complete all required training, and fulfill all election duties to which you are assigned. For a description of the service stipend, please see Position Descriptions/Payment.
* Election Workers who previously served as an Election Judge in the 2022 election cycle or earlier will receive a $100.00 bonus for each full Election Day and/or each Early Voting Day or $50.00 for each part-day served during the 2024 elections
If you have been an Election Worker before you do not need to complete a new application however, for each election cycle (approximately every two years) you will be required to renew your application. You must use EJ Connection to renew your application. If you have a question regarding your application status please contact the recruitment office at 240-777-8533.
EJ Connection is an election worker portal that provides election workers the ability to update personal information to their election worker record, prepare for and take the On-Line Quiz, review the Training Schedule and/or schedule training, and access several election resources. All election workers are required to have an account and each worker must have a unique email address to access their record. For additional information, access the EJ Connection web page."
https://montgomerycountymd.gov/Elections/FrequentlyAskedQuestions/future-vote-faqs.html,200,Montgomery County Board of Elections: Future Vote FAQs,Future Vote Frequently Asked Questions,,,920,"Future Vote Frequently Asked Questions
Frequently Asked Questions (FAQ's)
Future Vote was approved by the Montgomery County Board of Elections in 2004. Its main goal is to increase civic participation and knowledge of the political process. The program allows the Board to employ students as student election aides to help at the polls during elections.
Future Vote Program Summary
A student election aide, also known as a “Future Vote Ambassador,” is a student tasked with assisting polling places on Election Days or during Early Voting. This role is separate from the role of an election judge (a full election poll worker), because there are restrictions on the equipment ineligible voters may use.
The responsibilities of student aides will depend on the needs at your polling place, but the goal is for students to help make the process smoother and easier for voters. All aides are expected to politely accommodate all voters regardless of demographic background or difficulties they may have while voting. Specific tasks may include:
• posting signage
• assisting election judges with packing or unpacking equipment
• assembling and dismantling voting booths
• replenish/bring privacy folders to check-in table
• greeting voters as they enter the polling place
• sitting at the checkout table, which involves
o thanking voters for voting and encouraging them to vote in subsequent elections
o offering voters an “I voted” sticker
o asking voters to fill out a brief survey on their experience
• helping to keep the polling place clean and presentable
• politely asking voters to refrain from any of the following behaviors
o handing out partisan material inside the polling place (this practice is sometimes called “electioneering”)
o eating or drinking
o smoking or vaping
o using any electronic device, such as a cell phone
o bringing non-service animals into the polling place
• answering voter questions or directing voters to an election poll worker when needed
Your child must be in sixth grade to twelfth grade.
Yes, students must reside in Montgomery County and be enrolled in any public, private, independent or religious school. Students home-schooled may also participate. Keep in mind that parents are responsible for providing students with transportation to and from training, the set-up meeting and the Election Day or Early Voting service. Chief Judges will not dismiss student election aides at the end of their shifts if no parent is present to pick them up.
While not a requirement, the Board of Elections is always looking for people fluent in second languages or American Sign Language. To be considered fluent, you must be able to have an everyday conversation with someone. Consider whether you would be willing and able to help a voter who speaks a different language with problems they may have. If you fit this description, be sure to indicate this when you register.
Although you must be a U.S. citizen and a registered voter to serve as an election judge, these requirements do not apply to Future Vote ambassadors.
To start, students are needed during Early Voting and on Election Day. These two Election Days take place in every even numbered year. A primary is conducted in the spring, while general elections are always the first Tuesday after the first Monday of November. Keep in mind that all Montgomery County Public Schools are closed on Election Days, so there is no need to worry about schedule conflicts with school. Special arrangements for Election Day must be made if a student is homeschooled or attends private school. Students who participate in the program will work between 6 and 11 hours per election. They get an hour of credit for attending a training session a few weeks in advance and another hour or two for helping to set up the polling place on the Monday before Election Day (this depends on how long the set-up meeting takes).
Students and parents are required to attend both sessions to receive credit and to serve on Election Day or during Early Voting. These sessions will account for the first two or three hours of credit.
Early Voting and Election Day volunteer shifts vary and are provided during online registration.
Students who do not attend a Montgomery County public school may send the Board of Elections a corresponding form to receive their school’s equivalent of SSL hours.
For initial questions, email future.vote@montgomerycountymd.gov, and we will get back to you. In the weeks leading up to the election, you will receive an email from the chief judge at your polling place. Chief Judges are responsible for organizing the set-up and operation of the polling place they work in. Most notably, they will send an email in the days leading up to the election to confirm that your child can still serve on Election Day or during Early Voting. They are also responsible for sending everyone the time for your polling place set-up meeting.
Future Vote also provides experience that will be helpful if students are eligible and wish to go on to serve as election judges. Unlike student aides, judges earn money for their work.
If your child wishes to serve again in subsequent years, you will have to go through the application and training process again. Students can serve as election aides for as many elections as they like until they are old enough to serve as an election poll worker. To be an election poll worker individuals must be U.S. citizens, registered to vote, live in Maryland, and be at least 16 years of age or older."
https://montgomerycountymd.gov/Elections/FrequentlyAskedQuestions/voter-registration-faqs.html,200,Voter Registration FAQs,Voter Registration - Frequently Asked Questions,,,2781,"Voter Registration - Frequently Asked Questions
Frequently Asked Questions (FAQ's)
All residents of Montgomery County may register to vote, if they meet the following requirements:
- United States citizen
- Maryland resident
- At least 16 years of age (you may register to vote at 16 but cannot vote until at least 18 years of age by the date of the next general or special election)
- Are not under guardianship for mental disability or if you are, have not been found by a court to be unable to communicate a desire to vote.
- Not currently serving a sentence of imprisonment for a felony conviction.
- Have not been convicted of buying or selling votes.
You have several options to register to vote:
-
You can complete our voter registration by utilizing an on-line application process provided by the State Board of Elections at: Voter Registration
-
You can obtain a copy of a Voter Registration Application at any of the following sites in Montgomery County:
- Montgomery County Post Offices
- Montgomery County Public Libraries
- Montgomery County Public Schools
- Montgomery College Campuses
- Montgomery County Government Regional Services Centers
- Montgomery County Community Health Centers
- Montgomery County Aging and Disability Services
- Montgomery County MVA Offices
- Montgomery County Licensing
- Montgomery County Register of Wills
-
You can request a voter registration application by contacting or visiting
Montgomery County Board of Elections
18753 North Frederick Avenue Suite210
Gaithersburg, MD 20879
Our office hours are 8:30 a.m. - 5:00 p.m., Monday through Friday; telephone (240) 777-8500. -
You may have a voter registration form mailed to you by calling our 24-hour voter information line at (240) 777-VOTE and leaving your name and address after the recorded message.
- You can download a voter registration form by visiting Montgomery County Board of Elections website or by following Voter Registration: English / Spanish / French / Traditional Chinese / Simplified Chinese / Korean / Vietnamese
- Under Maryland election law, a voter registration application must contain the original signature and it must be mailed with a post mark date stamped on the envelope or hand delivered by the deadline.
Once your voter registration request is processed, a Voter Notification Card will be mailed to you. The card will contain key voter registration information: name, address, party affiliation, polling place location, and respective election districts.
If you have not received a card within three (3) weeks of sending in your voter registration application, please call the Board of Elections at (240) 777-8500.
You may register to vote at any time. However, other than for same-day registration during Early Voting and on Election Day, voter registration is closed from 21 days before until 11 days after the primary election, and 21 days before until 11 days after the general election. Voter registration applications received while the voter rolls are closed are processed when voter registration reopens.
Advanced Voter Registration Deadlines:
- 2026 Primary Election: June 2, 2026 (5:00 pm)
- 2026 General Election: October 13, 2026 (5:00 pm)
Once your voter registration request is processed, a Voter Notification Card will be mailed to you. The card will contain key voter registration information: name, address, party affiliation, polling place location, and respective election districts.
If you have not received a card within three (3) weeks of sending in your voter registration application, please call the Board of Elections at (240) 777-8500.
New Voter's Registration Application - No.Under Maryland election law, a voter registration application must contain the original signature. Therefore, it must be mailed with a postmark date stamped on the envelope, hand-delivered or deposited in an official election Drop Box by the deadline.
In Maryland, registration is permanent as long as you keep your Maryland address current. If you move within the state, you must notify the new jurisdiction of your change of address. If you move to another state, you must re-register in that jurisdiction and cancel your Maryland voter registration.
Download:
Request to Cancel Voter Registration (montgomerycountymd.gov)
|
Yes. In addition to basic identifying information, federal law requires that voter applications must provide a Maryland driver's license, learner's permit or MVA ID Card number or, if you do not have a driver's license number, at least the last four digits of your social security number on your application. Your application will NOT be successfully processed unless you provide this information or affirm, under penalty of perjury, that you do not have a driver's license or social security number. In accordance to State Board of Elections regulations the Local Board of Elections is required to mail a voter notification card to your residence to complete the application procedure.
Once your voter registration request is processed, a Voter Notification Card will be mailed to you. The card will contain key voter registration information: name, address, party affiliation, polling place location, and respective election districts.
If you have not received a card within three (3) weeks of sending in your voter registration application, please call the office at (240) 777-8500.
Yes. The board can mail you the application, fax the voter application or you can download from the Montgomery County website Voter Registration Application: English / Spanish / French / Traditional Chinese / Simplified Chinese / Korean If this is your first time registering to vote in Maryland and you register by mail, you will be asked to produce identification when you vote the first time.
No. A person may only register to vote at his or her place of residence. A business address or PO Box number may only be used as a mailing address. The Board of Elections is required to mail a sample ballot before each election to all voters.
All registered voters are required to keep their voter registration information current. This includes changes of name, address or party affiliation. Maryland law requires voters to notify their respective elections office of these changes within 30 days or online .
A change of name, address or party affiliation must be made in writing and signed by the voter or online . Changes can be made at any time voter registration is open.
Advanced deadline to register to vote OR change name, address, or party affiliation:
- 2026 Primary Election: June 2, 2026 (5:00 pm)
- 2026 General Election: October 13, 2026 (5:00 pm)
Forms for voter registration changes are available at the Board of Elections, any of the Permanent Registration Application site (see Where do I register? for a list of the permanent sites) or can be downloaded here . You may also send any changes in writing to the elections office. Please include your date of birth, original name, address, or party affiliation; the change you wish to make; sign and date the information, and mail or fax to:
Montgomery County Board of Elections
P.O. Box 4333
Rockville, MD 20849-4333
FAX (240) 777-8600
or
text UPDATE to 77788
Changes to your address, name or party affiliation may be submitted during Early Voting or on Election Day. However, only addresses changes submitted during early voting will be processed immediately. Other changes will be processed once Voter Registration reopens approximately 11 days after an election.
Yes.
If you would like to vote by mail, please visit the following web site Voter Registration and Vote by Mail Ballot Request to update your voter registration and request a vote by mail ballot.
Advanced deadline to register to vote OR change name, address, or party affiliation:
- 2026 Primary Election:: June 2, 2026 (5:00 pm)
- 2026 General Election: October 13, 2026 (5:00 pm)
You can also register to vote through same-day registration during early voting or on Election Day. Please visit any early voting center in the county during early voting, or go to the assigned polling place for your home address on Election Day and bring a document that proves where you live (to locate the assigned polling place for your residential address please visit Voting Location Lookup). To prove where you live, bring your MVA-issued license, ID card, learner's permit or change of address card, or your current paycheck, bank statement, utility bill, or other government document with your name and new address. Current means that the document is dated within three (3) months of Election Day.
Changes to your address, name or party affiliation may be submitted during Early Voting or on Election Day. However, only addresses changes submitted during early voting will be processed immediately. Other changes will be processed once Voter Registration reopens approximately 11 days after an election.
Once your voter registration request is processed, a Voter Notification Card will be mailed to you. The card will contain key voter registration information: name, address, party affiliation, polling place location, and respective election districts.
If you have not received a card within three (3) weeks of sending in your voter registration application, please call the Board of Elections at (240) 777-8500.
Another option is to come to the Montgomery County Board of Elections 18753 N. Frederick Avenue, Suite 210 Gaithersburg, MD 20879 and vote mail-in ballot in person.
Provisional ballots are not counted until after Election Day in accordance with law.
No. In Maryland, voter registration is permanent as long as you keep your voter information current. You may use the State Board of Election online Voter Lookup to check your voter registration record and update your information if needed.
Your registration may have been cancelled for failure to respond to an address confirmation mailing and if you have not voted in two consecutive federal general elections. The Board cancels voter registrations when we have been notified that the individual is registered to vote in another state.
The Board of Elections will accept a photo copy of a death certificate. Another option is the next of kin may submit a letter detailing the name, address and date of birth of the deceased voter with the name, address, signature and relationship to deceased voter of the person submitting the death notification to the Board of Elections. This may be submitted by e-mail, fax or letter. Notice from newspaper is not acceptable, the agency needs a photocopy of an official verification document.
If a local board of elections receives an obituary identifying a registered voter, a letter shall be sent to the address on file, requesting the next of kin sign the letter confirming death and return the letter to the local board of elections. The only permissible sources to be used for an obituary are a newspaper, a printout of a newspaper website with the url, or a printout of the funeral home website with the url. All other source material regarding the death of a voter, such as Ancestry.com or Legacy.com, may not be used for list maintenance purposes.
Yes. Maryland law directs the Board of Elections to make the list available to the Courts.
This means that, although you provided your driver's license , learner's permit or social security number on the application, the State was unable to verify this number and requested additional information from you. This could happen for many reasons, including the following: parts of your application were illegible or incorrect; errors occurred in the process of entering data from your application into the State's database; OR older records in other systems used a different name, e.g., name change.
If you have not already submitted the requested information, you may do so when you vote in the upcoming election. If you decide to vote in person you will vote Provisional Ballot and you will need to show one of the following:
- Current and valid photo identification (a Maryland driver's license, learner's permit or MVA-issued ID card; student, employee or military ID card; United States passport; or any other State or federal government-issued ID card); OR
- Current utility bill, bank statement, government check, paycheck, or other government document that shows your name and address.
- Current means that the document is dated within three (3) months of Election Day.
If you decide to vote a Mail-In Ballot, please submit required information with your ballot.
If you are registering to vote in Maryland, you will be provided with an option to register with any of Maryland's recognized political parties. If you do not choose to register with a party, you will be considered Unaffiliated.
Advanced deadline to register to vote OR change name, address, or party affiliation:
- 2026 Primary Election: June 2, 2026 (5:00 pm)
- 2026 General Election: October 13, 2026 (5:00 pm)
If you are already registered voter but you would like to change your party affiliation you may do so online or by submitting a Voter Registration Application.
You can obtain a copy of a Voter Registration Application at any of the following sites in Montgomery County:
- Montgomery County Post Offices
- Montgomery County Public Libraries
- Montgomery County Public Schools
- Montgomery College Campuses
- Montgomery County Government Regional Services Centers
- Montgomery County Community Health Centers
- Montgomery County Aging and Disability Services
- Montgomery County MVA Offices
- Montgomery County Licensing
- Montgomery County Register of Wills
You can request a voter registration application by contacting or visiting Montgomery County Board of Elections 18753 North Frederick Avenue Suite 210, Gaithersburg, MD 20879. Our office hours are 8:30 a.m. - 5:00 p.m., Monday through Friday; telephone (240) 777-8500.
You may have a voter registration form mailed to you by calling our 24-hour voter information line at (240) 777-VOTE and leaving your name and address after the recorded message.
English / Spanish / French / Traditional Chinese / Simplified Chinese / Korean
If you are registering to vote in Maryland, you will be provided with an option to register with any of Maryland's recognized political parties. If you do not choose to register with a political party, you will be considered Unaffiliated.
The Republican and Democratic parties in Maryland use primary elections to choose their candidates for the General Election. Voters who are not affiliated with these political parties will only vote in the nonpartisan election for the Board of Education in the Primary Elections. All voters will receive the same General Elections ballot regardless of party affiliation.
Advanced deadline to register to vote OR change name, address, or party affiliation:
- 2026 Primary Election: June 2, 2026 (5:00 pm)
- 2026 General Election: October 13, 2026 (5:00 pm)
Changes to your address, name or party affiliation may be submitted during Early Voting or on Election Day. However, only addresses changes submitted during early voting will be processed immediately. Other changes will be processed once Voter Registration reopens approximately 11 days after an election.
Once your voter registration request is processed, a Voter Notification Card will be mailed to you. The card will contain key voter registration information: name, address, party affiliation, polling place location, and respective election districts.
If you have not received a card within three (3) weeks of sending in your voter registration application, please call the Board of Elections at (240) 777-8500.
Maryland has a closed primary system which requires you to be affiliated with a political party to vote in its primary contests.
If registered as unaffiliated, you will only be able to vote in any nonpartisan primary election held in your jurisdiction, such as a primary election to select nominees for the board of education.
Party affiliation does not have an impact in the General Election as all voters in the precinct receive the same ballot.
Yes. All citizens meeting the eligibility requirements may register to vote during Early Voting or on Election Day using the Same Day Registration Process.
Please visit any early voting center in the county during early voting, or go to the assigned polling place for your home address on Election Day and bring a document that proves where you live (to locate the assigned polling place for your residential address please visit Voting Location Lookup). To prove where you live, bring your MVA-issued license, ID card, learner's permit or change of address card, or your current paycheck, bank statement, utility bill, or other government document with your name and new address. Current means that the document is dated within three (3) months of Election Day.
Once your voter registration request is processed, a Voter Notification Card will be mailed to you. The card will contain key voter registration information: name, address, party affiliation, polling place location, and respective election districts.
If you have not received a card within three (3) weeks of sending in your voter registration application, please call the Board of Elections at (240) 777-8500.
| Request to Cancel Voter Registration (montgomerycountymd.gov) |
| Cancellation Form-Electronic Signature Spanish Updated 120823IA (006).pdf (montgomerycountymd.gov) |"
https://montgomerycountymd.gov/Elections/PastElections/pastresults.html,200,Montgomery County Board of Elections: Past Elections,"Montgomery County, Maryland Past Election Official Results(2000 - Present)",,,677,"Montgomery County, Maryland Past Election Official Results
(2000 - Present)
Open all sections | Close all sections
2024 Presidential Election Results
State of Maryland Board of Elections - 2024 Presidential Elections Official Results
2022 Gubernatorial Election Results
State of Maryland Board of Elections - 2022 Gubernatorial Elections Official Results
2020 Presidential Election Results
State of Maryland Board of Elections - 2020 Presidential Elections Official Results
2018 Gubernatorial Election Results
State of Maryland Board of Elections - 2018 Gubernatorial Elections Official Results
- 2018 Primary Election Results - State Offices
- 2018 Primary Election Results - Local Offices
- 2018 General Election Results - Local & State Offices
- 2018 General Election Results - Ballot Questions
Montgomery County Board of Elections - 2018 Gubernatorial Elections Official Results
2016 Presidential Election Results
State of Maryland Board of Elections - 2016 Presidential Elections Official Results
- 2016 Primary Election Results - State Offices
- 2016 Primary Election Results - Local Offices
- 2016 General Election Results - State Offices
- 2016 General Election Results - Local Offices
Montgomery County Board of Elections - 2016 Presidential Elections Official Results
2014 Gubernatorial Election Results
State of Maryland Board of Elections - 2014 Gubernatorial Elections Official Results
- 2014 Primary Election Results - State Offices
- 2014 Primary Election Results - Local Offices
- 2014 General Election Results - State Offices
- 2014 General Election Results - Local Offices
- 2014 General Election Results - Ballot Questions
Montgomery County Board of Elections - 2014 Gubernatorial Elections Official Results
2012 Presidential Election Results
State of Maryland Board of Elections - 2012 Presidential Elections Official Results
- 2012 Primary Election Results - State Offices
- 2012 Primary Election Results - Local Offices
- 2012 General Election Results - State and National Offices
- 2012 General Election Results - Local Offices
- 2012 General Election Results - Ballot Questions
Montgomery County Board of Elections - 2012 Presidential Elections Official Results
2010 Gubernatorial Election Results
State of Maryland Board of Elections - 2010 Gubernatorial Elections Official Results
- 2010 Primary Election Results - State Offices
- 2010 Primary Election Results - Local Offices
- 2010 General Election Results - State and National Offices
- 2010 General Election Results - Local Offices
- 2010 General Election Results - Ballot Questions
Montgomery County Board of Elections - 2010 Gubernatorial Elections Official Results
2009 Special Election Results - Council District 4
Montgomery County Board of Elections - 2009 Special Elections Official Results
2008 Presidential Election Results
State of Maryland Board of Elections - 2008 Presidential Elections Official Results
- 2008 Primary Election Results - State Offices
- 2008 Primary Election Results - Local Offices
- 2008 General Election Results - State and National Offices
- 2008 General Election Results - Local Offices
- 2008 General Election Results - Ballot Questions
Montgomery County Board of Elections - 2008 Presidential Elections Official Results
2006 Gubernatorial Election Results
State of Maryland Board of Elections - 2006 Gubernatorial Elections Official Results
- 2006 Primary Election Results - State Offices
- 2006 General Election Results - State and National Offices
- 2006 General Election Results - Local Offices
- 2006 General Election Results - Ballot Questions
Montgomery County Board of Elections - 2006 Gubernatorial Elections Official Results
2004 Presidential Election Results
State of Maryland Board of Elections - 2004 Presidential Elections Official Results
- 2004 Primary Election Results - State Offices
- 2004 General Election Results - President & Vice President
- 2004 General Election Results - Ballot Questions
Montgomery County Board of Elections - 2004 Presidential Elections Official Results
2002 Gubernatorial Election Results
State of Maryland Board of Elections - 2002 Gubernatorial Elections Official Results
- 2002 Primary Election Results - State Offices
- 2002 General Election Results - State Offices
- 2002 General Election Results - Ballot Questions
Montgomery County Board of Elections - 2002 Gubernatorial Elections Official Results
2000 Presidential Election Results
State of Maryland Board of Elections - 2000 Presidential Elections Official Results
- 2000 Primary and General Election Results - State Offices
- 2000 General Election Results - Ballot Questions"
https://montgomerycountymd.gov/Elections/Resources/Files/pdfs/EJ2023/EW%20Forms/2026_MoCo_EWA_Interest_Application.pdf,,,,,,0,
https://montgomerycountymd.gov/Elections/Resources/Files/pdfs/EW%202024/EJ%20Connection%20New%20Application%20Instructions_amp(1).pdf,,,,,,0,
https://montgomerycountymd.gov/Elections/Resources/Files/pdfs/EW%202024/EJ%20Connection%20Sign%20Up%20Instructions.pdf,,,,,,0,
https://montgomerycountymd.gov/Elections/Resources/Files/pdfs/EW%202026/2026_PermissionSlip.pdf,,,,,,0,
https://montgomerycountymd.gov/Elections/Resources/Files/pdfs/EarlyVoting/2014/EV-2_Executive_Office_Building.pdf,,,,,,0,
https://montgomerycountymd.gov/Elections/Resources/Files/pdfs/maps/Precincts/0101.pdf,,,,,,0,
https://montgomerycountymd.gov/Elections/Resources/Files/pdfs/maps/Precincts/0102.pdf,,,,,,0,
https://montgomerycountymd.gov/Elections/Resources/Files/pdfs/maps/Precincts/0103.pdf,,,,,,0,
https://montgomerycountymd.gov/Elections/Resources/Files/pdfs/maps/Precincts/0104.pdf,,,,,,0,
https://montgomerycountymd.gov/Elections/Resources/Files/pdfs/maps/Precincts/0105.pdf,,,,,,0,
https://montgomerycountymd.gov/Elections/Resources/Files/pdfs/maps/Precincts/0106.pdf,,,,,,0,
https://montgomerycountymd.gov/Elections/Resources/Files/pdfs/maps/Precincts/0107.pdf,,,,,,0,
https://montgomerycountymd.gov/Elections/Resources/Files/pdfs/maps/Precincts/0108L.pdf,,,,,,0,
https://montgomerycountymd.gov/Elections/Resources/Files/pdfs/maps/Precincts/0201.pdf,,,,,,0,
https://montgomerycountymd.gov/Elections/Resources/Files/pdfs/maps/Precincts/0202.pdf,,,,,,0,
https://montgomerycountymd.gov/Elections/Resources/Files/pdfs/maps/Precincts/0203.pdf,,,,,,0,
https://montgomerycountymd.gov/Elections/Resources/Files/pdfs/maps/Precincts/0205.pdf,,,,,,0,
https://montgomerycountymd.gov/Elections/Resources/Files/pdfs/maps/Precincts/0206.pdf,,,,,,0,
https://montgomerycountymd.gov/Elections/Resources/Files/pdfs/maps/Precincts/0207.pdf,,,,,,0,
https://montgomerycountymd.gov/Elections/Resources/Files/pdfs/maps/Precincts/0208.pdf,,,,,,0,
https://montgomerycountymd.gov/Elections/Resources/Files/pdfs/maps/Precincts/0211.pdf,,,,,,0,
https://montgomerycountymd.gov/Elections/Resources/Files/pdfs/maps/Precincts/0212.pdf,,,,,,0,
https://montgomerycountymd.gov/Elections/Resources/Files/pdfs/maps/Precincts/0301.pdf,,,,,,0,
https://montgomerycountymd.gov/Elections/Resources/Files/pdfs/maps/Precincts/0302.pdf,,,,,,0,
https://montgomerycountymd.gov/Elections/Resources/Files/pdfs/maps/Precincts/0401.pdf,,,,,,0,
https://montgomerycountymd.gov/Elections/Resources/Files/pdfs/maps/Precincts/0402.pdf,,,,,,0,
https://montgomerycountymd.gov/Elections/Resources/Files/pdfs/maps/Precincts/0403.pdf,,,,,,0,
https://montgomerycountymd.gov/Elections/Resources/Files/pdfs/maps/Precincts/0404.pdf,,,,,,0,
https://montgomerycountymd.gov/Elections/Resources/Files/pdfs/maps/Precincts/0405.pdf,,,,,,0,
https://montgomerycountymd.gov/Elections/Resources/Files/pdfs/maps/Precincts/0406.pdf,,,,,,0,
https://montgomerycountymd.gov/Elections/Resources/Files/pdfs/maps/Precincts/0407.pdf,,,,,,0,
https://montgomerycountymd.gov/Elections/Resources/Files/pdfs/maps/Precincts/0408.pdf,,,,,,0,
https://montgomerycountymd.gov/Elections/Resources/Files/pdfs/maps/Precincts/0409.pdf,,,,,,0,
https://montgomerycountymd.gov/Elections/Resources/Files/pdfs/maps/Precincts/0410.pdf,,,,,,0,
https://montgomerycountymd.gov/Elections/Resources/Files/pdfs/maps/Precincts/0411.pdf,,,,,,0,
https://montgomerycountymd.gov/Elections/Resources/Files/pdfs/maps/Precincts/0412.pdf,,,,,,0,
https://montgomerycountymd.gov/Elections/Resources/Files/pdfs/maps/Precincts/0413.pdf,,,,,,0,
https://montgomerycountymd.gov/Elections/Resources/Files/pdfs/maps/Precincts/0414.pdf,,,,,,0,
https://montgomerycountymd.gov/Elections/Resources/Files/pdfs/maps/Precincts/0415.pdf,,,,,,0,
https://montgomerycountymd.gov/Elections/Resources/Files/pdfs/maps/Precincts/0416.pdf,,,,,,0,
https://montgomerycountymd.gov/Elections/Resources/Files/pdfs/maps/Precincts/0417.pdf,,,,,,0,
https://montgomerycountymd.gov/Elections/Resources/Files/pdfs/maps/Precincts/0418.pdf,,,,,,0,
https://montgomerycountymd.gov/Elections/Resources/Files/pdfs/maps/Precincts/0419.pdf,,,,,,0,
https://montgomerycountymd.gov/Elections/Resources/Files/pdfs/maps/Precincts/0420.pdf,,,,,,0,
https://montgomerycountymd.gov/Elections/Resources/Files/pdfs/maps/Precincts/0421.pdf,,,,,,0,
https://montgomerycountymd.gov/Elections/Resources/Files/pdfs/maps/Precincts/0423.pdf,,,,,,0,
https://montgomerycountymd.gov/Elections/Resources/Files/pdfs/maps/Precincts/0424.pdf,,,,,,0,
https://montgomerycountymd.gov/Elections/Resources/Files/pdfs/maps/Precincts/0425.pdf,,,,,,0,
https://montgomerycountymd.gov/Elections/Resources/Files/pdfs/maps/Precincts/0426.pdf,,,,,,0,
https://montgomerycountymd.gov/Elections/Resources/Files/pdfs/maps/Precincts/0427.pdf,,,,,,0,
https://montgomerycountymd.gov/Elections/Resources/Files/pdfs/maps/Precincts/0428.pdf,,,,,,0,
https://montgomerycountymd.gov/Elections/Resources/Files/pdfs/maps/Precincts/0430.pdf,,,,,,0,
https://montgomerycountymd.gov/Elections/Resources/Files/pdfs/maps/Precincts/0431.pdf,,,,,,0,
https://montgomerycountymd.gov/Elections/Resources/Files/pdfs/maps/Precincts/0432.pdf,,,,,,0,
https://montgomerycountymd.gov/Elections/Resources/Files/pdfs/maps/Precincts/0433.pdf,,,,,,0,
https://montgomerycountymd.gov/Elections/Resources/Files/pdfs/maps/Precincts/0434.pdf,,,,,,0,
https://montgomerycountymd.gov/Elections/Resources/Files/pdfs/maps/Precincts/0438.pdf,,,,,,0,
https://montgomerycountymd.gov/Elections/Resources/Files/pdfs/maps/Precincts/0442.pdf,,,,,,0,
https://montgomerycountymd.gov/Elections/Resources/Files/pdfs/maps/Precincts/0443.pdf,,,,,,0,
https://montgomerycountymd.gov/Elections/Resources/Files/pdfs/maps/Precincts/0501_1023.pdf,,,,,,0,
https://montgomerycountymd.gov/Elections/Resources/Files/pdfs/maps/Precincts/0502.pdf,,,,,,0,
https://montgomerycountymd.gov/Elections/Resources/Files/pdfs/maps/Precincts/0503.pdf,,,,,,0,
https://montgomerycountymd.gov/Elections/Resources/Files/pdfs/maps/Precincts/0504.pdf,,,,,,0,
https://montgomerycountymd.gov/Elections/Resources/Files/pdfs/maps/Precincts/0505.pdf,,,,,,0,
https://montgomerycountymd.gov/Elections/Resources/Files/pdfs/maps/Precincts/0506.pdf,,,,,,0,
https://montgomerycountymd.gov/Elections/Resources/Files/pdfs/maps/Precincts/0508.pdf,,,,,,0,
https://montgomerycountymd.gov/Elections/Resources/Files/pdfs/maps/Precincts/0509.pdf,,,,,,0,
https://montgomerycountymd.gov/Elections/Resources/Files/pdfs/maps/Precincts/0510.pdf,,,,,,0,
https://montgomerycountymd.gov/Elections/Resources/Files/pdfs/maps/Precincts/0511.pdf,,,,,,0,
https://montgomerycountymd.gov/Elections/Resources/Files/pdfs/maps/Precincts/0512.pdf,,,,,,0,
https://montgomerycountymd.gov/Elections/Resources/Files/pdfs/maps/Precincts/0513.pdf,,,,,,0,
https://montgomerycountymd.gov/Elections/Resources/Files/pdfs/maps/Precincts/0514.pdf,,,,,,0,
https://montgomerycountymd.gov/Elections/Resources/Files/pdfs/maps/Precincts/0515.pdf,,,,,,0,
https://montgomerycountymd.gov/Elections/Resources/Files/pdfs/maps/Precincts/0516.pdf,,,,,,0,
https://montgomerycountymd.gov/Elections/Resources/Files/pdfs/maps/Precincts/0517.pdf,,,,,,0,
https://montgomerycountymd.gov/Elections/Resources/Files/pdfs/maps/Precincts/0518.pdf,,,,,,0,
https://montgomerycountymd.gov/Elections/Resources/Files/pdfs/maps/Precincts/0519.pdf,,,,,,0,
https://montgomerycountymd.gov/Elections/Resources/Files/pdfs/maps/Precincts/0521.pdf,,,,,,0,
https://montgomerycountymd.gov/Elections/Resources/Files/pdfs/maps/Precincts/0522.pdf,,,,,,0,
https://montgomerycountymd.gov/Elections/Resources/Files/pdfs/maps/Precincts/0523.pdf,,,,,,0,
https://montgomerycountymd.gov/Elections/Resources/Files/pdfs/maps/Precincts/0524.pdf,,,,,,0,
https://montgomerycountymd.gov/Elections/Resources/Files/pdfs/maps/Precincts/0601.pdf,,,,,,0,
https://montgomerycountymd.gov/Elections/Resources/Files/pdfs/maps/Precincts/0602.pdf,,,,,,0,
https://montgomerycountymd.gov/Elections/Resources/Files/pdfs/maps/Precincts/0603.pdf,,,,,,0,
https://montgomerycountymd.gov/Elections/Resources/Files/pdfs/maps/Precincts/0604.pdf,,,,,,0,
https://montgomerycountymd.gov/Elections/Resources/Files/pdfs/maps/Precincts/0605.pdf,,,,,,0,
https://montgomerycountymd.gov/Elections/Resources/Files/pdfs/maps/Precincts/0606.pdf,,,,,,0,
https://montgomerycountymd.gov/Elections/Resources/Files/pdfs/maps/Precincts/0607.pdf,,,,,,0,
https://montgomerycountymd.gov/Elections/Resources/Files/pdfs/maps/Precincts/0608.pdf,,,,,,0,
https://montgomerycountymd.gov/Elections/Resources/Files/pdfs/maps/Precincts/0609.pdf,,,,,,0,
https://montgomerycountymd.gov/Elections/Resources/Files/pdfs/maps/Precincts/0610.pdf,,,,,,0,
https://montgomerycountymd.gov/Elections/Resources/Files/pdfs/maps/Precincts/0611.pdf,,,,,,0,
https://montgomerycountymd.gov/Elections/Resources/Files/pdfs/maps/Precincts/0613.pdf,,,,,,0,
https://montgomerycountymd.gov/Elections/Resources/Files/pdfs/maps/Precincts/0614.pdf,,,,,,0,
https://montgomerycountymd.gov/Elections/Resources/Files/pdfs/maps/Precincts/0615.pdf,,,,,,0,
https://montgomerycountymd.gov/Elections/Resources/Files/pdfs/maps/Precincts/0617.pdf,,,,,,0,
https://montgomerycountymd.gov/Elections/Resources/Files/pdfs/maps/Precincts/0618.pdf,,,,,,0,
https://montgomerycountymd.gov/Elections/Resources/Files/pdfs/maps/Precincts/0701.pdf,,,,,,0,
https://montgomerycountymd.gov/Elections/Resources/Files/pdfs/maps/Precincts/0702.pdf,,,,,,0,
https://montgomerycountymd.gov/Elections/Resources/Files/pdfs/maps/Precincts/0703.pdf,,,,,,0,
https://montgomerycountymd.gov/Elections/Resources/Files/pdfs/maps/Precincts/0704.pdf,,,,,,0,
https://montgomerycountymd.gov/Elections/Resources/Files/pdfs/maps/Precincts/0705.pdf,,,,,,0,
https://montgomerycountymd.gov/Elections/Resources/Files/pdfs/maps/Precincts/0706.pdf,,,,,,0,
https://montgomerycountymd.gov/Elections/Resources/Files/pdfs/maps/Precincts/0707.pdf,,,,,,0,
https://montgomerycountymd.gov/Elections/Resources/Files/pdfs/maps/Precincts/0708.pdf,,,,,,0,
https://montgomerycountymd.gov/Elections/Resources/Files/pdfs/maps/Precincts/0709.pdf,,,,,,0,
https://montgomerycountymd.gov/Elections/Resources/Files/pdfs/maps/Precincts/0710.pdf,,,,,,0,
https://montgomerycountymd.gov/Elections/Resources/Files/pdfs/maps/Precincts/0711.pdf,,,,,,0,
https://montgomerycountymd.gov/Elections/Resources/Files/pdfs/maps/Precincts/0712.pdf,,,,,,0,
https://montgomerycountymd.gov/Elections/Resources/Files/pdfs/maps/Precincts/0713.pdf,,,,,,0,
https://montgomerycountymd.gov/Elections/Resources/Files/pdfs/maps/Precincts/0715.pdf,,,,,,0,
https://montgomerycountymd.gov/Elections/Resources/Files/pdfs/maps/Precincts/0716_1023.pdf,,,,,,0,
https://montgomerycountymd.gov/Elections/Resources/Files/pdfs/maps/Precincts/0718.pdf,,,,,,0,
https://montgomerycountymd.gov/Elections/Resources/Files/pdfs/maps/Precincts/0719.pdf,,,,,,0,
https://montgomerycountymd.gov/Elections/Resources/Files/pdfs/maps/Precincts/0720.pdf,,,,,,0,
https://montgomerycountymd.gov/Elections/Resources/Files/pdfs/maps/Precincts/0721.pdf,,,,,,0,
https://montgomerycountymd.gov/Elections/Resources/Files/pdfs/maps/Precincts/0722.pdf,,,,,,0,
https://montgomerycountymd.gov/Elections/Resources/Files/pdfs/maps/Precincts/0723.pdf,,,,,,0,
https://montgomerycountymd.gov/Elections/Resources/Files/pdfs/maps/Precincts/0724.pdf,,,,,,0,
https://montgomerycountymd.gov/Elections/Resources/Files/pdfs/maps/Precincts/0725.pdf,,,,,,0,
https://montgomerycountymd.gov/Elections/Resources/Files/pdfs/maps/Precincts/0726.pdf,,,,,,0,
https://montgomerycountymd.gov/Elections/Resources/Files/pdfs/maps/Precincts/0727.pdf,,,,,,0,
https://montgomerycountymd.gov/Elections/Resources/Files/pdfs/maps/Precincts/0728.pdf,,,,,,0,
https://montgomerycountymd.gov/Elections/Resources/Files/pdfs/maps/Precincts/0731.pdf,,,,,,0,
https://montgomerycountymd.gov/Elections/Resources/Files/pdfs/maps/Precincts/0732.pdf,,,,,,0,
https://montgomerycountymd.gov/Elections/Resources/Files/pdfs/maps/Precincts/0801.pdf,,,,,,0,
https://montgomerycountymd.gov/Elections/Resources/Files/pdfs/maps/Precincts/0802.pdf,,,,,,0,
https://montgomerycountymd.gov/Elections/Resources/Files/pdfs/maps/Precincts/0803_1023.pdf,,,,,,0,
https://montgomerycountymd.gov/Elections/Resources/Files/pdfs/maps/Precincts/0804_1023.pdf,,,,,,0,
https://montgomerycountymd.gov/Elections/Resources/Files/pdfs/maps/Precincts/0805.pdf,,,,,,0,
https://montgomerycountymd.gov/Elections/Resources/Files/pdfs/maps/Precincts/0806.pdf,,,,,,0,
https://montgomerycountymd.gov/Elections/Resources/Files/pdfs/maps/Precincts/0807_1023.pdf,,,,,,0,
https://montgomerycountymd.gov/Elections/Resources/Files/pdfs/maps/Precincts/0808_1023.pdf,,,,,,0,
https://montgomerycountymd.gov/Elections/Resources/Files/pdfs/maps/Precincts/0809_1024.pdf,,,,,,0,
https://montgomerycountymd.gov/Elections/Resources/Files/pdfs/maps/Precincts/0810.pdf,,,,,,0,
https://montgomerycountymd.gov/Elections/Resources/Files/pdfs/maps/Precincts/0811.pdf,404,404 - File or directory not found.,Server Error,,,27,"Server Error
404 - File or directory not found.
The resource you are looking for might have been removed, had its name changed, or is temporarily unavailable."
https://montgomerycountymd.gov/Elections/Resources/Files/pdfs/maps/Precincts/0811_1024.pdf,,,,,,0,
https://montgomerycountymd.gov/Elections/Resources/Files/pdfs/maps/Precincts/0812_1024.pdf,,,,,,0,
https://montgomerycountymd.gov/Elections/Resources/Files/pdfs/maps/Precincts/0816_1024.pdf,,,,,,0,
https://montgomerycountymd.gov/Elections/Resources/Files/pdfs/maps/Precincts/0817.pdf,,,,,,0,
https://montgomerycountymd.gov/Elections/Resources/Files/pdfs/maps/Precincts/0818(1).pdf,,,,,,0,
https://montgomerycountymd.gov/Elections/Resources/Files/pdfs/maps/Precincts/0901.pdf,,,,,,0,
https://montgomerycountymd.gov/Elections/Resources/Files/pdfs/maps/Precincts/0902.pdf,,,,,,0,
https://montgomerycountymd.gov/Elections/Resources/Files/pdfs/maps/Precincts/0903_1024.pdf,,,,,,0,
https://montgomerycountymd.gov/Elections/Resources/Files/pdfs/maps/Precincts/0904_1024.pdf,,,,,,0,
https://montgomerycountymd.gov/Elections/Resources/Files/pdfs/maps/Precincts/0905.pdf,,,,,,0,
https://montgomerycountymd.gov/Elections/Resources/Files/pdfs/maps/Precincts/0906.pdf,,,,,,0,
https://montgomerycountymd.gov/Elections/Resources/Files/pdfs/maps/Precincts/0907.pdf,,,,,,0,
https://montgomerycountymd.gov/Elections/Resources/Files/pdfs/maps/Precincts/0908.pdf,,,,,,0,
https://montgomerycountymd.gov/Elections/Resources/Files/pdfs/maps/Precincts/0909_1024.pdf,,,,,,0,
https://montgomerycountymd.gov/Elections/Resources/Files/pdfs/maps/Precincts/0910.pdf,,,,,,0,
https://montgomerycountymd.gov/Elections/Resources/Files/pdfs/maps/Precincts/0911_1024.pdf,,,,,,0,
https://montgomerycountymd.gov/Elections/Resources/Files/pdfs/maps/Precincts/0912.pdf,,,,,,0,
https://montgomerycountymd.gov/Elections/Resources/Files/pdfs/maps/Precincts/0913.pdf,,,,,,0,
https://montgomerycountymd.gov/Elections/Resources/Files/pdfs/maps/Precincts/0914.pdf,,,,,,0,
https://montgomerycountymd.gov/Elections/Resources/Files/pdfs/maps/Precincts/0915.pdf,,,,,,0,
https://montgomerycountymd.gov/Elections/Resources/Files/pdfs/maps/Precincts/0916.pdf,,,,,,0,
https://montgomerycountymd.gov/Elections/Resources/Files/pdfs/maps/Precincts/0918.pdf,,,,,,0,
https://montgomerycountymd.gov/Elections/Resources/Files/pdfs/maps/Precincts/0920_1024.pdf,,,,,,0,
https://montgomerycountymd.gov/Elections/Resources/Files/pdfs/maps/Precincts/0921_1024.pdf,,,,,,0,
https://montgomerycountymd.gov/Elections/Resources/Files/pdfs/maps/Precincts/0922_1024.pdf,,,,,,0,
https://montgomerycountymd.gov/Elections/Resources/Files/pdfs/maps/Precincts/0924.pdf,,,,,,0,
https://montgomerycountymd.gov/Elections/Resources/Files/pdfs/maps/Precincts/0925_1024.pdf,,,,,,0,
https://montgomerycountymd.gov/Elections/Resources/Files/pdfs/maps/Precincts/0926.pdf,,,,,,0,
https://montgomerycountymd.gov/Elections/Resources/Files/pdfs/maps/Precincts/0927_1024.pdf,,,,,,0,
https://montgomerycountymd.gov/Elections/Resources/Files/pdfs/maps/Precincts/0928.pdf,,,,,,0,
https://montgomerycountymd.gov/Elections/Resources/Files/pdfs/maps/Precincts/0929.pdf,,,,,,0,
https://montgomerycountymd.gov/Elections/Resources/Files/pdfs/maps/Precincts/0930.pdf,,,,,,0,
https://montgomerycountymd.gov/Elections/Resources/Files/pdfs/maps/Precincts/0931.pdf,,,,,,0,
https://montgomerycountymd.gov/Elections/Resources/Files/pdfs/maps/Precincts/0932.pdf,,,,,,0,
https://montgomerycountymd.gov/Elections/Resources/Files/pdfs/maps/Precincts/0933_1024.pdf,,,,,,0,
https://montgomerycountymd.gov/Elections/Resources/Files/pdfs/maps/Precincts/0934.pdf,,,,,,0,
https://montgomerycountymd.gov/Elections/Resources/Files/pdfs/maps/Precincts/0935.pdf,,,,,,0,
https://montgomerycountymd.gov/Elections/Resources/Files/pdfs/maps/Precincts/0936.pdf,,,,,,0,
https://montgomerycountymd.gov/Elections/Resources/Files/pdfs/maps/Precincts/0937.pdf,,,,,,0,
https://montgomerycountymd.gov/Elections/Resources/Files/pdfs/maps/Precincts/0938.pdf,,,,,,0,
https://montgomerycountymd.gov/Elections/Resources/Files/pdfs/maps/Precincts/0939.pdf,,,,,,0,
https://montgomerycountymd.gov/Elections/Resources/Files/pdfs/maps/Precincts/0940.pdf,,,,,,0,
https://montgomerycountymd.gov/Elections/Resources/Files/pdfs/maps/Precincts/0941.pdf,,,,,,0,
https://montgomerycountymd.gov/Elections/Resources/Files/pdfs/maps/Precincts/0942.pdf,,,,,,0,
https://montgomerycountymd.gov/Elections/Resources/Files/pdfs/maps/Precincts/0943.pdf,,,,,,0,
https://montgomerycountymd.gov/Elections/Resources/Files/pdfs/maps/Precincts/0944_1024.pdf,,,,,,0,
https://montgomerycountymd.gov/Elections/Resources/Files/pdfs/maps/Precincts/0945.pdf,,,,,,0,
https://montgomerycountymd.gov/Elections/Resources/Files/pdfs/maps/Precincts/0946.pdf,,,,,,0,
https://montgomerycountymd.gov/Elections/Resources/Files/pdfs/maps/Precincts/0947.pdf,,,,,,0,
https://montgomerycountymd.gov/Elections/Resources/Files/pdfs/maps/Precincts/1001.pdf,,,,,,0,
https://montgomerycountymd.gov/Elections/Resources/Files/pdfs/maps/Precincts/1002.pdf,,,,,,0,
https://montgomerycountymd.gov/Elections/Resources/Files/pdfs/maps/Precincts/1003.pdf,,,,,,0,
https://montgomerycountymd.gov/Elections/Resources/Files/pdfs/maps/Precincts/1004.pdf,,,,,,0,
https://montgomerycountymd.gov/Elections/Resources/Files/pdfs/maps/Precincts/1005.pdf,,,,,,0,
https://montgomerycountymd.gov/Elections/Resources/Files/pdfs/maps/Precincts/1006.pdf,,,,,,0,
https://montgomerycountymd.gov/Elections/Resources/Files/pdfs/maps/Precincts/1007.pdf,,,,,,0,
https://montgomerycountymd.gov/Elections/Resources/Files/pdfs/maps/Precincts/1009.pdf,,,,,,0,
https://montgomerycountymd.gov/Elections/Resources/Files/pdfs/maps/Precincts/1010.pdf,,,,,,0,
https://montgomerycountymd.gov/Elections/Resources/Files/pdfs/maps/Precincts/1011.pdf,,,,,,0,
https://montgomerycountymd.gov/Elections/Resources/Files/pdfs/maps/Precincts/1012.pdf,,,,,,0,
https://montgomerycountymd.gov/Elections/Resources/Files/pdfs/maps/Precincts/1013.pdf,,,,,,0,
https://montgomerycountymd.gov/Elections/Resources/Files/pdfs/maps/Precincts/1100_1025.pdf,,,,,,0,
https://montgomerycountymd.gov/Elections/Resources/Files/pdfs/maps/Precincts/1201.pdf,,,,,,0,
https://montgomerycountymd.gov/Elections/Resources/Files/pdfs/maps/Precincts/1202_1025.pdf,,,,,,0,
https://montgomerycountymd.gov/Elections/Resources/Files/pdfs/maps/Precincts/1203.pdf,,,,,,0,
https://montgomerycountymd.gov/Elections/Resources/Files/pdfs/maps/Precincts/1204_1025.pdf,,,,,,0,
https://montgomerycountymd.gov/Elections/Resources/Files/pdfs/maps/Precincts/1205_1025.pdf,,,,,,0,
https://montgomerycountymd.gov/Elections/Resources/Files/pdfs/maps/Precincts/1206.pdf,,,,,,0,
https://montgomerycountymd.gov/Elections/Resources/Files/pdfs/maps/Precincts/1301.pdf,,,,,,0,
https://montgomerycountymd.gov/Elections/Resources/Files/pdfs/maps/Precincts/1302.pdf,,,,,,0,
https://montgomerycountymd.gov/Elections/Resources/Files/pdfs/maps/Precincts/1303.pdf,,,,,,0,
https://montgomerycountymd.gov/Elections/Resources/Files/pdfs/maps/Precincts/1304.pdf,,,,,,0,
https://montgomerycountymd.gov/Elections/Resources/Files/pdfs/maps/Precincts/1305.pdf,,,,,,0,
https://montgomerycountymd.gov/Elections/Resources/Files/pdfs/maps/Precincts/1306_1027.pdf,,,,,,0,
https://montgomerycountymd.gov/Elections/Resources/Files/pdfs/maps/Precincts/1307.pdf,,,,,,0,
https://montgomerycountymd.gov/Elections/Resources/Files/pdfs/maps/Precincts/1308-2.pdf,,,,,,0,
https://montgomerycountymd.gov/Elections/Resources/Files/pdfs/maps/Precincts/1310.pdf,,,,,,0,
https://montgomerycountymd.gov/Elections/Resources/Files/pdfs/maps/Precincts/1311.pdf,,,,,,0,
https://montgomerycountymd.gov/Elections/Resources/Files/pdfs/maps/Precincts/1313.pdf,,,,,,0,
https://montgomerycountymd.gov/Elections/Resources/Files/pdfs/maps/Precincts/1314.pdf,,,,,,0,
https://montgomerycountymd.gov/Elections/Resources/Files/pdfs/maps/Precincts/1315_1027.pdf,,,,,,0,
https://montgomerycountymd.gov/Elections/Resources/Files/pdfs/maps/Precincts/1316_1027.pdf,,,,,,0,
https://montgomerycountymd.gov/Elections/Resources/Files/pdfs/maps/Precincts/1318.pdf,,,,,,0,
https://montgomerycountymd.gov/Elections/Resources/Files/pdfs/maps/Precincts/1319.pdf,,,,,,0,
https://montgomerycountymd.gov/Elections/Resources/Files/pdfs/maps/Precincts/1320.pdf,,,,,,0,
https://montgomerycountymd.gov/Elections/Resources/Files/pdfs/maps/Precincts/1321(1).pdf,,,,,,0,
https://montgomerycountymd.gov/Elections/Resources/Files/pdfs/maps/Precincts/1322.pdf,,,,,,0,
https://montgomerycountymd.gov/Elections/Resources/Files/pdfs/maps/Precincts/1323_1027.pdf,,,,,,0,
https://montgomerycountymd.gov/Elections/Resources/Files/pdfs/maps/Precincts/1324.pdf,,,,,,0,
https://montgomerycountymd.gov/Elections/Resources/Files/pdfs/maps/Precincts/1325_1027.pdf,,,,,,0,
https://montgomerycountymd.gov/Elections/Resources/Files/pdfs/maps/Precincts/1327.pdf,,,,,,0,
https://montgomerycountymd.gov/Elections/Resources/Files/pdfs/maps/Precincts/1328.pdf,,,,,,0,
https://montgomerycountymd.gov/Elections/Resources/Files/pdfs/maps/Precincts/1329_1027.pdf,,,,,,0,
https://montgomerycountymd.gov/Elections/Resources/Files/pdfs/maps/Precincts/1331.pdf,,,,,,0,
https://montgomerycountymd.gov/Elections/Resources/Files/pdfs/maps/Precincts/1332_1027.pdf,,,,,,0,
https://montgomerycountymd.gov/Elections/Resources/Files/pdfs/maps/Precincts/1333.pdf,,,,,,0,
https://montgomerycountymd.gov/Elections/Resources/Files/pdfs/maps/Precincts/1334.pdf,,,,,,0,
https://montgomerycountymd.gov/Elections/Resources/Files/pdfs/maps/Precincts/1335.pdf,,,,,,0,
https://montgomerycountymd.gov/Elections/Resources/Files/pdfs/maps/Precincts/1336.pdf,,,,,,0,
https://montgomerycountymd.gov/Elections/Resources/Files/pdfs/maps/Precincts/1337.pdf,,,,,,0,
https://montgomerycountymd.gov/Elections/Resources/Files/pdfs/maps/Precincts/1338.pdf,,,,,,0,
https://montgomerycountymd.gov/Elections/Resources/Files/pdfs/maps/Precincts/1339.pdf,,,,,,0,
https://montgomerycountymd.gov/Elections/Resources/Files/pdfs/maps/Precincts/1340.pdf,,,,,,0,
https://montgomerycountymd.gov/Elections/Resources/Files/pdfs/maps/Precincts/1342.pdf,,,,,,0,
https://montgomerycountymd.gov/Elections/Resources/Files/pdfs/maps/Precincts/1343_1027.pdf,,,,,,0,
https://montgomerycountymd.gov/Elections/Resources/Files/pdfs/maps/Precincts/1344.pdf,,,,,,0,
https://montgomerycountymd.gov/Elections/Resources/Files/pdfs/maps/Precincts/1345.pdf,,,,,,0,
https://montgomerycountymd.gov/Elections/Resources/Files/pdfs/maps/Precincts/1346.pdf,,,,,,0,
https://montgomerycountymd.gov/Elections/Resources/Files/pdfs/maps/Precincts/1347_1027.pdf,,,,,,0,
https://montgomerycountymd.gov/Elections/Resources/Files/pdfs/maps/Precincts/1349.pdf,,,,,,0,
https://montgomerycountymd.gov/Elections/Resources/Files/pdfs/maps/Precincts/1350.pdf,,,,,,0,
https://montgomerycountymd.gov/Elections/Resources/Files/pdfs/maps/Precincts/1351.pdf,,,,,,0,
https://montgomerycountymd.gov/Elections/Resources/Files/pdfs/maps/Precincts/1352.pdf,,,,,,0,
https://montgomerycountymd.gov/Elections/Resources/Files/pdfs/maps/Precincts/1353.pdf,,,,,,0,
https://montgomerycountymd.gov/Elections/Resources/Files/pdfs/maps/Precincts/1354.pdf,,,,,,0,
https://montgomerycountymd.gov/Elections/Resources/Files/pdfs/maps/Precincts/1355(1).pdf,,,,,,0,
https://montgomerycountymd.gov/Elections/Resources/Files/pdfs/maps/Precincts/1356.pdf,,,,,,0,
https://montgomerycountymd.gov/Elections/Resources/Files/pdfs/maps/Precincts/1357.pdf,,,,,,0,
https://montgomerycountymd.gov/Elections/Resources/Files/pdfs/maps/Precincts/1358.pdf,,,,,,0,
https://montgomerycountymd.gov/Elections/Resources/Files/pdfs/maps/Precincts/1359.pdf,,,,,,0,
https://montgomerycountymd.gov/Elections/Resources/Files/pdfs/maps/precincts/0204.pdf,,,,,,0,
https://montgomerycountymd.gov/Elections/Resources/Files/pdfs/maps/precincts/0210.pdf,,,,,,0,
https://montgomerycountymd.gov/Elections/Resources/Files/pdfs/registration/Cancellation%20Form%20Electronic%20Signature%20English%20Updated.pdf,,,,,,0,
https://montgomerycountymd.gov/Elections/Resources/Files/pdfs/registration/Cancellation%20Form-Electronic%20Signature%20Spanish%20Updated%20120823IA%20(006).pdf,,,,,,0,
https://montgomerycountymd.gov/Elections/Resources/Images/EarlyVoting/2015 approved/EV-1_Mid-County_Community_Recreation_Center.jpg,200,,,,,0,
https://montgomerycountymd.gov/Elections/Resources/Images/EarlyVoting/2015 approved/EV-3_Germantown_Community.jpg,200,,,,,0,
https://montgomerycountymd.gov/Elections/Resources/Images/EarlyVoting/2015 approved/EV-4_Marilyn_J_Praisner_Community.jpg,200,,,,,0,
https://montgomerycountymd.gov/Elections/Resources/Images/EarlyVoting/2015 approved/EV-8-Jane_E_Lawton.jpg,200,,,,,0,
https://montgomerycountymd.gov/Elections/Resources/Images/EarlyVoting/2016/Silver Spring Civic Building.jpg,200,,,,,0,
https://montgomerycountymd.gov/Elections/Resources/Images/EarlyVoting/2016/Wheaton.jpg,200,,,,,0,
https://montgomerycountymd.gov/Elections/Resources/Images/EarlyVoting/2022/Bauer%20Drive%20EV14.jpg,200,,,,,0,
https://montgomerycountymd.gov/Elections/Resources/Images/EarlyVoting/2022/Dacek%20EV-13.jpg,200,,,,,0,
https://montgomerycountymd.gov/Elections/Resources/Images/EarlyVoting/2022/Potomac EV10.jpg,200,,,,,0,
https://montgomerycountymd.gov/Elections/Resources/Images/EarlyVoting/2022/White Oak EV-12.jpg,200,,,,,0,
https://montgomerycountymd.gov/Elections/Resources/Images/EarlyVoting/sandy spring.jpg,200,,,,,0,
https://montgomerycountymd.gov/Elections/election-day-information.html,200,"Election Day Information - Board of Elections - Montgomery County, Maryland",Gubernatorial Election Information,,,153,"Gubernatorial Election Information
2026 Gubernatorial Election Primary Dates
Early Voting- June 11, 2026 through June 18, 2026
- June 23, 2026
2026 Gubernatorial Election General Dates
Early Voting- October 22, 2026 through October 29, 2026
- November 3, 2026
Your voter information
- Use the Voter Lookup, or
- Text CHECK to 77788
Learn more
Learn more about voting:
- Access by Voters with Disabilities (Maryland State Board of Elections)
- How ballots are reviewed and counted in Maryland (Maryland State Board of Elections)
- Rules and Information for Voters (Maryland State Board of Elections)
- Provisional Voting (Maryland State Board of Elections)
- Recount Guide (Maryland State Board of Elections)
- Voting System Overview (Maryland State Board of Elections)
- Voting FAQ (Maryland Attorney General)
- The Electoral College (Maryland State Board of Elections)
- Same Day Voter Registration - review the tab labeled ""The Registration Process"" (Maryland State Board of Elections)"
https://montgomerycountymd.gov/Elections/registration/VoterRegistration.html,200,"MONTGOMERY COUNTY, MD - DEPARTMENTS AND AGENCIES",Voter Registration,,,253,"Voter Registration
2026 Primary Election Voter Registration Deadlines
Deadlines to register in advance to vote OR to update name, address, and/or party affiliation are provided below.
- 2026 Primary Election: Tuesday June 2, 2026 (5:00 pm )
Election Day is June 23, 2026.
Eligible Maryland residents may register to vote, at a polling place, during early voting and on Election Day for the General Election.
Already registered Maryland voters may update their residential or mailing address during early voting for the General Election.
Register to Vote or Update Your Existing Registration Information
All registered voters are required to keep their voter registration information current. To participate in a party’s primary election, you must be affiliated with the party.
If you are already registered to vote in Maryland, you can:
- Check your voter registration by visiting Voter Lookup (maryland.gov) or texting CHECK to 77788.
- Update your name, address and/or party affiliation by visiting Voter Registration Update (maryland.gov) or texting UPDATE to 77788.
You can register to vote or update your name, address and/or party affiliation by:
- Using the State of Maryland Board of Elections Online Voter Registration System (online option requires a Maryland issued Driving License or ID)
- Completing and returning a Voter registration form to the Montgomery County Board of Elections
- Visiting Montgomery County Board of Elections
Voter Registration Forms
Large type forms are available upon request. Email voter.registration@montgomerycountymd.gov or call 240-777-8519 to request a large type format form or if you have any questions concerning voter registration."
https://montgomerycountymd.gov/Elections/resident-voter-information.html,200,Montgomery County Resident / Voter Information,Resident / Voter Information,,,508,"Skip to main content
An official website of
Montgomery County, Maryland
An official website of
Montgomery County, Maryland
MC311
Board of Elections
Search String
Search
×
Translate
Select Language
Abkhaz
Acehnese
Acholi
Afar
Afrikaans
Albanian
Alur
Amharic
Arabic
Armenian
Assamese
Avar
Awadhi
Aymara
Azerbaijani
Balinese
Baluchi
Bambara
Baoulé
Bashkir
Basque
Batak Karo
Batak Simalungun
Batak Toba
Belarusian
Bemba
Bengali
Betawi
Bhojpuri
Bikol
Bosnian
Breton
Bulgarian
Buryat
Cantonese
Catalan
Cebuano
Chamorro
Chechen
Chichewa
Chinese (Simplified)
Chinese (Traditional)
Chuukese
Chuvash
Corsican
Crimean Tatar (Cyrillic)
Crimean Tatar (Latin)
Croatian
Czech
Danish
Dari
Dhivehi
Dinka
Dogri
Dombe
Dutch
Dyula
Dzongkha
Esperanto
Estonian
Ewe
Faroese
Fijian
Filipino
Finnish
Fon
French
French (Canada)
Frisian
Friulian
Fulani
Ga
Galician
Georgian
German
Greek
Guarani
Gujarati
Haitian Creole
Hakha Chin
Hausa
Hawaiian
Hebrew
Hiligaynon
Hindi
Hmong
Hungarian
Hunsrik
Iban
Icelandic
Igbo
Ilocano
Indonesian
Inuktut (Latin)
Inuktut (Syllabics)
Irish
Italian
Jamaican Patois
Japanese
Javanese
Jingpo
Kalaallisut
Kannada
Kanuri
Kapampangan
Kazakh
Khasi
Khmer
Kiga
Kikongo
Kinyarwanda
Kituba
Kokborok
Komi
Konkani
Korean
Krio
Kurdish (Kurmanji)
Kurdish (Sorani)
Kyrgyz
Lao
Latgalian
Latin
Latvian
Ligurian
Limburgish
Lingala
Lithuanian
Lombard
Luganda
Luo
Luxembourgish
Macedonian
Madurese
Maithili
Makassar
Malagasy
Malay
Malay (Jawi)
Malayalam
Maltese
Mam
Manx
Maori
Marathi
Marshallese
Marwadi
Mauritian Creole
Meadow Mari
Meiteilon (Manipuri)
Minang
Mizo
Mongolian
Myanmar (Burmese)
Nahuatl (Eastern Huasteca)
Ndau
Ndebele (South)
Nepalbhasa (Newari)
Nepali
NKo
Norwegian
Nuer
Occitan
Odia (Oriya)
Oromo
Ossetian
Pangasinan
Papiamento
Pashto
Persian
Polish
Portuguese (Brazil)
Portuguese (Portugal)
Punjabi (Gurmukhi)
Punjabi (Shahmukhi)
Quechua
Qʼeqchiʼ
Romani
Romanian
Rundi
Russian
Sami (North)
Samoan
Sango
Sanskrit
Santali (Latin)
Santali (Ol Chiki)
Scots Gaelic
Sepedi
Serbian
Sesotho
Seychellois Creole
Shan
Shona
Sicilian
Silesian
Sindhi
Sinhala
Slovak
Slovenian
Somali
Spanish
Sundanese
Susu
Swahili
Swati
Swedish
Tahitian
Tajik
Tamazight
Tamazight (Tifinagh)
Tamil
Tatar
Telugu
Tetum
Thai
Tibetan
Tigrinya
Tiv
Tok Pisin
Tongan
Tshiluba
Tsonga
Tswana
Tulu
Tumbuka
Turkish
Turkmen
Tuvan
Twi
Udmurt
Ukrainian
Urdu
Uyghur
Uzbek
Venda
Venetian
Vietnamese
Waray
Welsh
Wolof
Xhosa
Yakut
Yiddish
Yoruba
Yucatec Maya
Zapotec
Zulu
Powered by
Translate
Board of Elections Home
Voting
Access for Voters with Disabilities
Change of Address
Early Voting
Overseas / Military Voters
Provisional Voting
Voting System
Voter Registration
Online Voter Registration
Become a Voter Registration Distributor
Verify Your Voter Registration
Video on How to Verify Your Registration
Voting Rights for Students
Voter Registration Questions
Voter Registration List Maintenance
Election Workers
Program Overview
Getting Started
Position Description/Payment
EJ Connection
Important Dates
High School Election Workers
Frequently Asked Questions
Contact Recruitment
Future Vote
High School Election Workers
FAQ's
Board Meeting
Board Members
Bylaws (PDF)
Meetings
Public Participation
Redistricting
Section 203
Candidates
2026 Candidate Listings
Become a Candidate
Candidate Filing FAQs (PDF)
Candidate Information
Campaign Finance
Financial Disclosure Requirements
Montgomery County Public Election Fund
Offices to Appear on Ballot (PDF)
Policy Regarding Candidate/Campaign Use of Board of Elections Photographs (PDF)
Precincts and Districts
Elected Officials
Resident / Voter Information
Become a Voter Registrar
Information and Instructions for Challengers, Watchers, and Other Election Observers
Monthly Statistics
Petitions and Referendums
Products and Services
Voting Rights for 17 Year Olds
Go Top
Original text
Rate this translation
Your feedback will be used to help improve Google Translate"
https://montgomerycountymd.gov/accessibility,200,"Accessibility - Montgomery County, MD","Montgomery County, MD",Accessibility,,495,"Accessibility
- Web Accessibility Policy Statement
- Accessibility Tips for Using the Web Site
- Web Site Plug-ins
- Alternative Format Requests for People with disabilities
- Web Accessibility Contact Information
- Americans with Disabilities Act (ADA) Compliance
Web Accessibility Policy Statement
At the core of Montgomery County’s commitment to making its programs, services, activities, and facilities accessible to all members of the public, including qualified individuals with disabilities, is Title II of the Americans with Disabilities Act (ADA). The County’s Internet web sites play a vital role in providing such access and conforming to Title II ensures County departments comply with this policy.
Accessibility Tips for Using the Web Site
Helpful tips and instructions on how to magnify a browser screen, enlarge text or change the text or background colors, or navigate using a keyboard in order to properly view web pages are provided below:
Web Site Plug-ins
There are numerous files, documents, forms, and brochures hosted on Montgomery County Websites that require a plug-in or software to display. Many of these files, including Portable Document Format (PDF) files and Microsoft Office files (Excel, Word, Powerpoint, etc...), are very common. Consequently, you may already have the plug-in(s) or software installed on your computer to display, download, and print these files. However, if you don't, then please use the links listed below to download and install a plug-in that you may need.
- Adobe Reader (PDF files)
- Winzip
Alternative Format Requests for People with Disabilities
Please submit alternative format requests to the ADA Compliance Manager. The ADA Compliance Manager can also be reached at 240-777-6197 (TTY 240-777-6196) or at adacompliance@montgomerycountymd.gov.
Alternate format requests should include the following information:
- Contact information of the person requesting the alternative format (phone, email, first name, last name)
- The Web Address (URL) of the web page(s) which contain the requested information
- The nature of the accessibility need
- Preferred alternative format type (i.e. audio presentation, text file, large print, voice call back, etc…)
- Preferred medium (i.e. regular mail, email attachment, text message, fax, phone call, etc…)
Web Accessibility Contact Information
- The County ADA Compliance Manager provides technical assistance to departments and disability awareness for staff. The Compliance Manager also responds to questions or concerns about the accessibility of County government programs, services, activities or facilities.
- The ADA Compliance Manager can be reached at 240-777-6197 (MD Relay 711) or at adacompliance@montgomerycountymd.gov.
- Disability discrimination complaints involving businesses, non-profit agencies, and other private sector organizations located in Montgomery County, including multi-family housing providers, are handled by Montgomery County’s Office of Human Rights at 240-777-8450.
- For additional information about aging and disability services for individuals in Montgomery County, contact the Aging and Disability Services Unit by calling 240-777-3000 or via email at hhsmail@montgomerycountymd.gov. Information on a wide range of disability issues is also available on the Department of Health and Human Services (HHS) web site.
- Other useful County Accessibility web pages are provided below:"
https://montgomerycountymd.gov/code,200,"Montgomery County, MD County Code","Montgomery County, MD",,,230,"The Charter and County Code
The Montgomery County Code, Zoning Ordinance, and Code of Montgomery County Regulations (COMCOR), as well as published County Attorney Opinions, are available on the web site of American Legal Publishing. They can be accessed from any computer connected to the Internet and at all Montgomery County libraries via public Internet computers.
Effective April 2014, the Office of the County Attorney will no longer handle the sale of the County Code, Zoning Ordinance, and COMCOR. The contractor, American Legal Publishing, will provide this service. You may contact them at 1-800-445-5588 or visit website.
Single copies of the County Charter are available for free by sending a self addressed, stamped, legal envelope to the Office of Public Information, 101 Monroe Street, 4th Floor, Rockville, MD 20850.
County Code
The County Code, hosted by American Legal Publishing, includes the following:
- County Charter
- Local Laws and Ordinances
- Special Taxing Area Laws and Regulations
- Council Rules of Procedure
- Board of License Commissioners Rules and Regulations
- Zoning Amendment Procedures
- Personnel Regulations
- Board of Appeals Rules of Procedure
- Human Relations Commission Regulations
- Landlord-Tenant Affairs Commission Regulations
- Board of Health Resolutions
Maryland Public Information Act
Zoning Ordinance
- Zoning Ordinance effective 2014 (Volume 4 of the County Code, Chapter 59)
- Zoning Ordinance (2004 - 2014)
Applicability of County Laws to Municipalities"
https://montgomerycountymd.gov/elections,200,Montgomery County Board of Elections - Home Page,,,,412,"Candidate Filing for the 2026 Gubernatorial Election
If you would like information on Candidate Filing or to request the necessary forms, please contact us at 240 777 8610.
Candidate Filing for the 2026 Gubernatorial Election cycle is open through 9 PM, Tuesday February 24 th.
If you would like information on Candidate Filing or to request the necessary forms, please contact us at 240 777 8610 or email us at CandidateFiling@montgomerycountymd.gov .
Next Board Meeting: March 16, 2026 at 3:00 p.m. - Agenda (PDF)
The Board invites campaigns and candidates who have or will file for the upcoming primary election to join the meeting and learn relevant election related information or ask questions.
Join the Board Meeting via Zoom or in-person. Or, join the meeting by calling 301-715-8592 and providing the Meeting ID (851 0554 5390) Passcode (593584). Visit the Board's Meeting page for additional information, to obtain meeting documents, to address the Board during the Public Comments period, sign-up to receive notification regarding scheduled Board discussion on polling place changes , and/or to view recordings of past meetings. Also, learn about how the Board has made its meetings more transparent since 2014.
The Board asks that all online and in-person observers of its meetings or canvass sessions provide their full names when signing in to attend. Thank you.
State of Maryland Board of Elections - Voter Services
Upcoming Events
Media Advisories
Videos
- How To Vote - A transcript is provided by the State of Maryland Board of Elections for this video.
- The Provisional Voting Process: An Overview - A transcript for this video is provided by the State of Maryland Board of Elections.
Hot Topics
Hot Topics
Election Maps
Countywide Board of Education Districts, Congressional Districts, County Council Districts, County Election Districts and Precincts, individual Precincts, and State Legislative Districts maps are available.
Elections Results
The State of Maryland Board of Elections and the Montgomery County Board of Elections provides past primary and general election results and reports.
Resident / Voter Information
Information regarding election challengers & watchers, voting rights for 17 year olds, voter registrars, products & services, petitions & referendums, and monthly statistics are available.
Voting Locations
County Polling Place lists, sorted by polling place number and by name, no electioneering boundaries, and early voting locations are provided.
Send Us a Text
Send a text to check your voter registration, to find a early voting center, to request a mail-in ballot, or to find a dropbox, etc..."
https://montgomerycountymd.gov/elections/ElectionJudge/Overview.html,200,Election Judge - Program Overview,Election Worker - Program Overview,,,840,"Election Worker - Program Overview
What is an Election Worker
Election Workers are registered Maryland voters who volunteer to assist voters during elections. About 4,000 volunteers are needed for each election. They assist in safeguarding integrity of the process and to ensure the fair and efficient operation of in-person voting at 14 early voting centers and 231election day polling places in Montgomery County. They also help collect and count ballots cast by mail, at nursing homes, or placed in drop boxes.
Election Worker Roles
There are different roles you can volunteer for:
- Election Judges - Assist in facilitating in-person voting during Early Voting or on Election Day
- Drop Box Runners – Pick up mail-in ballots from drop boxes
- Canvassers – Help count mail-in ballots
- Nursing Home Program Participants – Help voters in designated nursing homes
Some service positions are all day, and others are part of the day. Some positions require experience or a car.
View a complete list of all Early Voting and Election Day Roles
Page Sections
- What Is An Election Worker?
- Qualifications
- ADA Statement
- Bilingual Election Workers and the Voting Rights Act
- Election Worker Code of Conduct
- Election Worker Training
- Apply to be an Election Worker/Election Judge
- Inclement Weather Policy and Emergency Notifications via Alert Montgomery
- Election Worker Contact Information
Qualifications
To participate you must:
- Be a U.S. citizen and registered to vote in Maryland.
- Be 16 years or older. If you are under 18, you will need a signed Permission slip .
- Successfully complete all training.
- Not be legally prohibited from entering onto the property of a school or being near children.
- Speak, read, and write English clearly.
- Not be a campaign manager or campaign treasurer
- Not currently holding or running for elected office.
- Be able to work the full hours of your assigned role.
- Be able to lift about 25 pounds with help
- Be kind and patient with voters and fellow volunteers.
Election Worker Code of Conduct
To ensure that Montgomery County citizens are provided with the best election experience, we ask that Election Workers adhere to the Election Worker Code of Conduct (COC) which governs individual responsibilities and polling place behavior. Violation of the Codes of Conduct may result in removal from the Montgomery County Election Worker program. The Code of Conduct will be reviewed and signed in training.
Election Workers must follow the Code of Conduct. You will learn about these rules and sign them during training. Violation of the Codes of Conduct may result in removal from the Election Worker Program
Bilingual Election Workers
Every polling place must have one (1) volunteer bilingual in Spanish to help voters, as required by law (Voting Rights Act, Section 203). Besides volunteers who speak Spanish, we also need volunteers who speak Chinese, Korean, Vietnamese, French and other languages to help voters who request language assistance when voting.
Stipend and Returning Bonus
Election Workers receive a stipend for their training and service based on their position. To get paid, you must:
- Provide your full Social Security Number.
- Successfully complete all training.
- Fulfill assigned election duties.
If you served as an Election Judge in 2024, you will receive a bonus in 2026:
- $100 for each full day served at a polling place.
- $50 for each part day served at a polling place.
- If you last served in the 2022 election (or earlier) or served in 2024 as a Canvasser, Drop Box Runner, or were a Nursing Home Program participant, you are not eligible to receive a bonus in 2026.
ADA Statement
All training locations and voting places in Montgomery County are accessible. If you need accommodations or have questions, a Board of Elections recruiter can assist you.
Election Worker Training
You are required to complete training to serve .
- Election Judges - Complete an online training, take a quiz, and attend an in-person training class for their specific assigned position (s)
- Canvassers – Attend an in-person training class before you start
- Nursing Home Program Participants – Attend an in-person training class before you start
- Drop Box Runners – Attend an in-person training class at the Board of Elections. You will also visit a drop box to learn proper procedures.
Ready to Apply?
You can apply any time, but if you want to volunteer to serve in a specific election, apply today!
Complete your online application.
Contact Information
- Phone: 240-777-8533
- Email: election.judge@montgomerycountymd.gov
- Fax: 240-777-8578
- Mailing Address:
Montgomery County Board of Elections
18753 North Frederick Avenue, Suite 210
Gaithersburg, MD 20879
Inclement Weather Policy
- We use Alert Montgomery to send messages if there is bad weather or an emergency. Sign up at Montgomery Alerts for text and/or email alerts
- Check www.777vote.org for updates
- If Montgomery County Government is closed, the Board of Elections is closed.
- All training classes for the day will be canceled. Call 240-777-8533 for updates"
https://montgomerycountymd.gov/elections/FrequentlyAskedQuestions/faqs.html,200,Frequently Asked Questions,Montgomery County Board of Elections  -  Frequently Asked Questions,,,495,"Skip to main content
An official website of
Montgomery County, Maryland
An official website of
Montgomery County, Maryland
MC311
Board of Elections
Search String
Search
×
Translate
Select Language
Abkhaz
Acehnese
Acholi
Afar
Afrikaans
Albanian
Alur
Amharic
Arabic
Armenian
Assamese
Avar
Awadhi
Aymara
Azerbaijani
Balinese
Baluchi
Bambara
Baoulé
Bashkir
Basque
Batak Karo
Batak Simalungun
Batak Toba
Belarusian
Bemba
Bengali
Betawi
Bhojpuri
Bikol
Bosnian
Breton
Bulgarian
Buryat
Cantonese
Catalan
Cebuano
Chamorro
Chechen
Chichewa
Chinese (Simplified)
Chinese (Traditional)
Chuukese
Chuvash
Corsican
Crimean Tatar (Cyrillic)
Crimean Tatar (Latin)
Croatian
Czech
Danish
Dari
Dhivehi
Dinka
Dogri
Dombe
Dutch
Dyula
Dzongkha
Esperanto
Estonian
Ewe
Faroese
Fijian
Filipino
Finnish
Fon
French
French (Canada)
Frisian
Friulian
Fulani
Ga
Galician
Georgian
German
Greek
Guarani
Gujarati
Haitian Creole
Hakha Chin
Hausa
Hawaiian
Hebrew
Hiligaynon
Hindi
Hmong
Hungarian
Hunsrik
Iban
Icelandic
Igbo
Ilocano
Indonesian
Inuktut (Latin)
Inuktut (Syllabics)
Irish
Italian
Jamaican Patois
Japanese
Javanese
Jingpo
Kalaallisut
Kannada
Kanuri
Kapampangan
Kazakh
Khasi
Khmer
Kiga
Kikongo
Kinyarwanda
Kituba
Kokborok
Komi
Konkani
Korean
Krio
Kurdish (Kurmanji)
Kurdish (Sorani)
Kyrgyz
Lao
Latgalian
Latin
Latvian
Ligurian
Limburgish
Lingala
Lithuanian
Lombard
Luganda
Luo
Luxembourgish
Macedonian
Madurese
Maithili
Makassar
Malagasy
Malay
Malay (Jawi)
Malayalam
Maltese
Mam
Manx
Maori
Marathi
Marshallese
Marwadi
Mauritian Creole
Meadow Mari
Meiteilon (Manipuri)
Minang
Mizo
Mongolian
Myanmar (Burmese)
Nahuatl (Eastern Huasteca)
Ndau
Ndebele (South)
Nepalbhasa (Newari)
Nepali
NKo
Norwegian
Nuer
Occitan
Odia (Oriya)
Oromo
Ossetian
Pangasinan
Papiamento
Pashto
Persian
Polish
Portuguese (Brazil)
Portuguese (Portugal)
Punjabi (Gurmukhi)
Punjabi (Shahmukhi)
Quechua
Qʼeqchiʼ
Romani
Romanian
Rundi
Russian
Sami (North)
Samoan
Sango
Sanskrit
Santali (Latin)
Santali (Ol Chiki)
Scots Gaelic
Sepedi
Serbian
Sesotho
Seychellois Creole
Shan
Shona
Sicilian
Silesian
Sindhi
Sinhala
Slovak
Slovenian
Somali
Spanish
Sundanese
Susu
Swahili
Swati
Swedish
Tahitian
Tajik
Tamazight
Tamazight (Tifinagh)
Tamil
Tatar
Telugu
Tetum
Thai
Tibetan
Tigrinya
Tiv
Tok Pisin
Tongan
Tshiluba
Tsonga
Tswana
Tulu
Tumbuka
Turkish
Turkmen
Tuvan
Twi
Udmurt
Ukrainian
Urdu
Uyghur
Uzbek
Venda
Venetian
Vietnamese
Waray
Welsh
Wolof
Xhosa
Yakut
Yiddish
Yoruba
Yucatec Maya
Zapotec
Zulu
Powered by
Translate
Board of Elections Home
Voting
Access for Voters with Disabilities
Change of Address
Early Voting
Overseas / Military Voters
Provisional Voting
Voting System
Voter Registration
Online Voter Registration
Become a Voter Registration Distributor
Verify Your Voter Registration
Video on How to Verify Your Registration
Voting Rights for Students
Voter Registration Questions
Voter Registration List Maintenance
Election Workers
Program Overview
Getting Started
Position Description/Payment
EJ Connection
Important Dates
High School Election Workers
Frequently Asked Questions
Contact Recruitment
Future Vote
High School Election Workers
FAQ's
Board Meeting
Board Members
Bylaws (PDF)
Meetings
Public Participation
Redistricting
Section 203
Candidates
2026 Candidate Listings
Become a Candidate
Candidate Filing FAQs (PDF)
Candidate Information
Campaign Finance
Financial Disclosure Requirements
Montgomery County Public Election Fund
Offices to Appear on Ballot (PDF)
Policy Regarding Candidate/Campaign Use of Board of Elections Photographs (PDF)
Precincts and Districts
Elected Officials
Montgomery County Board of Elections - Frequently Asked Questions
Future Vote
Election Workers
Voter Registration
State Board of Elections
Go Top
Original text
Rate this translation
Your feedback will be used to help improve Google Translate"
https://montgomerycountymd.gov/elections/FutureVote/school-poll-workers.html,200,High School Poll Workers - Montgomery County MD,High School Election Worker Program,,,447,"High School Election Worker Program
The Montgomery County Board of Elections High School Election Worker Program provides students with an exciting opportunity to serve as election workers and/or election judge.
As an election Judge, depending on the number of days served, you will earn up to a minimum $250 stipend per full day or Student Service-Learning hours. Individuals who served in the previous election cycle will receive a $100 bonus per full day served ($50 for part-day shifts), along with a great hands-on introduction to the democratic process.
Benefits of Being a Student Election Worker
- Earn up to 25 Student Service Learning (SSL) hours per day of service
- Hands-on introduction to the democratic process
- Looks great on college/scholarship applications and resumes
- Earn up to a minimum $250 stipend per full day.
- Earn up to $50 for completing training
- Position description , stipend, and corresponding SSL hours
Requirements
Interested students must meet the following requirements to participate as a student election worker/judge:
- Must be at least 16 years of age by the time of registration
- U.S. Citizen
- Registered to vote in Maryland
- Must have parental consent for workers under 18 years old
Apply to be a Student Election Worker
- Students already registered to vote in Maryland, must submit an application online.
- Students NOT registered to vote in Maryland, download, complete and mail the following three forms. PLEASE PRINT NEATLY!
- Maryland Voter Registration
- Election Worker Application
- Permission Slip (for workers under 18 years old)
Mailing Address:
Election Worker Program
18753 N. Frederick Avenue, Suite 210
Gaithersburg, MD 20879
Election Worker / Judge Responsibilities after Submitting Forms or Applying Online
Once the application has been processed, your Recruiter will send you important instructions. You must complete the following steps before being assigned to serve during Early Voting or on Election Day.
- Step I: Take online Quiz after reviewing materials sent by the Montgomery County Board of Elections
- Step II: Attend In-person training
Stipend Vs. Student Service Learning (SSL) Hours
For your service, you may either earn a stipend (payment) or Student Service-Learning Hours (SSL). Your social security number must be submitted to receive stipend (payment). This can be provided once application has been processed and submitted in EJ Connection. If you wish to receive SSL hours for your service, you do not need to provide your Social Security Number. SSL hours and applicable form will be emailed within six weeks after the election. The SSL form must be submitted to the corresponding MCPS SSL Coordinator ( MCPS list) or staff.
Election Worker Contact Information
General Information: 240-777-8533
Email: mail to: election.judge@montgomerycountymd.gov
Fax: 240-777-8578"
https://montgomerycountymd.gov/elections/calendar.html,200,Montgomery County Board of Elections: Calendar,Board of Elections Calendar,,,548,"Skip to main content
An official website of
Montgomery County, Maryland
An official website of
Montgomery County, Maryland
MC311
Board of Elections
Search String
Search
×
Translate
Select Language
Abkhaz
Acehnese
Acholi
Afar
Afrikaans
Albanian
Alur
Amharic
Arabic
Armenian
Assamese
Avar
Awadhi
Aymara
Azerbaijani
Balinese
Baluchi
Bambara
Baoulé
Bashkir
Basque
Batak Karo
Batak Simalungun
Batak Toba
Belarusian
Bemba
Bengali
Betawi
Bhojpuri
Bikol
Bosnian
Breton
Bulgarian
Buryat
Cantonese
Catalan
Cebuano
Chamorro
Chechen
Chichewa
Chinese (Simplified)
Chinese (Traditional)
Chuukese
Chuvash
Corsican
Crimean Tatar (Cyrillic)
Crimean Tatar (Latin)
Croatian
Czech
Danish
Dari
Dhivehi
Dinka
Dogri
Dombe
Dutch
Dyula
Dzongkha
Esperanto
Estonian
Ewe
Faroese
Fijian
Filipino
Finnish
Fon
French
French (Canada)
Frisian
Friulian
Fulani
Ga
Galician
Georgian
German
Greek
Guarani
Gujarati
Haitian Creole
Hakha Chin
Hausa
Hawaiian
Hebrew
Hiligaynon
Hindi
Hmong
Hungarian
Hunsrik
Iban
Icelandic
Igbo
Ilocano
Indonesian
Inuktut (Latin)
Inuktut (Syllabics)
Irish
Italian
Jamaican Patois
Japanese
Javanese
Jingpo
Kalaallisut
Kannada
Kanuri
Kapampangan
Kazakh
Khasi
Khmer
Kiga
Kikongo
Kinyarwanda
Kituba
Kokborok
Komi
Konkani
Korean
Krio
Kurdish (Kurmanji)
Kurdish (Sorani)
Kyrgyz
Lao
Latgalian
Latin
Latvian
Ligurian
Limburgish
Lingala
Lithuanian
Lombard
Luganda
Luo
Luxembourgish
Macedonian
Madurese
Maithili
Makassar
Malagasy
Malay
Malay (Jawi)
Malayalam
Maltese
Mam
Manx
Maori
Marathi
Marshallese
Marwadi
Mauritian Creole
Meadow Mari
Meiteilon (Manipuri)
Minang
Mizo
Mongolian
Myanmar (Burmese)
Nahuatl (Eastern Huasteca)
Ndau
Ndebele (South)
Nepalbhasa (Newari)
Nepali
NKo
Norwegian
Nuer
Occitan
Odia (Oriya)
Oromo
Ossetian
Pangasinan
Papiamento
Pashto
Persian
Polish
Portuguese (Brazil)
Portuguese (Portugal)
Punjabi (Gurmukhi)
Punjabi (Shahmukhi)
Quechua
Qʼeqchiʼ
Romani
Romanian
Rundi
Russian
Sami (North)
Samoan
Sango
Sanskrit
Santali (Latin)
Santali (Ol Chiki)
Scots Gaelic
Sepedi
Serbian
Sesotho
Seychellois Creole
Shan
Shona
Sicilian
Silesian
Sindhi
Sinhala
Slovak
Slovenian
Somali
Spanish
Sundanese
Susu
Swahili
Swati
Swedish
Tahitian
Tajik
Tamazight
Tamazight (Tifinagh)
Tamil
Tatar
Telugu
Tetum
Thai
Tibetan
Tigrinya
Tiv
Tok Pisin
Tongan
Tshiluba
Tsonga
Tswana
Tulu
Tumbuka
Turkish
Turkmen
Tuvan
Twi
Udmurt
Ukrainian
Urdu
Uyghur
Uzbek
Venda
Venetian
Vietnamese
Waray
Welsh
Wolof
Xhosa
Yakut
Yiddish
Yoruba
Yucatec Maya
Zapotec
Zulu
Powered by
Translate
Board of Elections Home
Voting
Access for Voters with Disabilities
Change of Address
Early Voting
Overseas / Military Voters
Provisional Voting
Voting System
Voter Registration
Online Voter Registration
Become a Voter Registration Distributor
Verify Your Voter Registration
Video on How to Verify Your Registration
Voting Rights for Students
Voter Registration Questions
Voter Registration List Maintenance
Election Workers
Program Overview
Getting Started
Position Description/Payment
EJ Connection
Important Dates
High School Election Workers
Frequently Asked Questions
Contact Recruitment
Future Vote
High School Election Workers
FAQ's
Board Meeting
Board Members
Bylaws (PDF)
Meetings
Public Participation
Redistricting
Section 203
Candidates
2026 Candidate Listings
Become a Candidate
Candidate Filing FAQs (PDF)
Candidate Information
Campaign Finance
Financial Disclosure Requirements
Montgomery County Public Election Fund
Offices to Appear on Ballot (PDF)
Policy Regarding Candidate/Campaign Use of Board of Elections Photographs (PDF)
Precincts and Districts
Elected Officials
Board of Elections Calendar
Please update your browser to view the iframe content.
Please update your browser to view the iframe content.
Your browser must support JavaScript to view this content. Please enable JavaScript in your browser settings then try again.
Events calendar powered by Trumba
Election Calendars
Media Advisories
Media Guide
Monthly Statistics
Other Calendars
State of Maryland Board of Elections
Montgomery County Board of Elections Community Engagement and Outreach Events
Go Top
Original text
Rate this translation
Your feedback will be used to help improve Google Translate"
https://montgomerycountymd.gov/elections/dropbox.html,200,Montgomery County Board of Elections - Drop boxes,Maryland State Board of Elections |Junta Electoral del Estado de Maryland,,,1175,"Maryland State Board of Elections | Junta Electoral del Estado de Maryland
Montgomery County - Ballot Drop Off Locations for the 2024 Presidential General Election Condado de Montgomery – Ubicaciones de buzones de entrega de papeletas para las elecciones general presidenciales del 2024
You can return your ballot by mail, or you can drop off your completed, voted ballot at one of the 58 official Montgomery County Board of Elections drop boxes. Simply place your completed ballot in the return envelope, sign the oath on the return envelope, seal the return envelope, and take your ballot to a drop box. Ballot drop boxes will be installed by September 17, 2024, for the 2024 presidential general election. Drop boxes will be available from Friday, September 20, 2024, through 8PM, Tuesday, November 5th. Please make sure your oath is signed on the return envelope or the ballot will not count. Ballot drop boxes are under 24/7 video surveillance. Ballots are retrieved from drop boxes daily by bipartisan election teams. The drop boxes are not the property of the United States Postal Service. For the location and availability of a nearby drop box and/or post office, text BOX + your location's Zip Code to 77788 (Example: BOX 20879). If you have any questions, please contact the Montgomery County Board of Elections at 240-777-8500.
Puede devolver su papeleta por correo o puede dejarla completa y votada en uno de los 58 buzones oficiales de la Junta Electoral de Condado de Montgomery. Simplemente coloque su papeleta completa en el sobre de devolución, firme el juramento en el sobre de devolución, selle el sobre de devolución y lleve su papeleta a un buzón. Los buzones estarán disponibles desde el viernes, 20 de septiembre de 2024 hasta las 8 p. m. del martes, 5 de noviembre. Asegúrese de que su juramento esté firmado en el sobre de devolución o la papeleta no contará. Los buzones de votación están bajo vigilancia por video las 24 horas, los 7 días de la semana. Los equipos electorales bipartidistas retiran diariamente las papeletas de los buzones. Los buzones no son propiedad del Servicio Postal de los Estados Unidos. Para conocer la ubicación y la disponibilidad de un buzón y/o una oficina postal cercana, envíe un mensaje de texto con la palabra BUZON y el código postal de su ubicación al 77788 (Ejemplo: BUZON 20879). Si tiene alguna pregunta, comuníquese con la Junta Electoral del Condado de Montgomery al 240-777-8500.
Other ways to find drop boxes
- See map of drop box locations
- Text BOX and your ZIP code to 77788
Drop boxes to be available from September 20th through 8 p.m. November 5, 2024. | Los buzones estarán disponibles del 20 de septiembre hasta les 8 p.m. del 5 de noviembre 2024.
Activity Center at Bohrer Park
506 South Frederick Avenue
Gaithersburg, MD 20877
Albert Einstein High School
11135 Newport Mill Road
Kensington, MD 20895
Asbury Methodist Village
409 Russell Ave
Gaithersburg, MD 20877
Bauer Drive Community Recreation Center
14625 Bauer Drive
Rockville, MD 20853
Bethesda-Chevy Chase High School
4301 East-West Highway
Bethesda, MD 20814
Bette Carol Thompson Scotland Neighborhood Recreation Center
7700 Scotland Drive
Potomac, MD 20854
City of Rockville - City Hall
111 Maryland Avenue
Rockville, MD 20850
(City Hall Parking Lot | Estacionamiento de la Municipalidad) (Drive-up Box)
Clarksburg High School
22500 Wims Road
Clarksburg, MD 20871
Col. Zadok Magruder High School
5939 Muncaster Mill Road
Rockville, MD 20855
Damascus Community Recreation Center
25520 Oak Drive
Damascus, MD 20872
Damascus High School
25921 Ridge Road
Damascus, MD 20872
East County Community Recreation Center
3310 Gateshead Manor Way
Silver Spring, MD 20904
Executive Office Building
101 Monroe Street
Rockville, MD 20850
Forest Knolls Elementary School
10830 Eastwood Avenue
Silver Spring, MD 20901
(Due to construction, the Northwood High School drop box was relocated to Forest Knolls Elementary School.)
(Debido a la construcción, el buzón Oficial de Papeletas de la escuela secundaria Northwood se trasladó a la escuela primaria Forest Knolls).
Friendship Heights Village Center
4433 South Park Avenue
Chevy Chase, MD 20815
Gaithersburg High School
101 Education Boulevard
Gaithersburg, MD 20877
Germantown Community Recreation Center
18905 Kingsview Road
Germantown, MD 20874
Gwendolyn E. Coffield Community Recreation Center
2450 Lyttonsville Road
Silver Spring, MD 20910
James Hubert Blake High School
300 Norwood Road
Silver Spring, MD 20905
Jane E. Lawton Community Recreation Center
4301 Willow Lane
Chevy Chase, MD 20815
John F. Kennedy High School
1901 Randolph Road
Silver Spring, MD 20902
Leisure World - Clubhouse 1
3700 Rossmoor Boulevard
Silver Spring 20906
Longwood Community Recreation Center
19300 Georgia Avenue
Brookeville, MD 20833
Margaret Schweinhaut Senior Center
1000 Forest Glen Road
Silver Spring, MD 20901
Marilyn J. Praisner Community
Recreation Center
14906 Old Columbia Pike
Burtonsville, MD 20866
Mid-County Community Recreation Center
2004 Queensguard Road
Silver Spring, MD 20906
Montgomery Blair High School
51 University Boulevard East
Silver Spring, MD 20901
Montgomery College - Rockville
Long Nguyen and Kimmy Duong
Student Services Center
51 Mannakee St
Rockville, MD 20850
Montgomery College - Germantown
Bioscience Education Center
20200 Observation Dr
Germantown, MD 20876
Montgomery College - Takoma Park
Charlene R Nunley Student Services Center
7625 Fenton St
Takoma Park, MD 20912
Montgomery County Board of Elections
18753 North Frederick Avenue
Gaithersburg, MD 20879
(Drive-up Box)
Montgomery County Conference Center
Marriott Bethesda North
5967 Executive Boulevard
North Bethesda, MD 20852
Nancy H. Dacek N. Potomac Community
Recreation Center
13850 Travilah Road
Rockville, MD 20850
Northwest High School
13501 Richter Farm Road
Germantown, MD 20874
Paint Branch High School
14121 Old Columbia Pike
Burtonsville, MD 20866
Poolesville High School
17501 West Willard Road
Poolesville, MD 20837
Potomac Community Recreation Center
11315 Falls Road
Potomac, MD 20854
Quince Orchard High School
15800 Quince Orchard Road
Gaithersburg, MD 20878
Richard Montgomery High School
250 Richard Montgomery Drive
Rockville, MD 20852
Riderwood Village - Village Square Clubhouse
3110 Gracefield Road
Silver Spring, MD 20904
Robertson Park Youth Center
801 Rabbitt Road
Gaithersburg, MD 20878
Rockville High School
2100 Baltimore Road
Rockville, MD 20851
Sandy Spring Volunteer Fire Department
17921 Brooke Road
Sandy Spring, MD 20860
Seneca Valley High School
19401 Crystal Rock Drive
Germantown, MD 20874
Sherwood High School
300 Olney-Sandy Spring Road
Sandy Spring, MD 20860
Silver Spring Civic Building
1 Veterans Place
Silver Spring, MD 20910
Springbrook High School
201 Valley Brook Drive
Silver Spring, MD 20904
Takoma Park Community Center
7500 Maple Avenue
Takoma Park, MD 20912
Thomas S. Wootton High School
2100 Wootton Parkway
Rockville, MD 20850
Upper County Community Recreation Center
8201 Emory Grove Road
Gaithersburg, MD 20877
Walt Whitman High School
7100 Whittier Boulevard
Bethesda, MD 20817
Walter Johnson High School
6400 Rock Spring Drive
Bethesda, MD 20814
Watkins Mill High School
10301 Apple Ridge Road
Gaithersburg, MD 20879
Wheaton High School
12401 Dalewood Drive
Silver Spring, MD 20906
Wheaton Library & Community Recreation Center
11701 Georgia Avenue
Wheaton, MD 20902
White Oak Community Recreation Center
1700 April Lane
Silver Spring, MD 20904
Wilson Wims Elementary School
12520 Blue Sky Drive
Clarksburg, MD 20871
Winston Churchill High School
11300 Gainsborough Road
Potomac, MD 20854"
https://montgomerycountymd.gov/elections/earlyvoting/index-wait-times.html,200,Montgomery County Board of Elections: Early Voting Wait Times,Early Voting Center Wait Times,Montgomery County Board of Elections: Early Voting and Wait Times,,56,"Early Voting Center Wait Times
The early voting wait times will appear during early voting hours (7 am to 8 pm) from October 24, 2024 - October31, 2024.
More Voting Center information
- See map of early voting locations
- To find an early voting location, you can text EV and your ZIP code to 77788"
https://montgomerycountymd.gov/elections/election-videos.html,200,Montgomery County Board of Elections - Election Videos,2024 Presidential General Election Videos,,,99,"2024 Presidential General Election Videos
English videos
- Voter registration
- Vote by mail
- Mail-in Ballot Drop Box
- Early Voting
- Election Day
- Election Worker 2024 General Election (English)
- Future Vote 2024 General Election (English)
Spanish videos
- Registro de votantes
- Voto por correo
- Buzón de entrega de papeletas
- Votación Anticipada
- El día de las elecciones
- Election Worker 2024 General Election (Spanish)
More Voting Center information
- See map of early voting locations
- To find an early voting location, you can text EV and your ZIP code to 77788"
https://montgomerycountymd.gov/elections/send-texts.html,200,Send Texts to Us - Montgomery County Board of Elections,Text 77788 for Important Election Information,,,244,"Text 77788 for Important Election Information
Message and data rates may apply when using the commands below.
- Text VOTE to 77788
- Register to Vote
- Text CHECK to 77788
- Review your voter registration
- Find out where to vote
- Identify your voting district
- See the status of your mail-in or provisional ballot
- Text VBM to 77788
- Apply to Vote By Mail
- Text UPDATE to 77788
- Update your voter registration
- Text FIND to 77788
- To identify your Election Day polling place
- Text BOX + five digit Montgomery County ZIP code to 77788 (example: BOX 20879
- Ballot Drop Box Locator
- Text command available approximately six weeks from Election Day .
- During the primary election cycle, Mail-in drop boxes available from May 12-June 23, 2026
- During the general election cycle, Mail-in drop boxes available from September 22-November 3, 2026
- Text EV + five digit Montgomery County ZIP code to 77788 (example: EV 20879)
- Text command in operation during early voting period.
- Primary Early Voting: June 11-18, 2026
- General Early Voting: October 22-29, 2026
- Will find three nearby Early Voting Centers with estimated wait times
- Text command in operation during early voting period.
- Text SERVE to 77788
- Obtain a link to an online Election Worker Application
- Text HELP to 77788
- Additional Information provided
- A list of 77788 Text commands are provided"
https://montgomerycountymd.gov/elections/vote-by-mail.html,200,"Vote by mail - Board of Elections - Montgomery County, Maryland",Mail-in Voting,"Vote by mail - Board of Elections - Montgomery County, Maryland",,1086,"Mail-in Voting
Deadlines to Receive a Request for a Mail-in Ballot
| 2026 Primary Gubernatorial Election | ||
|---|---|---|
| Deadline for a registered voter to request a mailed or faxed mail-in ballot | Tuesday, June 16, 2026 | 8:00 PM (by mail) or 11:59 PM (email/fax/online) |
| Deadline for a registered voter to request an electronic mail-in ballot | Friday, June 19, 2026 | 5:00 PM (by mail) or 11:59 PM (email/fax/online) |
| Deadline for a registered voter or voter's agent to request a mail-in ballot in person at a local board | Tuesday, June 23, 2026 | 8:00 PM |
| Deadline to mail your ballot back to the Board of Elections | Tuesday, June 23, 2026 | Postmarked by 8:00 PM |
| Deadline to deposit your ballot in any election drop box | Tuesday, June 23, 2026 | 8:00 PM |
Requesting a Mail-in Ballot
To request a mail-in ballot you must register to vote or be a registered Maryland voter.
If you request a mail-in ballot for the Primary Election, you must request one for the General Election too if you want to vote by mail. Ballots will not be
automatically mailed to voters for the 2026 Primary and General elections, unless you are on the Permanent vote-by mail list.
If you have Maryland Driver’s License, ID, or Learner’s Permit, the following is recommended
- Visit the State of Maryland Board of Elections Voter Registration and Mail-in Ballot Request web page or text the word VBM to 77788.
- You must provide your complete information so we can verify your voter registration before issuing you a ballot
- In Step 9, of the “Mail-in Ballot Request” on-line application, select “I would like to receive a mail-in ballot.”
- Under delivery type, make your selection:
- By mail:
- We will send you a mail-in ballot to your home address or a mailing address that you provide.
- We will provide you with a return envelope with the pre-paid postage.
- You can return your voted mail-in ballot through USPS or by depositing it in any of the official mail-in ballot drop boxes .
- Internet Delivery (also called print-at-home or web delivery) mail-in ballot is sent by a link in an email. Please note:
- You will need to create an online username and password to access and download your ballot materials.
- You will need to print out your ballot and oath, and provide your own return envelope..
- You will need to return your voted ballot and signed oath by mail (requires postage), ballot drop box, or in person - You cannot return your voted ballot online, by email, or fax.
- Election workers will duplicate your voting choices onto ballot materials that are scannable.
- By fax:
- You will need to provide your own return envelope.
- You will need to return your voted ballot and signed oath by mail (requires postage), ballot drop box, or in person - You cannot return your voted ballot online, by email, or fax.
- Election workers will duplicate your voting choices onto ballot materials that are scannable.
If you do NOT have a Maryland Driver’s License, ID, or Learner’s Permit, the following is recommended
- Download the following form from the State of Maryland Board of Elections website OR visit the Montgomery County Board of Elections website OR visit the Montgomery County Board of Elections Monday - Friday 8:30 am to 5:00 pm. to request a Mail-In Ballot in person
- Complete, print, sign and return the Mail-In Ballot Request Form
- by mail to PO Box 10159 Rockville, MD 20849
- by email absentee@montgomerycountymd.gov
- by fax 240-777-8560
- in person to Montgomery County Board of Elections at 18753 N.Frederick Avenue, Suite 210, Gaithersburg, MD 20879 Monday-Friday 8:30AM to 5:00PM or
- you can deposit it in any of the Election drop boxes located throughout the County six weeks before the Election Day.
A registered voter may request a mail-in ballot by submitting a written request and returning it to the Board of Elections, if it includes:
- the voter's name and residence address
- the address to which the ballot is to be mailed, if different from the residence address
- voter's signature
Permanent Mail-in Ballot List
- If you want to receive a mail-in ballot for all future elections, you can sign up for the permanent mail-in ballot list. Please just mark on your mail-in application 'I would like to receive a mail-in ballot for all future federal and state elections' .
- Once you sign up, we will send you your mail-in ballot for each future election you are eligible to vote in, and you won't need to resubmit a request.
- If you request a mail-in ballot for one or all future elections, but later change your mind and want to vote in person, you will have to vote a provisional ballot at your polling place or early voting center.
- If you request a mail-in ballot for one or all future elections, and you later move or change your mailing address or contact information, you will need to update that information at the following link Voter Registration Update or contact your local board of elections to update your records.
- If you decide you want to vote in person instead of receiving a vote-by-mail ballot you will need to contact your local Board of Elections.
Using your Mail-in Ballot
If you requested a mail -in ballot, please vote as soon as possible using that ballot. You can return it by mail, or you can deposit it to any election drop box. Do not wait until Election Day.
If you change your mind and decide to vote in person during Early Voting or on Election Day, you will need to vote a provisional ballot. Provisional ballots will not be counted until after Election Day, after we make sure you did not already vote.
Voting By Mail
Mail-in ballots for the 2026 Gubernatorial Primary Election must be mailed or deposited in any election drop box by 8 PM Tuesday, June 23, 2026.
If you mail your ballot, it must be postmarked no later than 8:00 PM on the Election Day to be counted for the respective election. To vote by mail, you must have already requested a ballot.
More Information
For additional information regarding the upcoming election, see the Frequently Asked Questions (FAQs)See more about Mail-in Voting from the Maryland State Board of Elections"
https://montgomerycountymd.gov/elections/voting-locations.html,200,Montgomery County Voting Locations,Voting Locations,,,504,"Skip to main content
An official website of
Montgomery County, Maryland
An official website of
Montgomery County, Maryland
MC311
Board of Elections
Search String
Search
×
Translate
Select Language
Abkhaz
Acehnese
Acholi
Afar
Afrikaans
Albanian
Alur
Amharic
Arabic
Armenian
Assamese
Avar
Awadhi
Aymara
Azerbaijani
Balinese
Baluchi
Bambara
Baoulé
Bashkir
Basque
Batak Karo
Batak Simalungun
Batak Toba
Belarusian
Bemba
Bengali
Betawi
Bhojpuri
Bikol
Bosnian
Breton
Bulgarian
Buryat
Cantonese
Catalan
Cebuano
Chamorro
Chechen
Chichewa
Chinese (Simplified)
Chinese (Traditional)
Chuukese
Chuvash
Corsican
Crimean Tatar (Cyrillic)
Crimean Tatar (Latin)
Croatian
Czech
Danish
Dari
Dhivehi
Dinka
Dogri
Dombe
Dutch
Dyula
Dzongkha
Esperanto
Estonian
Ewe
Faroese
Fijian
Filipino
Finnish
Fon
French
French (Canada)
Frisian
Friulian
Fulani
Ga
Galician
Georgian
German
Greek
Guarani
Gujarati
Haitian Creole
Hakha Chin
Hausa
Hawaiian
Hebrew
Hiligaynon
Hindi
Hmong
Hungarian
Hunsrik
Iban
Icelandic
Igbo
Ilocano
Indonesian
Inuktut (Latin)
Inuktut (Syllabics)
Irish
Italian
Jamaican Patois
Japanese
Javanese
Jingpo
Kalaallisut
Kannada
Kanuri
Kapampangan
Kazakh
Khasi
Khmer
Kiga
Kikongo
Kinyarwanda
Kituba
Kokborok
Komi
Konkani
Korean
Krio
Kurdish (Kurmanji)
Kurdish (Sorani)
Kyrgyz
Lao
Latgalian
Latin
Latvian
Ligurian
Limburgish
Lingala
Lithuanian
Lombard
Luganda
Luo
Luxembourgish
Macedonian
Madurese
Maithili
Makassar
Malagasy
Malay
Malay (Jawi)
Malayalam
Maltese
Mam
Manx
Maori
Marathi
Marshallese
Marwadi
Mauritian Creole
Meadow Mari
Meiteilon (Manipuri)
Minang
Mizo
Mongolian
Myanmar (Burmese)
Nahuatl (Eastern Huasteca)
Ndau
Ndebele (South)
Nepalbhasa (Newari)
Nepali
NKo
Norwegian
Nuer
Occitan
Odia (Oriya)
Oromo
Ossetian
Pangasinan
Papiamento
Pashto
Persian
Polish
Portuguese (Brazil)
Portuguese (Portugal)
Punjabi (Gurmukhi)
Punjabi (Shahmukhi)
Quechua
Qʼeqchiʼ
Romani
Romanian
Rundi
Russian
Sami (North)
Samoan
Sango
Sanskrit
Santali (Latin)
Santali (Ol Chiki)
Scots Gaelic
Sepedi
Serbian
Sesotho
Seychellois Creole
Shan
Shona
Sicilian
Silesian
Sindhi
Sinhala
Slovak
Slovenian
Somali
Spanish
Sundanese
Susu
Swahili
Swati
Swedish
Tahitian
Tajik
Tamazight
Tamazight (Tifinagh)
Tamil
Tatar
Telugu
Tetum
Thai
Tibetan
Tigrinya
Tiv
Tok Pisin
Tongan
Tshiluba
Tsonga
Tswana
Tulu
Tumbuka
Turkish
Turkmen
Tuvan
Twi
Udmurt
Ukrainian
Urdu
Uyghur
Uzbek
Venda
Venetian
Vietnamese
Waray
Welsh
Wolof
Xhosa
Yakut
Yiddish
Yoruba
Yucatec Maya
Zapotec
Zulu
Powered by
Translate
Board of Elections Home
Voting
Access for Voters with Disabilities
Change of Address
Early Voting
Overseas / Military Voters
Provisional Voting
Voting System
Voter Registration
Online Voter Registration
Become a Voter Registration Distributor
Verify Your Voter Registration
Video on How to Verify Your Registration
Voting Rights for Students
Voter Registration Questions
Voter Registration List Maintenance
Election Workers
Program Overview
Getting Started
Position Description/Payment
EJ Connection
Important Dates
High School Election Workers
Frequently Asked Questions
Contact Recruitment
Future Vote
High School Election Workers
FAQ's
Board Meeting
Board Members
Bylaws (PDF)
Meetings
Public Participation
Redistricting
Section 203
Candidates
2026 Candidate Listings
Become a Candidate
Candidate Filing FAQs (PDF)
Candidate Information
Campaign Finance
Financial Disclosure Requirements
Montgomery County Public Election Fund
Offices to Appear on Ballot (PDF)
Policy Regarding Candidate/Campaign Use of Board of Elections Photographs (PDF)
Precincts and Districts
Elected Officials
Voting Locations
Ballot Drop Box Locations
Early Voting Centers
No Electioneering Boundaries by District and Early Voting Locations
Polling Places - Listed Alphabetically
Polling Places - Listed Numerically
Go Top
Original text
Rate this translation
Your feedback will be used to help improve Google Translate"
https://montgomerycountymd.gov/privacy,200,"Privacy Statement - Montgomery County, MD","Montgomery County, MD",Privacy Statement,,1237,"Privacy Policy
Statement
Thank you for using the Montgomery County, Maryland (hereafter the County), web portal domain and all associated web sites (hereafter collectively “Web Portal”). The County hopes that you find its Web Portal to be a convenient and valuable resource for interacting with the County’s agents and agencies. This document represents the County’s Web Portal Privacy Policy and it is intended to summarize the extent to which the law, including the Maryland Public Information Act (“MPIA”), permits or requires users’ information to be kept private. In addition, this document outlines the County’s policy for keeping information users provide secure. The County’s Chief Information Officer (CIO) promulgates this policy in accordance with applicable law. The County reserves the right to change these practices and procedures at any time without prior notice. The following is not intended, and should not be interpreted, as a contract of any nature, either expressed or implied.
Applicability
This Privacy Policy applies to all County agents and agencies that maintain, create, collect, or publish web content or applications on the County’s Web Portal.
This Privacy Policy will discuss the following items:
- When does the County collect user information?
- What personal information is collected?
- When is personal information protected from disclosure?
- How is personal information used?
- Does the County use cookies?
- What kind of security procedures are in place to protect users?
- How can a user correct any inaccuracies in his or her personal information?
- How to contact the County
When does the County collect user information?
Whenever a user interacts with the County’s Web Portal, the County’s Web Portal servers automatically collects and logs the user’s Internet domain (i.e. www.exampledomain.com), Internet Protocol (IP) address, referring web address, browser type, screen resolution, date and time of the visit, and the content or web pages visited. This information is used primarily for statistical reporting and web design purposes in applications such as Google Analytics.
The County also collects information when a user fills out a form, or otherwise provides information, for the County to provide services. The data a user provides may be stored in County data bases. By providing information, a user authorizes the County to collect the information. If a user does not wish the County to collect his or her information, a user should not provide the information to the County. However, the County may be unable to provide the service if a user does not provide required information.
What personal information is collected?
The MPIA defines “personal information” as information collected that identifies an individual, including an individual’s address, driver’s license number, or any other identification number, medical or disability information, name, photograph or computer generated image, Social Security number, or telephone number. However, “personal information” expressly does not include an individual’s driver’s status, driving offenses, 5-digit zip code, or information on vehicular accidents.
Similarly, the MPIA defines a “personal record” as a public record that names or, with reasonable certainty, otherwise identifies an individual by an identifying factor, such as an address, a description, a finger or voice print, a number or a picture.
Under the MPIA, personal information, resulting in a personal record, may be collected only when the information is appropriate and relevant to the County services requested. The MPIA restricts the County's ability to create ""personal records"" to those circumstances under which the County clearly establishes the need for that information.
Therefore, the County expects to collect personal information from users only as needed to provide programs or services.
When is personal information protected from public disclosure?
The MPIA generally requires the County, as a political subdivision of the State of Maryland, to disclose all public information, including personal information. The MPIA, however, specifically exempts certain categories of information from this public disclosure requirement. The MPIA also expressly recognizes that other laws prohibit certain categories of information from public disclosure. The County complies with all applicable laws that protect certain categories of information from public disclosure.
For a complete discussion of the circumstances under which a personal record, including one that may contain personal information, may or must be withheld from disclosure, please refer to the MPIA and the Maryland Office of the Attorney General’s Maryland Public Information Act Manual, which may be found online as of the date of this Privacy Policy at https://www.marylandattorneygeneral.gov/pages/opengov/pia.aspx.
How is personal information used?
The County collects, retains and uses personal information only where the County believes it is essential (and allowed by law) to perform the County’s mission of providing products, services, information and other opportunities requested by Web Portal visitors. The County does not sell or rent Web Portal users’ information to any company or organization.
Consistent with applicable laws, County employees have access to a user’s personal information only to the extent necessary for the employees to perform their work on behalf of the County.
When visiting a County Web Portal web page, a “cookie” or small text file may be downloaded from a County Web Portal server or a third-party service such as Google Analytics to a user’s computer to collect and store non-personally identifiable information. The information stored in the cookie is used to successfully recognize a user and retain user browsing preferences, so that County web pages can more efficiently serve users in future visits. County web server-generated cookies and third-party cookies will include information identifying itself to the user’s computer.
Cookies are not executable programs that can be used to spread a virus or read a user’s computer hard drive. However, some users may choose to set their browser to block cookies to eliminate the risk of unwanted cookies from being downloaded to their computer. By doing so, this may affect access to and functionality of some County web application pages which use persistent or session cookies to manage an application’s session state. Session cookies are stored in a user’s computer's memory during a browsing session, are not used to collect user preferences, and are removed when the browser is closed. Persistent cookies downloaded to a user's computer remain on the computer until a specified expiration date is reached.
What kind of security procedures are in place to protect users?
The County is dedicated to the proposition that users have a right to data security on the County’s Web Portal consistent with applicable law. The County sets and meets high security standards and follows rigorous procedures to prevent unauthorized access to or disclosure of user information and to prevent unauthorized removal or alteration of data.
The County provides its Web Portal users with a secure online experience by using a variety of security measures to maintain the safety of your personal information, including the creation of a user identification and password to limit access by others to a user’s information in certain County applications.
How can a user correct any inaccuracies in his or her personal information?
The County responds to user requests to correct or update inaccurate information in a timely manner. In the event the user believes his or her information needs to be modified, the user must notify the County. Furthermore, for the resolution of any security issues, including misuse or corruption of information, or user identification and password concerns, the user must contact the County immediately.
The County welcomes user comments and invites questions or concerns regarding this Privacy Policy. Users may either click on “ Contact us” or call 311."
https://montgomerycountymd.gov/socialmediapolicy,200,"Social Media Policy - Montgomery County, MD","Montgomery County, MD",Social Media Policy,,310,"Social Media Policy
The site is a limited public forum, limited to the discussion of matters related to Montgomery County's Social Media websites. We encourage you to submit your questions, comments, and concerns. The County reserves the right to delete comments from users, without notice, that:
- Are off topic;
- Are solicitations or advertisements for commercial products, political campaigns or services;
- Infringe on copyrights or trademarks;
- Are pornographic, otherwise obscene under legal standards; or
- Speech that is otherwise unprotected by the First Amendment that the County deems inappropriate for the site.
The County reserves the right to delete comments that are more than thirty (30) days old. By virtue of providing content to this site, you agree that you have no expectation of privacy in the information provided. The County is not responsible for and does not endorse any links embedded in comments posted to this site by third parties. This site does not circumvent or supersede the County's normal business practices or processes. For example, responses to requests for proposals, invitations for bid, or other competitive procurements are not properly submitted via this site. Content submitted to this site is not legal notice to the County. For example, notice may NOT be given to the County under the Local Government Tort Claims Act through this site.
Montgomery County, Maryland is not responsible for advertisements, that may appear on the page. The space in which advertisements appear is sold by the site host, and the appearance of any advertisement does not reflect an endorsement by the Montgomery County government.
Montgomery County is not responsible for the content provided on ""related"" and 'promoted"" videos that are accessible from this County's channel. All viewers should note that these ""related"" and ""promoted"" videos and comments expressed on them do not reflect the opinions and position of Montgomery County government."
https://montgomerycountymd.gov/translate,200,"Translate Our Site - Montgomery County, MD","Montgomery County, MD",Translate Our Site,,264,"Language Translations
Thank you for using the Montgomery County, Maryland, Web portal and all associated Web sites and pages (hereafter collectively “Web Portal”). The County currently uses “Google Translate”, a free, multilingual machine-translation service technology, to automatically translate County Web Portal pages. Google Translate is a cost effective and practical way to translate County Web pages. However, the machine generated Web page translations may, or may not, effectively convert the intended design, meaning, or context from one language to another. For example, some Web pages may not work or display as expected when translated. Therefore, the County cannot guarantee or claim responsibility for the accuracy or reliability of the machine translations. Any person that uses County Web pages in translated form, whether generated by Google Translate or by any other translation service, does so at that person’s own risk. The County is not responsible for any damages, costs, liability, or risk or issue associated with Web page translations. Furthermore, the County assumes no liability for any activities in connection with the Google Translate functionality or content. The County also reserves the right to discontinue the use of Google Translate on this Web Portal at any time.
If you experience difficulty, or doubt the accuracy of the translation of language on this Web Portal, please contact MC311 for assistance.
Don't see your language?
Links to the most common languages in Montgomery County have been provided with Google Translate. However,the County does not endorse Google Translate or imply that it is the only machine-generated Web portal, Web site, or Web page translation solution available to users."
https://montgomerycountymd.gov/user_rights,200,"User Rights - Montgomery County, MD","Montgomery County, MD",User Rights,,2780,"User Rights
Your access to and use of Montgomery County, Maryland (“the County”) Web Portal Sites, as defined below, is subject to all applicable laws and the following ""Terms and Conditions"" which may be updated by us from time to time without notice to you. In consideration of your use of the Sites, as defined below, you accept, without limitation or qualification, the following ""Terms and Conditions."" In addition, when using any particular County services, you will be subject to any posted guidelines or rules applicable to such services that may be posted from time to time. All such guidelines or rules are hereby incorporated by reference into these Terms and Conditions.
Terms and Conditions
1) Description of Service
The County currently provides users with access to a rich collection of on-line resources, including, various communications, government records, online information, administrative services, personalized content, and branded programming through its network of Web Portal properties, as found at www. montgomerycountymd.gov (the ""Sites""). You understand and agree that the Sites are provided ""AS IS"" and that the County assumes no responsibility for the timeliness, deletion, mis-delivery or failure to store any user communications or personalization settings. In order to use the Sites, you must obtain access to the World Wide Web, either directly or through devices that access web-based content, and pay any service fees associated with such access or utilize free public access available through public libraries or other sources. In addition, you must provide or obtain access to all equipment necessary to make such connection to the World Wide Web, including a computer and modem or other access device. The County maintains the Sites for your personal use, information, education, and communication.
2) Your Registration Obligations
By using the Sites, you agree to: (a) Provide true, accurate, current and complete information about yourself as prompted by the Site's various forms (such information being the ""Registration Data"") and (b) Maintain and promptly update the Registration Data to keep it true, accurate, current and complete. By using the Sites, you agree to provide to the County with information if requested that is true, accurate, current, and complete.
3) Account Password and Security
You will receive a password and account designation upon completing the Site's registration process. You are responsible for maintaining the confidentiality of the password and account, and are fully responsible for all activities that occur under your password or account. You agree to (a) immediately notify the County of any unauthorized use of your password or account or any other breach of security, and (b) ensure that you exit from your account at the end of each session. The County is not liable for any loss or damage arising from your failure to comply with this Section.
4) Copyright Information
You should assume that everything you see or read on the Sites is copyright protected unless otherwise noted, and may not be used except as provided in these Terms and Conditions. You may print or download material displayed on the Sites for non-commercial; personal use only, provided you also retain all copyright and other proprietary notices contained on the materials. You must not, however, sell, reverse engineer, distribute, modify, transmit, reuse, re-post, use, or create derivative works based on the content of the Sites in whole or part for any purpose, without written permission from the County or any third party owner of such content in each instance. The County neither warrants nor represents that your use of materials displayed on the Sites will not infringe rights of third parties.
5) Use Of Images
Images of people or places displayed on the Sites are either the property of, or used with permission by, the County. The use of these images by you, or anyone else authorized by you, is prohibited unless specifically permitted by these Terms and Conditions. Any unauthorized use of the images may violate copyright laws, trademark laws, the laws of privacy and publicity, and communications regulations and statutes.
6) Trademark Information
The trademarks, logos, and service marks displayed on the Sites are registered and common law trademarks of the County and others (collectively the ""Trademarks""). Nothing contained on the Sites should be construed as granting, by implication, estoppels, or otherwise, any license or right to use any Trademarks without the written permission of the County or such third party that may own the Trademarks. Your use of the Trademarks, or any other content on the Sites, except as provided in these Terms and Conditions, is strictly prohibited. You are also advised that the County will aggressively enforce its intellectual property rights to the fullest extent of the law, which may include, without limitation, the seeking of criminal prosecution.
7) County Use of Material Subject to the County Privacy Policy
Any communication or material you transmit to the Sites by electronic mail or otherwise, including any data, questions, comments, suggestions or the like is, and will be treated as, non-confidential and non-proprietary. By transmitting or posting anything to the County or the Sites, you grant the County or its affiliates an irrevocable, perpetual, worldwide, royalty-free nonexclusive and sub-licensable right and license to reproduce, modify, adapt and publish such materials, in whole or in part for any purpose, including, but not limited to, reproduction, disclosure, transmission, publication, broadcast and posting in any media now known or later developed. Furthermore, the County is free to use any ideas, concepts, know-how, or techniques contained in any communication you send to the Sites for any purpose whatsoever including, but not limited to, developing, manufacturing and marketing products or services using such information. Through your usage of the Sites, you may submit and/or the County may gather certain limited information about you and your web site usage. The County may use such information to improve your Internet experience, subject to the County’s Privacy Policy.
8) Links
As a service to its web site visitors, the County has provided hyperlinks to informational resources developed by other agencies or organizations that provide services or programs for the County. The County cannot guarantee the relevance, completeness, accuracy, or timeliness of the information provided on these non-County links. The County does not endorse any non-County organizations' products, services, or viewpoints. The County is not responsible for any materials stored on other non-County web sites, nor is it liable for any inaccurate, defamatory, offensive or illegal materials found on other Web sites, and that the risk of injury or damage from viewing, hearing, downloading or storing such materials rests entirely with the user.
Advance permission to link to the Sites (i.e. montgomerycountymd.gov) is not necessary. However, by virtue of creating a link to www.montgomerycountymd.gov, you agree to with the following:
- You must not represent content from the Sites as originated by you or otherwise replicate the Sites’ content without the express written consent of the County;
- You must not imply that the County is endorsing it or its products;
- You must not misrepresent an entity’s relationship or a person’s relationship with the County;
- You must not represent that the County is associating itself with content displayed on the site;
- You must not present false information about County services;
- You must not use the County Logo, Seal, or Flag;
- You must use the following html code <a href=""http://www.montgomerycountymd.gov""> to link to the County Home Page;
- The image presented below may only be used to link to the montgomerycountymd.gov home page;
- You may also link to individual agency web sites by creating a text link to a specific Montgomery County department or agency; and
- You may not use the logo of a County agency for linking purposes.
9) County Sites User Conduct
Please understand that all information, data text, software, music, sound, photographs, graphics, video or messages or other content, whether publicly posted or privately transmitted are the sole responsibility of the person from whom the content originated. You, not the County, are responsible for all content you upload, post, email, or otherwise transmit. The County assumes no responsibility or liability arising from content or for material you provide or post to the Sites.
You are prohibited from posting to the Sites:
- Any material that does not address the posted topic of a forum discussion;
- Unlawful, threatening, libelous, defamatory, obscene, harassing, pornographic, or profane material;
- ""Junk mail,"" ""spam"", ""chain letters,"" ""pyramid schemes,"" any other form of solicitation or advertisement for commercial products or services;
- Software viruses;
- Any material that infringes on copyrights or trademarks;
- Any material that is obscene under legal standards, or is otherwise unprotected by the First Amendment that the County deems inappropriate for the Sites.
You acknowledge that the County has the right to remove any content that violates the Terms and Conditions or is otherwise objectionable in the sole determination of the County. The County will fully cooperate with any law enforcement authorities or court order requesting or directing the County to disclose the identity of anyone posting any such information or materials.
10) Legal Notice
Communications made through the Sites shall in no way be deemed to constitute legal notice to the County or any of its agencies, officers, employees, agents, or representatives, with respect to any existing or potential claim or cause of action against the County or any of its agencies, officers, employees, agents, or representatives, where notice to the County is required by any federal, state or local laws, rules, or regulations.
11) Disclaimer
The County makes no warranties or representations as to the accuracy of content on the Sites. The County assumes no liability or responsibility for any errors or omissions in the content or operation of the Sites.
12) Disclaimer of Warranties
Your use of and browsing in the Sites’ areas your risk. You understand and agree that the County assumes no responsibility for the timeliness, deletion, mis-delivery or failure to store any communications, payments or personal settings.
13) Limitation of Liability
The County, any of its affiliates, advertisers, its executives and their directors, officers and employees, and any other party involved in creating, producing, or delivering the Sites are not liable for any direct, incidental, consequential, indirect, or punitive damages arising out of your access to, or use of, the site. Without limiting the foregoing, everything on the Sites is provided to you ""as is"" and ""as available"" without warranty of any kind, either expressed or implied, including, but not limited to, the implied warranties of merchantability, fitness for a particular purpose, or non-infringement. The County also assumes no responsibility, and shall not be liable for, any damages to, or viruses that may infect your computer equipment or other property on account of your access to, use of, or browsing in the Sites or you’re downloading of any materials, data, text, images, video, or audio from the Sites.
14) International Use Software and Other Materials
International Use Software and other materials from the Sites may also be subject to United States Export Control. The United States Export Control laws prohibit the export of certain technical data and software to certain territories. No software from the Sites may be downloaded or exported: (1) into (or to a national or resident of) Cuba, Iraq, Libya, North Korea, Iran, Syria, Sudan or any other country to which the United States has embargoed goods; or (2) anyone on the United States Treasury Department's list of Specially Designated Nationals or the U.S. Commerce Department's Table of Deny Orders. The County does not authorize the downloading or exportation of any software or technical data from the Sites in violation of United States Export Laws. By downloading or using the software, you represent that you are not located in, under the control of, or a national resident of any of the countries on any of these lists.
15) Modifications to Site
The County reserves the right at any time and from time to time to modify or discontinue, temporarily or permanently, the Sites (or any part thereof) with or without notice for any reason or no reason whatsoever. You agree that the County is not liable to you or any third party for any modification, suspension or discontinuance of the Sites.
16) Termination
You agree that the County, in its sole discretion, may terminate your password, account (or any part thereof) or use of the Sites, and remove and discard any content within the Sites, for any reason, including, without limitation, for lack of use or if the County believes that you have violated or acted inconsistently with the letter or spirit of the Terms and Conditions. You agree that any termination of your access to the Sites under any provision of these Terms and Conditions may be effected without prior notice, and acknowledge and agree that the County may immediately deactivate or delete your account and all related information and files in your account and/or bar any further access to such files or the Sites. Further, you agree that the County shall not be liable to you or any third-party for any termination of your access to the Sites.
17) General Information
This constitutes the entire agreement between you and the County regarding use of the Sites, superseding any prior agreement between you and the County. You may also be subject to additional Terms and Conditions that may apply when you use affiliate services, third-party content or third-party software. The County may at any time revise these Terms and Conditions by updating this posting. You are bound by any such revisions and should therefore periodically visit this page to review the then current Terms and Conditions to which you are bound. The failure of the County to exercise or enforce any right or provision of the Terms and Conditions shall not constitute a waiver of such provision. These Terms and Conditions and the relationship between you and the County shall be governed by the laws of the State of Maryland without regard to its conflict of law provisions. You and the County agree to submit to the personal and exclusive jurisdiction of the state \courts located within the County of Montgomery, Maryland, and federal courts within the State of Maryland, for any disputes or matters arising out of the Sites or use of the Sites.
18) Notice - Specific to software available on County Web Portal Sites
Any software that is made available to download from the Sites is the property of the County and/or its suppliers. Use of the County software is governed by the terms of the end user license agreement, if any, which accompanies or is included with the County software (""license agreement""). An end user will be unable to install any County software that is accompanied by or includes a license agreement, unless he or she first agrees to any applicable license agreement terms. The County software is made available for downloading solely for use by end users according to any applicable license agreement. Any reproduction or redistribution of the County software not in accordance with the license agreement is expressly prohibited by law, and may result in severe civil and criminal penalties. Violators will be prosecuted to the maximum extent possible. Without limiting the foregoing, copying or reproduction of the County software to any other server or location for further reproduction or redistribution is expressly prohibited. The County software is warranted, if at all, only according to the terms of the license agreement. Except as warranted in the license agreement, the County hereby disclaims all warranties and conditions with regard to the software, including all implied warranties and conditions of merchantability, fitness for a particular purpose, title and non-infringement.
19) Notice - Specific to documents available on County Web Portal Sites
Permission to use documents (such as white papers, press releases, data sheets and frequently asked questions (FAQ’s) from the Sites is granted, provided that (1) the below copyright notice appears in all copies and that both the copyright notice and this permission notice appear, (2) use of such documents from this server is for informational and non-commercial or personal use only and will not be copied or posted on any network computer or broadcast in any media, and (3) no modifications of any documents are made. Use for any other purpose is expressly prohibited by law, and may result in severe civil and criminal penalties. Violators will be prosecuted to the maximum extent possible. Documents specified above do not include the design or layout of the Sites or any other County-owned, operated, licensed or controlled site. Elements of government websites are protected by trade dress, trademark, unfair competition, and other laws and may not be copied or imitated in whole or in part."
