2026-02-25 10:59:15,969 WARNING Could not fetch robots.txt: <urlopen error [SSL: CERTIFICATE_VERIFY_FAILED] certificate verify failed: unable to get local issuer certificate (_ssl.c:1081)>
2026-02-25 10:59:15,969 INFO Starting fresh crawl from https://elections.maryland.gov
2026-02-25 10:59:15,970 INFO [depth=0] Crawling: https://elections.maryland.gov
2026-02-25 10:59:16,848 INFO [depth=1] Crawling: https://elections.maryland.gov/index.html
2026-02-25 10:59:17,788 INFO [depth=1] Crawling: https://elections.maryland.gov/voting/index.html
2026-02-25 10:59:18,942 INFO [depth=1] Crawling: https://elections.maryland.gov/voting/early_voting.html
2026-02-25 10:59:20,485 INFO [depth=1] Crawling: https://elections.maryland.gov/voting/election_day_questions.html
2026-02-25 10:59:21,541 INFO [depth=1] Crawling: https://elections.maryland.gov/voting/absentee.html
2026-02-25 10:59:22,438 INFO [depth=1] Crawling: https://elections.maryland.gov/voting/primary.html
2026-02-25 10:59:23,340 INFO [depth=1] Crawling: https://elections.maryland.gov/voting_system/index.html
2026-02-25 10:59:24,424 INFO [depth=1] Crawling: https://elections.maryland.gov/overseas_voters/index.html
2026-02-25 10:59:25,343 INFO [depth=1] Crawling: https://elections.maryland.gov/voter_registration/index.html
2026-02-25 10:59:26,295 INFO [depth=1] Crawling: https://voterservices.elections.maryland.gov
2026-02-25 10:59:27,341 INFO [depth=1] Crawling: https://elections.maryland.gov/voter_registration/nvra.html
2026-02-25 10:59:28,273 INFO [depth=1] Crawling: https://elections.maryland.gov/voter_registration/application.html
2026-02-25 10:59:29,193 INFO [depth=1] Crawling: https://elections.maryland.gov/voter_registration/stats.html
2026-02-25 10:59:30,342 INFO [depth=1] Crawling: https://elections.maryland.gov/candidacy/index.html
2026-02-25 10:59:31,285 INFO [depth=1] Crawling: https://elections.maryland.gov/candidacy/requirements.html
2026-02-25 10:59:32,215 INFO [depth=1] Crawling: https://elections.maryland.gov/candidacy/qualifications.html
2026-02-25 10:59:33,158 INFO [depth=1] Crawling: https://elections.maryland.gov/candidacy/ballot.html
2026-02-25 10:59:34,100 INFO [depth=1] Crawling: https://elections.maryland.gov/press_room/reports.html
2026-02-25 10:59:35,039 INFO [depth=1] Crawling: https://elections.maryland.gov/press_room/rumor_control.html
2026-02-25 10:59:36,017 INFO [depth=1] Crawling: https://elections.maryland.gov/elections/municipal_results.html
2026-02-25 10:59:37,015 INFO [depth=1] Crawling: https://elections.maryland.gov/elections/districts.html
2026-02-25 10:59:37,960 INFO [depth=1] Crawling: https://elections.maryland.gov/elections/electoral_college.html
2026-02-25 10:59:38,909 INFO [depth=1] Crawling: https://elections.maryland.gov/get_involved/index.html
2026-02-25 10:59:39,824 INFO [depth=1] Crawling: https://elections.maryland.gov/get_involved/teachers.html
2026-02-25 10:59:40,791 INFO [depth=1] Crawling: https://elections.maryland.gov/get_involved/students.html
2026-02-25 10:59:41,689 INFO [depth=1] Crawling: https://elections.maryland.gov/get_involved/dis-misinformation.html
2026-02-25 10:59:41,860 INFO Trafilatura returned 40 words for https://elections.maryland.gov/get_involved/dis-misinformation.html; BS4 fallback got 47
2026-02-25 10:59:42,630 INFO [depth=1] Crawling: https://elections.maryland.gov/about/index.html
2026-02-25 10:59:44,017 INFO [depth=1] Crawling: https://elections.maryland.gov/about/board.html
2026-02-25 10:59:45,013 INFO [depth=1] Crawling: https://elections.maryland.gov/about/contact.html
2026-02-25 10:59:45,940 INFO [depth=1] Crawling: https://elections.maryland.gov/about/county_boards.html
2026-02-25 10:59:46,929 INFO [depth=1] Crawling: https://elections.maryland.gov/forms/index.html
2026-02-25 10:59:47,149 INFO Trafilatura returned 42 words for https://elections.maryland.gov/forms/index.html; BS4 fallback got 57
2026-02-25 10:59:47,919 INFO [depth=1] Crawling: https://elections.maryland.gov/about/election_security.html
2026-02-25 10:59:48,862 INFO [depth=1] Crawling: https://elections.maryland.gov/about/pia.html
2026-02-25 10:59:49,822 INFO [depth=1] Crawling: https://elections.maryland.gov/laws_and_regs/index.html
2026-02-25 10:59:50,766 INFO [depth=1] Crawling: https://elections.maryland.gov/laws_and_regs/federal_law.html
2026-02-25 10:59:51,808 INFO [depth=1] Crawling: https://elections.maryland.gov/laws_and_regs/election_law.html
2026-02-25 10:59:52,775 INFO [depth=1] Crawling: https://elections.maryland.gov/laws_and_regs/regulations.html
2026-02-25 10:59:53,692 INFO [depth=1] Crawling: https://elections.maryland.gov/laws_and_regs/sbe_policy.html
2026-02-25 10:59:53,819 INFO Trafilatura returned 40 words for https://elections.maryland.gov/laws_and_regs/sbe_policy.html; BS4 fallback got 53
2026-02-25 10:59:54,588 INFO [depth=1] Crawling: https://elections.maryland.gov/get_involved/high_school_contest.html
2026-02-25 10:59:55,534 INFO [depth=1] Crawling: https://elections.maryland.gov/voting/municipal_results.html
2026-02-25 10:59:55,678 INFO HTTP 404 — marking failed: https://elections.maryland.gov/voting/municipal_results.html
2026-02-25 10:59:55,679 INFO [depth=1] Crawling: https://elections.maryland.gov/privacy.html
2026-02-25 10:59:56,630 INFO [depth=1] Crawling: https://elections.maryland.gov/accessibility.html
2026-02-25 10:59:57,534 INFO [depth=1] Crawling: https://elections.maryland.gov/cdn-cgi/l/email-protection
2026-02-25 10:59:58,402 INFO [depth=2] Crawling: https://elections.maryland.gov/voting/accessibility.html
2026-02-25 10:59:59,361 INFO [depth=2] Crawling: https://elections.maryland.gov/voting/address.html
2026-02-25 11:00:00,256 INFO [depth=2] Crawling: https://elections.maryland.gov/voting/canvassing.html
2026-02-25 11:00:01,218 INFO [depth=2] Crawling: https://elections.maryland.gov/voting/provisional_voting.html
2026-02-25 11:00:02,167 INFO [depth=2] Crawling: https://elections.maryland.gov/voting/recount.html
2026-02-25 11:00:03,191 INFO [depth=2] Crawling: https://elections.maryland.gov/voting/redistricting.html
2026-02-25 11:00:04,310 INFO [depth=2] Crawling: https://elections.maryland.gov/voting/documents/HowMDVotes.pdf
2026-02-25 11:00:06,081 INFO [depth=2] Crawling: https://elections.maryland.gov/voting/documents/HowMDVotes_Spanish.pdf
2026-02-25 11:00:07,264 INFO [depth=2] Crawling: https://voterservices.elections.maryland.gov/VoterSearch
2026-02-25 11:00:07,409 INFO Trafilatura returned 42 words for https://voterservices.elections.maryland.gov/VoterSearch; BS4 fallback got 427
2026-02-25 11:00:08,175 INFO [depth=2] Crawling: https://voterservices.elections.maryland.gov/OnlineVoterRegistration
2026-02-25 11:00:09,117 INFO [depth=2] Crawling: https://voterservices.elections.maryland.gov/PollingPlaceSearch
2026-02-25 11:00:09,985 INFO [depth=2] Crawling: https://voterservices.elections.maryland.gov/votersearch
2026-02-25 11:00:10,124 INFO Trafilatura returned 42 words for https://voterservices.elections.maryland.gov/votersearch; BS4 fallback got 427
2026-02-25 11:00:10,887 INFO [depth=2] Crawling: https://elections.maryland.gov/get_involved/challenger_watcher.html
2026-02-25 11:00:11,866 INFO [depth=2] Crawling: https://voterservices.elections.maryland.gov/onlinemailinrequest
2026-02-25 11:00:12,801 INFO [depth=2] Crawling: https://elections.maryland.gov/voting/documents/Mail_In_Ballot_Application-English.pdf
2026-02-25 11:00:14,050 INFO [depth=2] Crawling: https://elections.maryland.gov/voting/documents/Mail_In_Ballot_Application-Spanish.pdf
2026-02-25 11:00:15,372 INFO [depth=2] Crawling: https://elections.maryland.gov/voting/documents/Mail_In_Ballot_Application-Amharic.pdf
2026-02-25 11:00:16,458 INFO [depth=2] Crawling: https://elections.maryland.gov/voting/documents/Mail_In_Ballot_Application-Korean.pdf
2026-02-25 11:00:17,702 INFO [depth=2] Crawling: https://elections.maryland.gov/voting/documents/Mail_In_Ballot_Application-Traditional_Chinese.pdf
2026-02-25 11:00:19,138 INFO [depth=2] Crawling: https://elections.maryland.gov/voting/documents/Mail_In_Ballot_Application-Simplified_Chinese.pdf
2026-02-25 11:00:20,677 INFO [depth=2] Crawling: https://elections.maryland.gov/voting/documents/Mail_In_Ballot_Application-Vietnamese.pdf
2026-02-25 11:00:21,902 INFO [depth=2] Crawling: https://elections.maryland.gov/voting/documents/Designation_of_Agent_Form_Mail-In_Ballot_English.pdf
2026-02-25 11:00:22,951 INFO [depth=2] Crawling: https://elections.maryland.gov/voting/documents/2010_Designation_of_Agent_Form_Spanish.pdf
2026-02-25 11:00:24,189 INFO [depth=2] Crawling: https://voterservices.elections.maryland.gov/onlinevoterupdate/InstructionsStep1
2026-02-25 11:00:25,058 INFO [depth=2] Crawling: https://elections.maryland.gov/voting_system/learn_about_the_new_voting_system.html
2026-02-25 11:00:26,274 INFO [depth=2] Crawling: https://elections.maryland.gov/voting_system/how_to_vote.html
2026-02-25 11:00:27,458 INFO [depth=2] Crawling: https://elections.maryland.gov/voting_system/ballot_audit_plan.html
2026-02-25 11:00:28,402 INFO [depth=2] Crawling: https://elections.maryland.gov/voting_system/voting_equipment.html
2026-02-25 11:00:29,377 INFO [depth=2] Crawling: https://elections.maryland.gov/voting_system/procurement.html
2026-02-25 11:00:30,537 INFO [depth=2] Crawling: https://elections.maryland.gov/overseas_voters/voter_registration.html
2026-02-25 11:00:31,794 INFO [depth=2] Crawling: https://elections.maryland.gov/overseas_voters/absentee.html
2026-02-25 11:00:32,814 INFO [depth=2] Crawling: https://elections.maryland.gov/overseas_voters/other_information.html
2026-02-25 11:00:33,778 INFO [depth=2] Crawling: https://elections.maryland.gov/voter_registration/students.html
2026-02-25 11:00:35,065 INFO [depth=2] Crawling: https://elections.maryland.gov/voter_registration/list_maintenance.html
2026-02-25 11:00:36,224 INFO [depth=2] Crawling: https://elections.maryland.gov/voter_registration/data.html
2026-02-25 11:00:37,299 INFO [depth=2] Crawling: http://voterservices.elections.maryland.gov/PollingPlaceSearch
2026-02-25 11:00:38,215 INFO [depth=2] Crawling: https://elections.maryland.gov/voter_registration/documents/Online Voter Cancellation Form.pdf
2026-02-25 11:00:39,455 INFO [depth=2] Crawling: http://www.elections.maryland.gov/
2026-02-25 11:00:40,882 INFO [depth=2] Crawling: https://voterservices.elections.maryland.gov/OnlineMailinRequest
2026-02-25 11:00:41,821 INFO [depth=2] Crawling: https://voterservices.elections.maryland.gov/OnlineVoterUpdate
2026-02-25 11:00:42,750 INFO [depth=2] Crawling: http://elections.maryland.gov/about/contact.html
2026-02-25 11:00:43,910 INFO [depth=2] Crawling: http://elections.maryland.gov/privacy.html
2026-02-25 11:00:45,051 INFO [depth=2] Crawling: http://elections.maryland.gov/accessibility.html
2026-02-25 11:00:46,094 INFO [depth=2] Crawling: https://elections.maryland.gov/voter_registration/documents/NVRA_Power_Point_Training.pptx
2026-02-25 11:00:46,546 ERROR parsed tree length: 1, wrong data type or not valid HTML
2026-02-25 11:00:46,554 ERROR parsed tree length: 1, wrong data type or not valid HTML
2026-02-25 11:00:46,554 ERROR empty HTML tree: None
2026-02-25 11:00:46,554 WARNING discarding data: None
2026-02-25 11:00:47,339 INFO [depth=2] Crawling: https://elections.maryland.gov/voter_registration/documents/Waiting Room Poster.pdf
2026-02-25 11:00:48,517 INFO [depth=2] Crawling: https://elections.maryland.gov/voter_registration/documents/transmittal form.doc
2026-02-25 11:00:49,453 INFO [depth=2] Crawling: https://elections.maryland.gov/voter_registration/documents/sample declination form.doc
2026-02-25 11:00:50,360 INFO [depth=2] Crawling: https://elections.maryland.gov/voter_registration/documents/VRA-English.pdf
2026-02-25 11:00:51,500 INFO [depth=2] Crawling: https://elections.maryland.gov/voter_registration/documents/VRA-Spanish.pdf
2026-02-25 11:00:52,638 INFO [depth=2] Crawling: https://elections.maryland.gov/voter_registration/documents/VRA-Amharic.pdf
2026-02-25 11:00:53,942 INFO [depth=2] Crawling: https://elections.maryland.gov/voter_registration/documents/VRA-TraditionalChinese.pdf
2026-02-25 11:00:55,219 INFO [depth=2] Crawling: https://elections.maryland.gov/voter_registration/documents/VRA-SimplifiedChinese.pdf
2026-02-25 11:00:56,325 INFO [depth=2] Crawling: https://elections.maryland.gov/voter_registration/documents/VRA-Vietnamese.pdf
2026-02-25 11:00:57,764 INFO [depth=2] Crawling: https://elections.maryland.gov/pdf/vrar/MSR-2026_01.pdf
2026-02-25 11:00:58,868 INFO [depth=2] Crawling: https://elections.maryland.gov/pdf/vrar/MSR-2025_01.pdf
2026-02-25 11:01:00,390 INFO [depth=2] Crawling: https://elections.maryland.gov/pdf/vrar/MSR-2025_02.pdf
2026-02-25 11:01:01,758 INFO [depth=2] Crawling: https://elections.maryland.gov/pdf/vrar/MSR-2025_03.pdf
2026-02-25 11:01:03,089 INFO [depth=2] Crawling: https://elections.maryland.gov/pdf/vrar/MSR-2025_04.pdf
2026-02-25 11:01:04,256 INFO [depth=2] Crawling: https://elections.maryland.gov/pdf/vrar/MSR-2025_05.pdf
2026-02-25 11:01:05,451 INFO [depth=2] Crawling: https://elections.maryland.gov/pdf/vrar/MSR-2025_06.pdf
2026-02-25 11:01:06,745 INFO [depth=2] Crawling: https://elections.maryland.gov/pdf/vrar/MSR-2025_07.pdf
2026-02-25 11:01:07,923 INFO [depth=2] Crawling: https://elections.maryland.gov/pdf/vrar/MSR-2025_08.pdf
2026-02-25 11:01:09,175 INFO [depth=2] Crawling: https://elections.maryland.gov/pdf/vrar/MSR-2025_09.pdf
2026-02-25 11:01:10,489 INFO [depth=2] Crawling: https://elections.maryland.gov/pdf/vrar/MSR-2025_10.pdf
2026-02-25 11:01:11,745 INFO [depth=2] Crawling: https://elections.maryland.gov/pdf/vrar/MSR-2025_11.pdf
2026-02-25 11:01:13,029 INFO [depth=2] Crawling: https://elections.maryland.gov/pdf/vrar/MSR-2025_12.pdf
2026-02-25 11:01:14,233 INFO [depth=2] Crawling: https://elections.maryland.gov/pdf/vrar/MSR-2024_01.pdf
2026-02-25 11:01:15,593 INFO [depth=2] Crawling: https://elections.maryland.gov/pdf/vrar/MSR-2024_02.pdf
2026-02-25 11:01:16,810 INFO [depth=2] Crawling: https://elections.maryland.gov/pdf/vrar/MSR-2024_03.pdf
2026-02-25 11:01:18,347 INFO [depth=2] Crawling: https://elections.maryland.gov/pdf/vrar/MSR-2024_04.pdf
2026-02-25 11:01:19,550 INFO [depth=2] Crawling: https://elections.maryland.gov/pdf/vrar/MSR-2024_05.pdf
2026-02-25 11:01:20,910 INFO [depth=2] Crawling: https://elections.maryland.gov/pdf/vrar/MSR-2024_06.pdf
2026-02-25 11:01:22,172 INFO [depth=2] Crawling: https://elections.maryland.gov/pdf/vrar/MSR-2024_07.pdf
2026-02-25 11:01:23,543 INFO [depth=2] Crawling: https://elections.maryland.gov/pdf/vrar/MSR-2024_08.pdf
2026-02-25 11:01:24,753 INFO [depth=2] Crawling: https://elections.maryland.gov/pdf/vrar/MSR-2024_09.pdf
2026-02-25 11:01:26,417 INFO [depth=2] Crawling: https://elections.maryland.gov/pdf/vrar/MSR-2024_10.pdf
2026-02-25 11:01:28,050 INFO [depth=2] Crawling: https://elections.maryland.gov/pdf/vrar/MSR-2024_11.pdf
2026-02-25 11:01:29,327 INFO [depth=2] Crawling: https://elections.maryland.gov/pdf/vrar/MSR-2024_12.pdf
2026-02-25 11:01:30,526 INFO [depth=2] Crawling: https://elections.maryland.gov/pdf/vrar/MSR-2024.pdf
2026-02-25 11:01:31,683 INFO [depth=2] Crawling: https://elections.maryland.gov/pdf/vrar/MSR-2023_01.pdf
2026-02-25 11:01:32,775 INFO [depth=2] Crawling: https://elections.maryland.gov/pdf/vrar/MSR-2023_02.pdf
2026-02-25 11:01:33,984 INFO [depth=2] Crawling: https://elections.maryland.gov/pdf/vrar/MSR-2023_03.pdf
2026-02-25 11:01:35,655 INFO [depth=2] Crawling: https://elections.maryland.gov/pdf/vrar/MSR-2023_04.pdf
2026-02-25 11:01:37,012 INFO [depth=2] Crawling: https://elections.maryland.gov/pdf/vrar/MSR-2023_05.pdf
2026-02-25 11:01:38,311 INFO [depth=2] Crawling: https://elections.maryland.gov/pdf/vrar/MSR-2023_06.pdf
2026-02-25 11:01:39,704 INFO [depth=2] Crawling: https://elections.maryland.gov/pdf/vrar/MSR-2023_07.pdf
2026-02-25 11:01:41,412 INFO [depth=2] Crawling: https://elections.maryland.gov/pdf/vrar/MSR-2023_08.pdf
2026-02-25 11:01:42,628 INFO [depth=2] Crawling: https://elections.maryland.gov/pdf/vrar/MSR-2023_09.pdf
2026-02-25 11:01:43,719 INFO [depth=2] Crawling: https://elections.maryland.gov/pdf/vrar/MSR-2023_10.pdf
2026-02-25 11:01:48,584 INFO [depth=2] Crawling: https://elections.maryland.gov/pdf/vrar/MSR-2023_11.pdf
2026-02-25 11:01:49,778 INFO [depth=2] Crawling: https://elections.maryland.gov/pdf/vrar/MSR-2023_12.pdf
2026-02-25 11:01:50,828 INFO [depth=2] Crawling: https://elections.maryland.gov/pdf/vrar/MSR-2023.pdf
2026-02-25 11:01:52,374 INFO [depth=2] Crawling: https://elections.maryland.gov/pdf/vrar/MSR-2022_01.pdf
2026-02-25 11:01:53,517 INFO [depth=2] Crawling: https://elections.maryland.gov/pdf/vrar/MSR-2022_02.pdf
2026-02-25 11:01:54,750 INFO [depth=2] Crawling: https://elections.maryland.gov/pdf/vrar/MSR-2022_03.pdf
2026-02-25 11:01:55,967 INFO [depth=2] Crawling: https://elections.maryland.gov/pdf/vrar/MSR-2022_04.pdf
2026-02-25 11:01:57,195 INFO [depth=2] Crawling: https://elections.maryland.gov/pdf/vrar/MSR-2022_05.pdf
2026-02-25 11:01:58,758 INFO [depth=2] Crawling: https://elections.maryland.gov/pdf/vrar/MSR-2022_06.pdf
2026-02-25 11:02:00,122 INFO [depth=2] Crawling: https://elections.maryland.gov/pdf/vrar/MSR-2022_07.pdf
2026-02-25 11:02:01,290 INFO [depth=2] Crawling: https://elections.maryland.gov/pdf/vrar/MSR-2022_08.pdf
2026-02-25 11:02:02,993 INFO [depth=2] Crawling: https://elections.maryland.gov/pdf/vrar/MSR-2022_09.pdf
2026-02-25 11:02:04,195 INFO [depth=2] Crawling: https://elections.maryland.gov/pdf/vrar/MSR-2022_10.pdf
2026-02-25 11:02:06,064 INFO [depth=2] Crawling: https://elections.maryland.gov/pdf/vrar/MSR-2022_11.pdf
2026-02-25 11:02:07,216 INFO [depth=2] Crawling: https://elections.maryland.gov/pdf/vrar/MSR-2022_12.pdf
2026-02-25 11:02:08,358 INFO [depth=2] Crawling: https://elections.maryland.gov/pdf/vrar/MSR-2022.pdf
2026-02-25 11:02:09,674 INFO [depth=2] Crawling: https://elections.maryland.gov/pdf/vrar/MSR-2021_01.pdf
2026-02-25 11:02:10,776 INFO [depth=2] Crawling: https://elections.maryland.gov/pdf/vrar/MSR-2021_02.pdf
2026-02-25 11:02:11,889 INFO [depth=2] Crawling: https://elections.maryland.gov/pdf/vrar/MSR-2021_03.pdf
2026-02-25 11:02:12,982 INFO [depth=2] Crawling: https://elections.maryland.gov/pdf/vrar/MSR-2021_04.pdf
2026-02-25 11:02:14,174 INFO [depth=2] Crawling: https://elections.maryland.gov/pdf/vrar/MSR-2021_05.pdf
2026-02-25 11:02:15,587 INFO [depth=2] Crawling: https://elections.maryland.gov/pdf/vrar/MSR-2021_06.pdf
2026-02-25 11:02:16,644 INFO [depth=2] Crawling: https://elections.maryland.gov/pdf/vrar/MSR-2021_07.pdf
2026-02-25 11:02:17,728 INFO [depth=2] Crawling: https://elections.maryland.gov/pdf/vrar/MSR-2021_08.pdf
2026-02-25 11:02:18,768 INFO [depth=2] Crawling: https://elections.maryland.gov/pdf/vrar/MSR-2021_09.pdf
2026-02-25 11:02:20,217 INFO [depth=2] Crawling: https://elections.maryland.gov/pdf/vrar/MSR-2021_10.pdf
2026-02-25 11:02:21,865 INFO [depth=2] Crawling: https://elections.maryland.gov/pdf/vrar/MSR-2021_11.pdf
2026-02-25 11:02:23,156 INFO [depth=2] Crawling: https://elections.maryland.gov/pdf/vrar/MSR-2021_12.pdf
2026-02-25 11:02:24,289 INFO [depth=2] Crawling: https://elections.maryland.gov/pdf/vrar/MSR-2021.pdf
2026-02-25 11:02:25,494 INFO [depth=2] Crawling: https://elections.maryland.gov/pdf/vrar/MSR-2020_01.pdf
2026-02-25 11:02:26,677 INFO [depth=2] Crawling: https://elections.maryland.gov/pdf/vrar/MSR-2020_02.pdf
2026-02-25 11:02:27,905 INFO [depth=2] Crawling: https://elections.maryland.gov/pdf/vrar/MSR-2020_03.pdf
2026-02-25 11:02:28,983 INFO [depth=2] Crawling: https://elections.maryland.gov/pdf/vrar/MSR-2020_04.pdf
2026-02-25 11:02:30,083 INFO [depth=2] Crawling: https://elections.maryland.gov/pdf/vrar/MSR-2020_05.pdf
2026-02-25 11:02:31,097 INFO [depth=2] Crawling: https://elections.maryland.gov/pdf/vrar/MSR-2020_06.pdf
2026-02-25 11:02:32,897 INFO [depth=2] Crawling: https://elections.maryland.gov/pdf/vrar/MSR-2020_07.pdf
2026-02-25 11:02:34,038 INFO [depth=2] Crawling: https://elections.maryland.gov/pdf/vrar/MSR-2020_08.pdf
2026-02-25 11:02:35,178 INFO [depth=2] Crawling: https://elections.maryland.gov/pdf/vrar/MSR-2020_09.pdf
2026-02-25 11:02:36,353 INFO [depth=2] Crawling: https://elections.maryland.gov/pdf/vrar/MSR-2020_10.pdf
2026-02-25 11:02:37,484 INFO [depth=2] Crawling: https://elections.maryland.gov/pdf/vrar/MSR-2020_11.pdf
2026-02-25 11:02:38,795 INFO [depth=2] Crawling: https://elections.maryland.gov/pdf/vrar/MSR-2020_12.pdf
2026-02-25 11:02:40,309 INFO [depth=2] Crawling: https://elections.maryland.gov/pdf/vrar/MSR-2020.pdf
2026-02-25 11:02:41,350 INFO [depth=2] Crawling: https://elections.maryland.gov/pdf/vrar/MSR-2019_01.pdf
2026-02-25 11:02:42,505 INFO [depth=2] Crawling: https://elections.maryland.gov/pdf/vrar/MSR-2019_02.pdf
2026-02-25 11:02:44,127 INFO [depth=2] Crawling: https://elections.maryland.gov/pdf/vrar/MSR-2019_03.pdf
2026-02-25 11:02:45,328 INFO [depth=2] Crawling: https://elections.maryland.gov/pdf/vrar/MSR-2019_04.pdf
2026-02-25 11:02:46,900 INFO [depth=2] Crawling: https://elections.maryland.gov/pdf/vrar/MSR-2019_05.pdf
2026-02-25 11:02:48,353 INFO [depth=2] Crawling: https://elections.maryland.gov/pdf/vrar/MSR-2019_06.pdf
2026-02-25 11:02:49,496 INFO [depth=2] Crawling: https://elections.maryland.gov/pdf/vrar/MSR-2019_07.pdf
2026-02-25 11:02:50,882 INFO [depth=2] Crawling: https://elections.maryland.gov/pdf/vrar/MSR-2019_08.pdf
2026-02-25 11:02:52,022 INFO [depth=2] Crawling: https://elections.maryland.gov/pdf/vrar/MSR-2019_09.pdf
2026-02-25 11:02:53,267 INFO [depth=2] Crawling: https://elections.maryland.gov/pdf/vrar/MSR-2019_10.pdf
2026-02-25 11:02:54,407 INFO [depth=2] Crawling: https://elections.maryland.gov/pdf/vrar/MSR-2019_11.pdf
2026-02-25 11:02:55,463 INFO [depth=2] Crawling: https://elections.maryland.gov/pdf/vrar/MSR-2019_12.pdf
2026-02-25 11:02:56,683 INFO [depth=2] Crawling: https://elections.maryland.gov/pdf/vrar/MSR-2019.pdf
2026-02-25 11:02:57,762 INFO [depth=2] Crawling: https://elections.maryland.gov/pdf/vrar/MSR-2018_01.pdf
2026-02-25 11:02:58,923 INFO [depth=2] Crawling: https://elections.maryland.gov/pdf/vrar/MSR-2018_02.pdf
2026-02-25 11:03:00,019 INFO [depth=2] Crawling: https://elections.maryland.gov/pdf/vrar/MSR-2018_03.pdf
2026-02-25 11:03:01,033 INFO [depth=2] Crawling: https://elections.maryland.gov/pdf/vrar/MSR-2018_04.pdf
2026-02-25 11:03:02,158 INFO [depth=2] Crawling: https://elections.maryland.gov/pdf/vrar/MSR-2018_05.pdf
2026-02-25 11:03:03,264 INFO [depth=2] Crawling: https://elections.maryland.gov/pdf/vrar/MSR-2018_06.pdf
2026-02-25 11:03:04,345 INFO [depth=2] Crawling: https://elections.maryland.gov/pdf/vrar/MSR-2018_07.pdf
2026-02-25 11:03:05,482 INFO [depth=2] Crawling: https://elections.maryland.gov/pdf/vrar/MSR-2018_08.pdf
2026-02-25 11:03:06,607 INFO [depth=2] Crawling: https://elections.maryland.gov/pdf/vrar/MSR-2018_09.pdf
2026-02-25 11:03:07,802 INFO [depth=2] Crawling: https://elections.maryland.gov/pdf/vrar/MSR-2018_10.pdf
2026-02-25 11:03:08,939 INFO [depth=2] Crawling: https://elections.maryland.gov/pdf/vrar/MSR-2018_11.pdf
2026-02-25 11:03:11,392 INFO [depth=2] Crawling: https://elections.maryland.gov/pdf/vrar/MSR-2018_12.pdf
2026-02-25 11:03:13,101 INFO [depth=2] Crawling: https://elections.maryland.gov/pdf/vrar/MSR-2018.pdf
2026-02-25 11:03:14,339 INFO [depth=2] Crawling: https://elections.maryland.gov/pdf/vrar/MSR-2017_01.pdf
2026-02-25 11:03:15,450 INFO [depth=2] Crawling: https://elections.maryland.gov/pdf/vrar/MSR-2017_02.pdf
2026-02-25 11:03:16,577 INFO [depth=2] Crawling: https://elections.maryland.gov/pdf/vrar/MSR-2017_03.pdf
2026-02-25 11:03:17,719 INFO [depth=2] Crawling: https://elections.maryland.gov/pdf/vrar/MSR-2017_04.pdf
2026-02-25 11:03:18,893 INFO [depth=2] Crawling: https://elections.maryland.gov/pdf/vrar/MSR-2017_05.pdf
2026-02-25 11:03:19,989 INFO [depth=2] Crawling: https://elections.maryland.gov/pdf/vrar/MSR-2017_06.pdf
2026-02-25 11:03:21,113 INFO [depth=2] Crawling: https://elections.maryland.gov/pdf/vrar/MSR-2017_07.pdf
2026-02-25 11:03:22,149 INFO [depth=2] Crawling: https://elections.maryland.gov/pdf/vrar/MSR-2017_08.pdf
2026-02-25 11:03:23,225 INFO [depth=2] Crawling: https://elections.maryland.gov/pdf/vrar/MSR-2017_09.pdf
2026-02-25 11:03:24,304 INFO [depth=2] Crawling: https://elections.maryland.gov/pdf/vrar/MSR-2017_10.pdf
2026-02-25 11:03:25,306 INFO [depth=2] Crawling: https://elections.maryland.gov/pdf/vrar/MSR-2017_11.pdf
2026-02-25 11:03:26,439 INFO [depth=2] Crawling: https://elections.maryland.gov/pdf/vrar/MSR-2017_12.pdf
2026-02-25 11:03:27,624 INFO [depth=2] Crawling: https://elections.maryland.gov/pdf/vrar/MSR-2017.pdf
2026-02-25 11:03:28,657 INFO [depth=2] Crawling: https://elections.maryland.gov/pdf/vrar/MSR-2016_01.pdf
2026-02-25 11:03:29,754 INFO [depth=2] Crawling: https://elections.maryland.gov/pdf/vrar/MSR-2016_02.pdf
2026-02-25 11:03:31,047 INFO [depth=2] Crawling: https://elections.maryland.gov/pdf/vrar/MSR-2016_03.pdf
2026-02-25 11:03:32,053 INFO [depth=2] Crawling: https://elections.maryland.gov/pdf/vrar/MSR-2016_04.pdf
2026-02-25 11:03:33,146 INFO [depth=2] Crawling: https://elections.maryland.gov/pdf/vrar/MSR-2016_05.pdf
2026-02-25 11:03:34,294 INFO [depth=2] Crawling: https://elections.maryland.gov/pdf/vrar/MSR-2016_06.pdf
2026-02-25 11:03:35,304 INFO [depth=2] Crawling: https://elections.maryland.gov/pdf/vrar/MSR-2016_07.pdf
2026-02-25 11:03:36,310 INFO [depth=2] Crawling: https://elections.maryland.gov/pdf/vrar/MSR-2016_08.pdf
2026-02-25 11:03:37,421 INFO [depth=2] Crawling: https://elections.maryland.gov/pdf/vrar/MSR-2016_09.pdf
2026-02-25 11:03:38,471 INFO [depth=2] Crawling: https://elections.maryland.gov/pdf/vrar/MSR-2016_10.pdf
2026-02-25 11:03:39,545 INFO [depth=2] Crawling: https://elections.maryland.gov/pdf/vrar/MSR-2016_11.pdf
2026-02-25 11:03:40,850 INFO [depth=2] Crawling: https://elections.maryland.gov/pdf/vrar/MSR-2016_12.pdf
2026-02-25 11:03:42,364 INFO [depth=2] Crawling: https://elections.maryland.gov/pdf/vrar/MSR-2016.pdf
2026-02-25 11:03:43,653 INFO [depth=2] Crawling: https://elections.maryland.gov/pdf/vrar/MSR-2015_01.pdf
2026-02-25 11:03:44,886 INFO [depth=2] Crawling: https://elections.maryland.gov/pdf/vrar/MSR-2015_02.pdf
2026-02-25 11:03:46,277 INFO [depth=2] Crawling: https://elections.maryland.gov/pdf/vrar/MSR-2015_03.pdf
2026-02-25 11:03:48,689 INFO [depth=2] Crawling: https://elections.maryland.gov/pdf/vrar/MSR-2015_04.pdf
2026-02-25 11:03:49,900 INFO [depth=2] Crawling: https://elections.maryland.gov/pdf/vrar/MSR-2015_05.pdf
2026-02-25 11:03:51,275 INFO [depth=2] Crawling: https://elections.maryland.gov/pdf/vrar/MSR-2015_06.pdf
2026-02-25 11:03:52,660 INFO [depth=2] Crawling: https://elections.maryland.gov/pdf/vrar/MSR-2015_07.pdf
2026-02-25 11:03:53,958 INFO [depth=2] Crawling: https://elections.maryland.gov/pdf/vrar/MSR-2015_08.pdf
2026-02-25 11:03:55,160 INFO [depth=2] Crawling: https://elections.maryland.gov/pdf/vrar/MSR-2015_09.pdf
2026-02-25 11:03:56,193 INFO [depth=2] Crawling: https://elections.maryland.gov/pdf/vrar/MSR-2015_10.pdf
2026-02-25 11:03:57,545 INFO [depth=2] Crawling: https://elections.maryland.gov/pdf/vrar/MSR-2015_11.pdf
2026-02-25 11:03:58,611 INFO [depth=2] Crawling: https://elections.maryland.gov/pdf/vrar/MSR-2015_12.pdf
2026-02-25 11:03:59,750 INFO [depth=2] Crawling: https://elections.maryland.gov/pdf/vrar/MSR-2015.pdf
2026-02-25 11:04:00,840 INFO [depth=2] Crawling: https://elections.maryland.gov/pdf/vrar/MSR-2014_01.pdf
2026-02-25 11:04:01,842 INFO [depth=2] Crawling: https://elections.maryland.gov/pdf/vrar/MSR-2014_02.pdf
2026-02-25 11:04:02,961 INFO [depth=2] Crawling: https://elections.maryland.gov/pdf/vrar/MSR-2014_03.pdf
2026-02-25 11:04:04,129 INFO [depth=2] Crawling: https://elections.maryland.gov/pdf/vrar/MSR-2014_04.pdf
2026-02-25 11:04:05,300 INFO [depth=2] Crawling: https://elections.maryland.gov/pdf/vrar/MSR-2014_05.pdf
2026-02-25 11:04:06,324 INFO [depth=2] Crawling: https://elections.maryland.gov/pdf/vrar/MSR-2014_06.pdf
2026-02-25 11:04:07,575 INFO [depth=2] Crawling: https://elections.maryland.gov/pdf/vrar/MSR-2014_07.pdf
2026-02-25 11:04:08,675 INFO [depth=2] Crawling: https://elections.maryland.gov/pdf/vrar/MSR-2014_08.pdf
2026-02-25 11:04:09,771 INFO [depth=2] Crawling: https://elections.maryland.gov/pdf/vrar/MSR-2014_09.pdf
2026-02-25 11:04:10,866 INFO [depth=2] Crawling: https://elections.maryland.gov/pdf/vrar/MSR-2014_10.pdf
2026-02-25 11:04:12,029 INFO [depth=2] Crawling: https://elections.maryland.gov/pdf/vrar/MSR-2014_11.pdf
2026-02-25 11:04:13,107 INFO [depth=2] Crawling: https://elections.maryland.gov/pdf/vrar/MSR-2014_12.pdf
2026-02-25 11:04:14,250 INFO [depth=2] Crawling: https://elections.maryland.gov/pdf/vrar/MSR-2014.pdf
2026-02-25 11:04:15,283 INFO [depth=2] Crawling: https://elections.maryland.gov/pdf/vrar/MSR-2013_01.pdf
2026-02-25 11:04:16,480 INFO [depth=2] Crawling: https://elections.maryland.gov/pdf/vrar/MSR-2013_02.pdf
2026-02-25 11:04:17,482 INFO [depth=2] Crawling: https://elections.maryland.gov/pdf/vrar/MSR-2013_03.pdf
2026-02-25 11:04:18,485 INFO [depth=2] Crawling: https://elections.maryland.gov/pdf/vrar/MSR-2013_04.pdf
2026-02-25 11:04:19,546 INFO [depth=2] Crawling: https://elections.maryland.gov/pdf/vrar/MSR-2013_05.pdf
2026-02-25 11:04:20,561 INFO [depth=2] Crawling: https://elections.maryland.gov/pdf/vrar/MSR-2013_06.pdf
2026-02-25 11:04:21,657 INFO [depth=2] Crawling: https://elections.maryland.gov/pdf/vrar/MSR-2013_07.pdf
2026-02-25 11:04:22,930 INFO [depth=2] Crawling: https://elections.maryland.gov/pdf/vrar/MSR-2013_08.pdf
2026-02-25 11:04:24,083 INFO [depth=2] Crawling: https://elections.maryland.gov/pdf/vrar/MSR-2013_09.pdf
2026-02-25 11:04:25,181 INFO [depth=2] Crawling: https://elections.maryland.gov/pdf/vrar/MSR-2013_10.pdf
2026-02-25 11:04:26,739 INFO [depth=2] Crawling: https://elections.maryland.gov/pdf/vrar/MSR-2013_11.pdf
2026-02-25 11:04:27,782 INFO [depth=2] Crawling: https://elections.maryland.gov/pdf/vrar/MSR-2013_12.pdf
2026-02-25 11:04:28,777 INFO [depth=2] Crawling: https://elections.maryland.gov/pdf/vrar/MSR-2013.pdf
2026-02-25 11:04:30,122 INFO [depth=2] Crawling: https://elections.maryland.gov/pdf/vrar/MSR-2012_01.pdf
2026-02-25 11:04:31,141 INFO [depth=2] Crawling: https://elections.maryland.gov/pdf/vrar/MSR-2012_02.pdf
2026-02-25 11:04:32,350 INFO [depth=2] Crawling: https://elections.maryland.gov/pdf/vrar/MSR-2012_03.pdf
2026-02-25 11:04:33,311 INFO [depth=2] Crawling: https://elections.maryland.gov/pdf/vrar/MSR-2012_04.pdf
2026-02-25 11:04:34,900 INFO [depth=2] Crawling: https://elections.maryland.gov/pdf/vrar/MSR-2012_05.pdf
2026-02-25 11:04:35,942 INFO [depth=2] Crawling: https://elections.maryland.gov/pdf/vrar/MSR-2012_06.pdf
2026-02-25 11:04:37,034 INFO [depth=2] Crawling: https://elections.maryland.gov/pdf/vrar/MSR-2012_07.pdf
2026-02-25 11:04:38,032 INFO [depth=2] Crawling: https://elections.maryland.gov/pdf/vrar/MSR-2012_08.pdf
2026-02-25 11:04:39,158 INFO [depth=2] Crawling: https://elections.maryland.gov/pdf/vrar/MSR-2012_09.pdf
2026-02-25 11:04:40,290 INFO [depth=2] Crawling: https://elections.maryland.gov/pdf/vrar/MSR-2012_10.pdf
2026-02-25 11:04:41,413 INFO [depth=2] Crawling: https://elections.maryland.gov/pdf/vrar/MSR-2012_11.pdf
2026-02-25 11:04:42,387 INFO [depth=2] Crawling: https://elections.maryland.gov/pdf/vrar/MSR-2012_12.pdf
2026-02-25 11:04:43,875 INFO [depth=2] Crawling: https://elections.maryland.gov/pdf/vrar/MSR-2012.pdf
2026-02-25 11:04:44,908 INFO [depth=2] Crawling: https://elections.maryland.gov/pdf/vrar/MSR-2011_01.pdf
2026-02-25 11:04:46,035 INFO [depth=2] Crawling: https://elections.maryland.gov/pdf/vrar/MSR-2011_02.pdf
2026-02-25 11:04:47,233 INFO [depth=2] Crawling: https://elections.maryland.gov/pdf/vrar/MSR-2011_03.pdf
2026-02-25 11:04:48,292 INFO [depth=2] Crawling: https://elections.maryland.gov/pdf/vrar/MSR-2011_04.pdf
2026-02-25 11:04:49,412 INFO [depth=2] Crawling: https://elections.maryland.gov/pdf/vrar/MSR-2011_05.pdf
2026-02-25 11:04:50,468 INFO [depth=2] Crawling: https://elections.maryland.gov/pdf/vrar/MSR-2011_06.pdf
2026-02-25 11:04:51,527 INFO [depth=2] Crawling: https://elections.maryland.gov/pdf/vrar/MSR-2011_07.pdf
2026-02-25 11:04:52,529 INFO [depth=2] Crawling: https://elections.maryland.gov/pdf/vrar/MSR-2011_08.pdf
2026-02-25 11:04:53,899 INFO [depth=2] Crawling: https://elections.maryland.gov/pdf/vrar/MSR-2011_09.pdf
2026-02-25 11:04:54,963 INFO [depth=2] Crawling: https://elections.maryland.gov/pdf/vrar/MSR-2011_10.pdf
2026-02-25 11:04:56,079 INFO [depth=2] Crawling: https://elections.maryland.gov/pdf/vrar/MSR-2011_11.pdf
2026-02-25 11:04:57,219 INFO [depth=2] Crawling: https://elections.maryland.gov/pdf/vrar/MSR-2011_12.pdf
2026-02-25 11:04:58,275 INFO [depth=2] Crawling: https://elections.maryland.gov/pdf/vrar/MSR-2011.pdf
2026-02-25 11:04:59,466 INFO [depth=2] Crawling: https://elections.maryland.gov/pdf/vrar/MSR-2010_01.pdf
2026-02-25 11:05:00,428 INFO [depth=2] Crawling: https://elections.maryland.gov/pdf/vrar/MSR-2010_02.pdf
2026-02-25 11:05:01,515 INFO [depth=2] Crawling: https://elections.maryland.gov/pdf/vrar/MSR-2010_03.pdf
2026-02-25 11:05:02,806 INFO [depth=2] Crawling: https://elections.maryland.gov/pdf/vrar/MSR-2010_04.pdf
2026-02-25 11:05:03,841 INFO [depth=2] Crawling: https://elections.maryland.gov/pdf/vrar/MSR-2010_05.pdf
2026-02-25 11:05:04,881 INFO [depth=2] Crawling: https://elections.maryland.gov/pdf/vrar/MSR-2010_06.pdf
2026-02-25 11:05:06,157 INFO [depth=2] Crawling: https://elections.maryland.gov/pdf/vrar/MSR-2010_07.pdf
2026-02-25 11:05:07,293 INFO [depth=2] Crawling: https://elections.maryland.gov/pdf/vrar/MSR-2010_08.pdf
2026-02-25 11:05:08,348 INFO [depth=2] Crawling: https://elections.maryland.gov/pdf/vrar/MSR-2010_09.pdf
2026-02-25 11:05:09,416 INFO [depth=2] Crawling: https://elections.maryland.gov/pdf/vrar/MSR-2010_10.pdf
2026-02-25 11:05:10,510 INFO [depth=2] Crawling: https://elections.maryland.gov/pdf/vrar/MSR-2010_11.pdf
2026-02-25 11:05:12,142 INFO [depth=2] Crawling: https://elections.maryland.gov/pdf/vrar/MSR-2010_12.pdf
2026-02-25 11:05:13,367 INFO [depth=2] Crawling: https://elections.maryland.gov/pdf/vrar/MSR-2010.pdf
2026-02-25 11:05:14,498 INFO [depth=2] Crawling: https://elections.maryland.gov/pdf/vrar/MSR-2009_01.pdf
2026-02-25 11:05:15,548 INFO [depth=2] Crawling: https://elections.maryland.gov/pdf/vrar/MSR-2009_02.pdf
2026-02-25 11:05:16,552 INFO [depth=2] Crawling: https://elections.maryland.gov/pdf/vrar/MSR-2009_03.pdf
2026-02-25 11:05:17,916 INFO [depth=2] Crawling: https://elections.maryland.gov/pdf/vrar/MSR-2009_04.pdf
2026-02-25 11:05:19,171 INFO [depth=2] Crawling: https://elections.maryland.gov/pdf/vrar/MSR-2009_05.pdf
2026-02-25 11:05:20,236 INFO [depth=2] Crawling: https://elections.maryland.gov/pdf/vrar/MSR-2009_06.pdf
2026-02-25 11:05:21,321 INFO [depth=2] Crawling: https://elections.maryland.gov/pdf/vrar/MSR-2009_07.pdf
2026-02-25 11:05:22,412 INFO [depth=2] Crawling: https://elections.maryland.gov/pdf/vrar/MSR-2009_08.pdf
2026-02-25 11:05:23,656 INFO [depth=2] Crawling: https://elections.maryland.gov/pdf/vrar/MSR-2009_09.pdf
2026-02-25 11:05:24,991 INFO [depth=2] Crawling: https://elections.maryland.gov/pdf/vrar/MSR-2009_10.pdf
2026-02-25 11:05:26,260 INFO [depth=2] Crawling: https://elections.maryland.gov/pdf/vrar/MSR-2009_11.pdf
2026-02-25 11:05:27,341 INFO [depth=2] Crawling: https://elections.maryland.gov/pdf/vrar/MSR-2009_12.pdf
2026-02-25 11:05:28,402 INFO [depth=2] Crawling: https://elections.maryland.gov/pdf/vrar/MSR-2009.pdf
2026-02-25 11:05:29,427 INFO [depth=2] Crawling: https://elections.maryland.gov/pdf/vrar/MSR-2008_01.pdf
2026-02-25 11:05:30,750 INFO [depth=2] Crawling: https://elections.maryland.gov/pdf/vrar/MSR-2008_02.pdf
2026-02-25 11:05:32,543 INFO [depth=2] Crawling: https://elections.maryland.gov/pdf/vrar/MSR-2008_03.pdf
2026-02-25 11:05:33,693 INFO [depth=2] Crawling: https://elections.maryland.gov/pdf/vrar/MSR-2008_04.pdf
2026-02-25 11:05:35,077 INFO [depth=2] Crawling: https://elections.maryland.gov/pdf/vrar/MSR-2008_05.pdf
2026-02-25 11:05:36,150 INFO [depth=2] Crawling: https://elections.maryland.gov/pdf/vrar/MSR-2008_06.pdf
2026-02-25 11:05:37,259 INFO [depth=2] Crawling: https://elections.maryland.gov/pdf/vrar/MSR-2008_07.pdf
2026-02-25 11:05:38,326 INFO [depth=2] Crawling: https://elections.maryland.gov/pdf/vrar/MSR-2008_08.pdf
2026-02-25 11:05:39,416 INFO [depth=2] Crawling: https://elections.maryland.gov/pdf/vrar/MSR-2008_09.pdf
2026-02-25 11:05:40,784 INFO [depth=2] Crawling: https://elections.maryland.gov/pdf/vrar/MSR-2008_10.pdf
2026-02-25 11:05:41,744 INFO [depth=2] Crawling: https://elections.maryland.gov/pdf/vrar/MSR-2008_11.pdf
2026-02-25 11:05:43,038 INFO [depth=2] Crawling: https://elections.maryland.gov/pdf/vrar/MSR-2008_12.pdf
2026-02-25 11:05:44,384 INFO [depth=2] Crawling: https://elections.maryland.gov/pdf/vrar/MSR-2008.pdf
2026-02-25 11:05:45,598 INFO [depth=2] Crawling: https://elections.maryland.gov/pdf/vrar/MSR-2007_01.pdf
2026-02-25 11:05:46,676 INFO [depth=2] Crawling: https://elections.maryland.gov/pdf/vrar/MSR-2007_02.pdf
2026-02-25 11:05:47,883 INFO [depth=2] Crawling: https://elections.maryland.gov/pdf/vrar/MSR-2007_03.pdf
2026-02-25 11:05:49,025 INFO [depth=2] Crawling: https://elections.maryland.gov/pdf/vrar/MSR-2007_04.pdf
2026-02-25 11:05:50,008 INFO [depth=2] Crawling: https://elections.maryland.gov/pdf/vrar/MSR-2007_05.pdf
2026-02-25 11:05:51,060 INFO [depth=2] Crawling: https://elections.maryland.gov/pdf/vrar/MSR-2007_06.pdf
2026-02-25 11:05:52,228 INFO [depth=2] Crawling: https://elections.maryland.gov/pdf/vrar/MSR-2007_07.pdf
2026-02-25 11:05:53,282 INFO [depth=2] Crawling: https://elections.maryland.gov/pdf/vrar/MSR-2007_08.pdf
2026-02-25 11:05:54,285 INFO [depth=2] Crawling: https://elections.maryland.gov/pdf/vrar/MSR-2007_09.pdf
2026-02-25 11:05:55,339 INFO [depth=2] Crawling: https://elections.maryland.gov/pdf/vrar/MSR-2007_10.pdf
2026-02-25 11:05:56,329 INFO [depth=2] Crawling: https://elections.maryland.gov/pdf/vrar/MSR-2007_11.pdf
2026-02-25 11:05:57,495 INFO [depth=2] Crawling: https://elections.maryland.gov/pdf/vrar/MSR-2007_12.pdf
2026-02-25 11:05:58,560 INFO [depth=2] Crawling: https://elections.maryland.gov/pdf/vrar/MSR-2007.pdf
2026-02-25 11:05:59,549 INFO [depth=2] Crawling: https://elections.maryland.gov/pdf/vrar/MSR-2006_01.pdf
2026-02-25 11:06:00,752 INFO [depth=2] Crawling: https://elections.maryland.gov/pdf/vrar/MSR-2006_02.pdf
2026-02-25 11:06:02,184 INFO [depth=2] Crawling: https://elections.maryland.gov/pdf/vrar/MSR-2006_03.pdf
2026-02-25 11:06:03,246 INFO [depth=2] Crawling: https://elections.maryland.gov/pdf/vrar/MSR-2006_04.pdf
2026-02-25 11:06:04,593 INFO [depth=2] Crawling: https://elections.maryland.gov/pdf/vrar/MSR-2006_05.pdf
2026-02-25 11:06:05,671 INFO [depth=2] Crawling: https://elections.maryland.gov/pdf/vrar/MSR-2006_06.pdf
2026-02-25 11:06:06,730 INFO [depth=2] Crawling: https://elections.maryland.gov/pdf/vrar/MSR-2006_07.pdf
2026-02-25 11:06:08,155 INFO [depth=2] Crawling: https://elections.maryland.gov/pdf/vrar/MSR-2006_08.pdf
2026-02-25 11:06:09,216 INFO [depth=2] Crawling: https://elections.maryland.gov/pdf/vrar/MSR-2006_09.pdf
2026-02-25 11:06:10,484 INFO [depth=2] Crawling: https://elections.maryland.gov/pdf/vrar/MSR-2006_10.pdf
2026-02-25 11:06:11,578 INFO [depth=2] Crawling: https://elections.maryland.gov/pdf/vrar/MSR-2006_11.pdf
2026-02-25 11:06:12,557 INFO [depth=2] Crawling: https://elections.maryland.gov/pdf/vrar/MSR-2006_12.pdf
2026-02-25 11:06:13,631 INFO [depth=2] Crawling: https://elections.maryland.gov/pdf/vrar/MSR-2006.pdf
2026-02-25 11:06:14,766 INFO [depth=2] Crawling: https://elections.maryland.gov/pdf/vrar/MSR-2005_01.pdf
2026-02-25 11:06:15,831 INFO [depth=2] Crawling: https://elections.maryland.gov/pdf/vrar/MSR-2005_02.pdf
2026-02-25 11:06:17,077 INFO [depth=2] Crawling: https://elections.maryland.gov/pdf/vrar/MSR-2005_03.pdf
2026-02-25 11:06:18,510 INFO [depth=2] Crawling: https://elections.maryland.gov/pdf/vrar/MSR-2005_04.pdf
2026-02-25 11:06:19,585 INFO [depth=2] Crawling: https://elections.maryland.gov/pdf/vrar/MSR-2005_05.pdf
2026-02-25 11:06:20,897 INFO [depth=2] Crawling: https://elections.maryland.gov/pdf/vrar/MSR-2005_06.pdf
2026-02-25 11:06:22,380 INFO [depth=2] Crawling: https://elections.maryland.gov/pdf/vrar/MSR-2005_07.pdf
2026-02-25 11:06:24,536 INFO [depth=2] Crawling: https://elections.maryland.gov/pdf/vrar/MSR-2005_08.pdf
2026-02-25 11:06:26,368 INFO [depth=2] Crawling: https://elections.maryland.gov/pdf/vrar/MSR-2005_09.pdf
2026-02-25 11:06:28,866 INFO [depth=2] Crawling: https://elections.maryland.gov/pdf/vrar/MSR-2005_10.pdf
2026-02-25 11:06:30,620 INFO [depth=2] Crawling: https://elections.maryland.gov/pdf/vrar/MSR-2005_11.pdf
2026-02-25 11:06:32,463 INFO [depth=2] Crawling: https://elections.maryland.gov/pdf/vrar/MSR-2005_12.pdf
2026-02-25 11:06:33,441 INFO [depth=2] Crawling: https://elections.maryland.gov/pdf/vrar/MSR-2005.pdf
2026-02-25 11:06:35,607 INFO [depth=2] Crawling: https://elections.maryland.gov/pdf/vrar/MSR-2004_01.pdf
2026-02-25 11:06:36,683 INFO [depth=2] Crawling: https://elections.maryland.gov/pdf/vrar/MSR-2004_02.pdf
2026-02-25 11:06:37,653 INFO [depth=2] Crawling: https://elections.maryland.gov/pdf/vrar/MSR-2004_03.pdf
2026-02-25 11:06:38,694 INFO [depth=2] Crawling: https://elections.maryland.gov/pdf/vrar/MSR-2004_04.pdf
2026-02-25 11:06:39,893 INFO [depth=2] Crawling: https://elections.maryland.gov/pdf/vrar/MSR-2004_05.pdf
2026-02-25 11:06:41,007 INFO [depth=2] Crawling: https://elections.maryland.gov/pdf/vrar/MSR-2004_06.pdf
2026-02-25 11:06:42,338 INFO [depth=2] Crawling: https://elections.maryland.gov/pdf/vrar/MSR-2004_07.pdf
2026-02-25 11:06:43,501 INFO [depth=2] Crawling: https://elections.maryland.gov/pdf/vrar/MSR-2004_08.pdf
2026-02-25 11:06:44,572 INFO [depth=2] Crawling: https://elections.maryland.gov/pdf/vrar/MSR-2004_09.pdf
2026-02-25 11:06:45,731 INFO [depth=2] Crawling: https://elections.maryland.gov/pdf/vrar/MSR-2004_10.pdf
2026-02-25 11:06:46,865 INFO [depth=2] Crawling: https://elections.maryland.gov/pdf/vrar/MSR-2004_11.pdf
2026-02-25 11:06:48,235 INFO [depth=2] Crawling: https://elections.maryland.gov/pdf/vrar/MSR-2004_12.pdf
2026-02-25 11:06:49,243 INFO [depth=2] Crawling: https://elections.maryland.gov/pdf/vrar/MSR-2004.pdf
2026-02-25 11:06:50,533 INFO [depth=2] Crawling: https://elections.maryland.gov/pdf/vrar/MSR-2003_01.pdf
2026-02-25 11:06:51,593 INFO [depth=2] Crawling: https://elections.maryland.gov/pdf/vrar/MSR-2003_02.pdf
2026-02-25 11:06:52,569 INFO [depth=2] Crawling: https://elections.maryland.gov/pdf/vrar/MSR-2003_03.pdf
2026-02-25 11:06:53,683 INFO [depth=2] Crawling: https://elections.maryland.gov/pdf/vrar/MSR-2003_04.pdf
2026-02-25 11:06:54,808 INFO [depth=2] Crawling: https://elections.maryland.gov/pdf/vrar/MSR-2003_05.pdf
2026-02-25 11:06:55,844 INFO [depth=2] Crawling: https://elections.maryland.gov/pdf/vrar/MSR-2003_06.pdf
2026-02-25 11:06:56,866 INFO [depth=2] Crawling: https://elections.maryland.gov/pdf/vrar/MSR-2003_07.pdf
2026-02-25 11:06:57,889 INFO [depth=2] Crawling: https://elections.maryland.gov/pdf/vrar/MSR-2003_08.pdf
2026-02-25 11:06:59,391 INFO [depth=2] Crawling: https://elections.maryland.gov/pdf/vrar/MSR-2003_09.pdf
2026-02-25 11:07:00,607 INFO [depth=2] Crawling: https://elections.maryland.gov/pdf/vrar/MSR-2003_10.pdf
2026-02-25 11:07:01,791 INFO [depth=2] Crawling: https://elections.maryland.gov/pdf/vrar/MSR-2003_11.pdf
2026-02-25 11:07:02,896 INFO [depth=2] Crawling: https://elections.maryland.gov/pdf/vrar/MSR-2003_12.pdf
2026-02-25 11:07:03,922 INFO [depth=2] Crawling: https://elections.maryland.gov/pdf/vrar/MSR-2003.pdf
2026-02-25 11:07:05,616 INFO [depth=2] Crawling: https://elections.maryland.gov/pdf/vrar/MSR-2002_01.pdf
2026-02-25 11:07:06,693 INFO [depth=2] Crawling: https://elections.maryland.gov/pdf/vrar/MSR-2002_02.pdf
2026-02-25 11:07:07,680 INFO [depth=2] Crawling: https://elections.maryland.gov/pdf/vrar/MSR-2002_03.pdf
2026-02-25 11:07:08,799 INFO [depth=2] Crawling: https://elections.maryland.gov/pdf/vrar/MSR-2002_04.pdf
2026-02-25 11:07:09,896 INFO [depth=2] Crawling: https://elections.maryland.gov/pdf/vrar/MSR-2002_05.pdf
2026-02-25 11:07:11,186 INFO [depth=2] Crawling: https://elections.maryland.gov/pdf/vrar/MSR-2002_06.pdf
2026-02-25 11:07:12,219 INFO [depth=2] Crawling: https://elections.maryland.gov/pdf/vrar/MSR-2002_07.pdf
2026-02-25 11:07:13,477 INFO [depth=2] Crawling: https://elections.maryland.gov/pdf/vrar/MSR-2002_08.pdf
2026-02-25 11:07:14,576 INFO [depth=2] Crawling: https://elections.maryland.gov/pdf/vrar/MSR-2002_09.pdf
2026-02-25 11:07:15,674 INFO [depth=2] Crawling: https://elections.maryland.gov/pdf/vrar/MSR-2002_10.pdf
2026-02-25 11:07:16,915 INFO [depth=2] Crawling: https://elections.maryland.gov/pdf/vrar/MSR-2002_11.pdf
2026-02-25 11:07:18,384 INFO [depth=2] Crawling: https://elections.maryland.gov/pdf/vrar/MSR-2002_12.pdf
2026-02-25 11:07:19,558 INFO [depth=2] Crawling: https://elections.maryland.gov/pdf/vrar/MSR-2002.pdf
2026-02-25 11:07:20,635 INFO [depth=2] Crawling: https://elections.maryland.gov/pdf/vrar/MSR-2001_01.pdf
2026-02-25 11:07:21,762 INFO [depth=2] Crawling: https://elections.maryland.gov/pdf/vrar/MSR-2001_02.pdf
2026-02-25 11:07:23,215 INFO [depth=2] Crawling: https://elections.maryland.gov/pdf/vrar/MSR-2001_03.pdf
2026-02-25 11:07:24,260 INFO [depth=2] Crawling: https://elections.maryland.gov/pdf/vrar/MSR-2001_04.pdf
2026-02-25 11:07:25,319 INFO [depth=2] Crawling: https://elections.maryland.gov/pdf/vrar/MSR-2001_05.pdf
2026-02-25 11:07:26,363 INFO [depth=2] Crawling: https://elections.maryland.gov/pdf/vrar/MSR-2001_06.pdf
2026-02-25 11:07:27,610 INFO [depth=2] Crawling: https://elections.maryland.gov/pdf/vrar/MSR-2001_07.pdf
2026-02-25 11:07:28,644 INFO [depth=2] Crawling: https://elections.maryland.gov/pdf/vrar/MSR-2001_08.pdf
2026-02-25 11:07:29,648 INFO [depth=2] Crawling: https://elections.maryland.gov/pdf/vrar/MSR-2001_09.pdf
2026-02-25 11:07:30,672 INFO [depth=2] Crawling: https://elections.maryland.gov/pdf/vrar/MSR-2001_10.pdf
2026-02-25 11:07:31,733 INFO [depth=2] Crawling: https://elections.maryland.gov/pdf/vrar/MSR-2001_11.pdf
2026-02-25 11:07:32,872 INFO [depth=2] Crawling: https://elections.maryland.gov/pdf/vrar/MSR-2001_12.pdf
2026-02-25 11:07:33,967 INFO [depth=2] Crawling: https://elections.maryland.gov/pdf/vrar/MSR-2001.pdf
2026-02-25 11:07:35,053 INFO [depth=2] Crawling: https://elections.maryland.gov/pdf/vrar/MSR-2000_01.pdf
2026-02-25 11:07:36,176 INFO [depth=2] Crawling: https://elections.maryland.gov/pdf/vrar/MSR-2000_02.pdf
2026-02-25 11:07:37,311 INFO [depth=2] Crawling: https://elections.maryland.gov/pdf/vrar/MSR-2000_03.pdf
2026-02-25 11:07:38,328 INFO [depth=2] Crawling: https://elections.maryland.gov/pdf/vrar/MSR-2000_04.pdf
2026-02-25 11:07:39,273 INFO [depth=2] Crawling: https://elections.maryland.gov/pdf/vrar/MSR-2000_05.pdf
2026-02-25 11:07:40,337 INFO [depth=2] Crawling: https://elections.maryland.gov/pdf/vrar/MSR-2000_06.pdf
2026-02-25 11:07:41,402 INFO [depth=2] Crawling: https://elections.maryland.gov/pdf/vrar/MSR-2000_07.pdf
2026-02-25 11:07:42,616 INFO [depth=2] Crawling: https://elections.maryland.gov/pdf/vrar/MSR-2000_08.pdf
2026-02-25 11:07:44,166 INFO [depth=2] Crawling: https://elections.maryland.gov/pdf/vrar/MSR-2000_09.pdf
2026-02-25 11:07:45,453 INFO [depth=2] Crawling: https://elections.maryland.gov/pdf/vrar/MSR-2000_10.pdf
2026-02-25 11:07:46,851 INFO [depth=2] Crawling: https://elections.maryland.gov/pdf/vrar/MSR-2000_11.pdf
2026-02-25 11:07:48,973 INFO [depth=2] Crawling: https://elections.maryland.gov/pdf/vrar/MSR-2000_12.pdf
2026-02-25 11:07:49,973 INFO [depth=2] Crawling: https://elections.maryland.gov/pdf/vrar/MSR-2000.pdf
2026-02-25 11:07:50,963 INFO [depth=2] Crawling: https://elections.maryland.gov/press_room/2024_stats/PG24/Eligible Active Voters by County - PG24.pdf
2026-02-25 11:07:52,074 INFO [depth=2] Crawling: https://elections.maryland.gov/press_room/2024_stats/PG24/Eligible Active Voters by Congressional - PG24.pdf
2026-02-25 11:07:53,216 INFO [depth=2] Crawling: https://elections.maryland.gov/press_room/2024_stats/PG24/Eligible Active Voters by Legislative - PG24.pdf
2026-02-25 11:07:54,415 INFO [depth=2] Crawling: https://elections.maryland.gov/press_room/2024_stats/PG24/Eligible Active Voters by Councilmanic - PG24.pdf
2026-02-25 11:07:55,410 INFO [depth=2] Crawling: https://elections.maryland.gov/press_room/2024_stats/PG24/Eligible Active Voters by County - PG24.xlsx
2026-02-25 11:07:56,426 INFO [depth=2] Crawling: https://elections.maryland.gov/press_room/2024_stats/PG24/Eligible Active Voters by Congressional - PG24.xlsx
2026-02-25 11:07:57,367 INFO [depth=2] Crawling: https://elections.maryland.gov/press_room/2024_stats/PG24/Eligible Active Voters by Legislative - PG24.xlsx
2026-02-25 11:07:58,257 INFO [depth=2] Crawling: https://elections.maryland.gov/press_room/2024_stats/PG24/Eligible Active Voters by Councilmanic - PG24.xlsx
2026-02-25 11:07:59,160 INFO [depth=2] Crawling: https://elections.maryland.gov/press_room/2024_stats/Eligible Active Voters by County - PP24.pdf
2026-02-25 11:08:00,207 INFO [depth=2] Crawling: https://elections.maryland.gov/press_room/2024_stats/Eligible Active Voters by Congressional - PP24.pdf
2026-02-25 11:08:01,416 INFO [depth=2] Crawling: https://elections.maryland.gov/press_room/2024_stats/Eligible Active Voters by Legislative - PP24.pdf
2026-02-25 11:08:02,575 INFO [depth=2] Crawling: https://elections.maryland.gov/press_room/2024_stats/Eligible Active Voters by Councilmanic - PP24.pdf
2026-02-25 11:08:03,579 INFO [depth=2] Crawling: https://elections.maryland.gov/press_room/2024_stats/Eligible Active Voters by County - PP24.xlsx
2026-02-25 11:08:04,447 INFO [depth=2] Crawling: https://elections.maryland.gov/press_room/2024_stats/Eligible Active Voters by Congressional - PP24.xlsx
2026-02-25 11:08:06,338 INFO [depth=2] Crawling: https://elections.maryland.gov/press_room/2024_stats/Eligible Active Voters by Legislative - PP24.xlsx
2026-02-25 11:08:07,505 INFO [depth=2] Crawling: https://elections.maryland.gov/press_room/2024_stats/Eligible Active Voters by Councilmanic - PP24.xlsx
2026-02-25 11:08:08,493 INFO [depth=2] Crawling: https://elections.maryland.gov/press_room/2022_stats/GG22/Eligible Active Voters by County - GG22.pdf
2026-02-25 11:08:09,525 INFO [depth=2] Crawling: https://elections.maryland.gov/press_room/2022_stats/GG22/Eligible Active Voters by Congressional - GG22.pdf
2026-02-25 11:08:10,536 INFO [depth=2] Crawling: https://elections.maryland.gov/press_room/2022_stats/GG22/Eligible Active Voters by Legislative - GG22.pdf
2026-02-25 11:08:11,599 INFO [depth=2] Crawling: https://elections.maryland.gov/press_room/2022_stats/GG22/Eligible Active Voters by Councilmanic - GG22.pdf
2026-02-25 11:08:13,294 INFO [depth=2] Crawling: https://elections.maryland.gov/press_room/2022_stats/GG22/Eligible Active Voters by County - GG22.xlsx
2026-02-25 11:08:14,156 INFO [depth=2] Crawling: https://elections.maryland.gov/press_room/2022_stats/GG22/Eligible Active Voters by Congressional - GG22.xlsx
2026-02-25 11:08:15,054 INFO [depth=2] Crawling: https://elections.maryland.gov/press_room/2022_stats/GG22/Eligible Active Voters by Legislative - GG22.xlsx
2026-02-25 11:08:16,023 INFO [depth=2] Crawling: https://elections.maryland.gov/press_room/2022_stats/GG22/Eligible Active Voters by Councilmanic - GG22.xlsx
2026-02-25 11:08:16,930 INFO [depth=2] Crawling: https://elections.maryland.gov/press_room/2022_stats/Eligible Active Voters by County - GP22.pdf
2026-02-25 11:08:18,042 INFO [depth=2] Crawling: https://elections.maryland.gov/press_room/2022_stats/Eligible Active Voters by Congressional - GP22.pdf
2026-02-25 11:08:19,619 INFO [depth=2] Crawling: https://elections.maryland.gov/press_room/2022_stats/Eligible Active Voters by Legislative - GP22.pdf
2026-02-25 11:08:20,787 INFO [depth=2] Crawling: https://elections.maryland.gov/press_room/2022_stats/Eligible Active Voters by Councilmanic - GP22.pdf
2026-02-25 11:08:21,785 INFO [depth=2] Crawling: https://elections.maryland.gov/press_room/2022_stats/Eligible Active Voters by County - GP22.xlsx
2026-02-25 11:08:22,690 INFO [depth=2] Crawling: https://elections.maryland.gov/press_room/2022_stats/Eligible Active Voters by Congressional - GP22.xlsx
2026-02-25 11:08:23,589 INFO [depth=2] Crawling: https://elections.maryland.gov/press_room/2022_stats/Eligible Active Voters by Legislative - GP22.xlsx
2026-02-25 11:08:24,475 INFO [depth=2] Crawling: https://elections.maryland.gov/press_room/2022_stats/Eligible Active Voters by Councilmanic - GP22.xlsx
2026-02-25 11:08:25,576 INFO [depth=2] Crawling: https://elections.maryland.gov/press_room/2020_stats/Eligible Active Voters by County - PG20.pdf
2026-02-25 11:08:26,643 INFO [depth=2] Crawling: https://elections.maryland.gov/press_room/2020_stats/Eligible Active Voters by Congressional - PG20.pdf
2026-02-25 11:08:27,719 INFO [depth=2] Crawling: https://elections.maryland.gov/press_room/2020_stats/Eligible Active Voters by Legislative - PG20.pdf
2026-02-25 11:08:28,923 INFO [depth=2] Crawling: https://elections.maryland.gov/press_room/2020_stats/Eligible Active Voters by Councilmanic - PG20.pdf
2026-02-25 11:08:30,359 INFO [depth=2] Crawling: https://elections.maryland.gov/press_room/2020_stats/Eligible Active Voters by County - PG20.xlsx
2026-02-25 11:08:31,403 INFO [depth=2] Crawling: https://elections.maryland.gov/press_room/2020_stats/Eligible Active Voters by Congressional - PG20.xlsx
2026-02-25 11:08:32,385 INFO [depth=2] Crawling: https://elections.maryland.gov/press_room/2020_stats/Eligible Active Voters by Legislative - PG20.xlsx
2026-02-25 11:08:33,414 INFO [depth=2] Crawling: https://elections.maryland.gov/press_room/2020_stats/Eligible Active Voters by Councilmanic - PG20.xlsx
2026-02-25 11:08:34,311 INFO [depth=2] Crawling: https://elections.maryland.gov/press_room/2020_stats/Eligible Active Voters by County - Weekly.pdf
2026-02-25 11:08:35,382 INFO [depth=2] Crawling: https://elections.maryland.gov/press_room/2020_stats/Eligible Active Voters by Congressional - Weekly.pdf
2026-02-25 11:08:36,344 INFO [depth=2] Crawling: https://elections.maryland.gov/press_room/2020_stats/Eligible Active Voters by Legislative - Weekly.pdf
2026-02-25 11:08:37,425 INFO [depth=2] Crawling: https://elections.maryland.gov/press_room/2020_stats/Eligible Active Voters by County - Weekly.xlsx
2026-02-25 11:08:38,295 INFO [depth=2] Crawling: https://elections.maryland.gov/press_room/2020_stats/Eligible Active Voters by Congressional - Weekly.xlsx
2026-02-25 11:08:39,194 INFO [depth=2] Crawling: https://elections.maryland.gov/voter_registration/2020_stats/Eligible Active Voters by Legislative - Weekly.xlsx
2026-02-25 11:08:39,347 INFO HTTP 404 — marking failed: https://elections.maryland.gov/voter_registration/2020_stats/Eligible Active Voters by Legislative - Weekly.xlsx
2026-02-25 11:08:39,349 INFO [depth=2] Crawling: https://elections.maryland.gov/press_room/2018_stats/GG18_Eligible_Active_Voters_by_County.pdf
2026-02-25 11:08:40,392 INFO [depth=2] Crawling: https://elections.maryland.gov/press_room/2018_stats/GG18_Eligible_Active_Voters_by_Congressional.pdf
2026-02-25 11:08:41,682 INFO [depth=2] Crawling: https://elections.maryland.gov/press_room/2018_stats/GG18_Eligible_Active_Voters_by_Legislative.pdf
2026-02-25 11:08:42,720 INFO [depth=2] Crawling: https://elections.maryland.gov/press_room/2018_stats/GG18_Eligible_Active_Voters_by_County.xlsx
2026-02-25 11:08:43,828 INFO [depth=2] Crawling: https://elections.maryland.gov/press_room/2018_stats/GG18_Eligible_Active_Voters_by_Congressional.xlsx
2026-02-25 11:08:44,698 INFO [depth=2] Crawling: https://elections.maryland.gov/press_room/2018_stats/GG18_Eligible_Active_Voters_by_Legislative.xlsx
2026-02-25 11:08:45,610 INFO [depth=2] Crawling: https://elections.maryland.gov/press_room/2018_stats/GP18_Eligible_Active_Voters_by_County.pdf
2026-02-25 11:08:46,782 INFO [depth=2] Crawling: https://elections.maryland.gov/press_room/2018_stats/GP18_Eligible_Active_Voters_by_Congressional.pdf
2026-02-25 11:08:47,791 INFO [depth=2] Crawling: https://elections.maryland.gov/press_room/2018_stats/GP18_Eligible_Active_Voters_by_Legislative.pdf
2026-02-25 11:08:48,868 INFO [depth=2] Crawling: https://elections.maryland.gov/press_room/2018_stats/GP18_Eligible_Active_Voters_by_County.xlsx
2026-02-25 11:08:49,721 INFO [depth=2] Crawling: https://elections.maryland.gov/press_room/2018_stats/GP18_Eligible_Active_Voters_by_Congressional.xlsx
2026-02-25 11:08:50,782 INFO [depth=2] Crawling: https://elections.maryland.gov/press_room/2018_stats/GP18_Eligible_Active_Voters_by_Legislative.xlsx
2026-02-25 11:08:51,779 INFO [depth=2] Crawling: https://elections.maryland.gov/press_room/2016_stats/PG16_Eligible_Active_Voters_by_County.pdf
2026-02-25 11:08:53,253 INFO [depth=2] Crawling: https://elections.maryland.gov/press_room/2016_stats/PG16_Eligible_Active_Voters_by_Congressional.pdf
2026-02-25 11:08:54,423 INFO [depth=2] Crawling: https://elections.maryland.gov/press_room/2016_stats/PG16_Eligible_Active_Voters_by_Legislative.pdf
2026-02-25 11:08:55,532 INFO [depth=2] Crawling: https://elections.maryland.gov/press_room/2016_stats/PG16_Eligible_Active_Voters_by_County.xlsx
2026-02-25 11:08:56,442 INFO [depth=2] Crawling: https://elections.maryland.gov/press_room/2016_stats/PG16_Eligible_Active_Voters_by_Congressional.xlsx
2026-02-25 11:08:57,448 INFO [depth=2] Crawling: https://elections.maryland.gov/press_room/2016_stats/PG16_Eligible_Active_Voters_by_Legislative.xlsx
2026-02-25 11:08:58,551 INFO [depth=2] Crawling: https://elections.maryland.gov/press_room/2016_stats/PrecinctRegisterCounts_ByCounty.pdf
2026-02-25 11:08:59,706 INFO [depth=2] Crawling: https://elections.maryland.gov/press_room/2016_stats/PrecinctRegisterCounts_ByCongressionalDistrict.pdf
2026-02-25 11:09:00,706 INFO [depth=2] Crawling: https://elections.maryland.gov/press_room/2016_stats/PrecinctRegisterCounts_ByLegislativeDistrict.pdf
2026-02-25 11:09:01,776 INFO [depth=2] Crawling: https://elections.maryland.gov/press_room/2016_stats/PrecinctRegisterCounts_ByCounty.xlsx
2026-02-25 11:09:02,722 INFO [depth=2] Crawling: https://elections.maryland.gov/press_room/2016_stats/PrecinctRegisterCounts_ByCongressionalDistrict.xlsx
2026-02-25 11:09:03,960 INFO [depth=2] Crawling: https://elections.maryland.gov/press_room/2016_stats/PrecinctRegisterCounts_ByLegislativeDistrict.xlsx
2026-02-25 11:09:04,957 INFO [depth=2] Crawling: https://elections.maryland.gov/press_room/2014_stats/PrecinctRegisterCounts_ByCounty_GG14.pdf
2026-02-25 11:09:06,136 INFO [depth=2] Crawling: https://elections.maryland.gov/press_room/2014_stats/PrecinctRegisterCounts_ByCongressionalDistrict_GG14_GG14.pdf
2026-02-25 11:09:07,220 INFO [depth=2] Crawling: https://elections.maryland.gov/press_room/2014_stats/PrecinctRegisterCounts_ByLegislativeDistrict_GG14.pdf
2026-02-25 11:09:08,331 INFO [depth=2] Crawling: https://elections.maryland.gov/press_room/2014_stats/PrecinctRegisterCounts_ByCounty_GG14.xls
2026-02-25 11:09:09,256 INFO [depth=2] Crawling: https://elections.maryland.gov/press_room/2014_stats/PrecinctRegisterCounts_ByCongressionalDistrict_GG14.xls
2026-02-25 11:09:10,177 INFO [depth=2] Crawling: https://elections.maryland.gov/press_room/2014_stats/PrecinctRegisterCounts_ByLegislativeDistrict_GG14.xls
2026-02-25 11:09:11,089 INFO [depth=2] Crawling: https://elections.maryland.gov/press_room/2014_stats/PrecinctRegisterCounts_ByCounty.pdf
2026-02-25 11:09:12,186 INFO [depth=2] Crawling: https://elections.maryland.gov/press_room/2014_stats/PrecinctRegisterCounts_ByCongressionalDistrict.pdf
2026-02-25 11:09:13,266 INFO [depth=2] Crawling: https://elections.maryland.gov/press_room/2014_stats/PrecinctRegisterCounts_ByLegislativeDistrict.pdf
2026-02-25 11:09:14,447 INFO [depth=2] Crawling: https://elections.maryland.gov/press_room/2014_stats/PrecinctRegisterCounts_ByCounty.xls
2026-02-25 11:09:15,586 INFO [depth=2] Crawling: https://elections.maryland.gov/press_room/2014_stats/PrecinctRegisterCounts_ByCongressionalDistrict.xls
2026-02-25 11:09:16,498 INFO [depth=2] Crawling: https://elections.maryland.gov/press_room/2014_stats/PrecinctRegisterCounts_ByLegislativeDistrict.xls
2026-02-25 11:09:17,521 INFO [depth=2] Crawling: https://elections.maryland.gov/press_room/documents/PG12/PrecinctRegisterCounts/Statewide.pdf
2026-02-25 11:09:18,607 INFO [depth=2] Crawling: https://elections.maryland.gov/press_room/documents/PG12/PrecinctRegisterCounts/byprecinct.xls
2026-02-25 11:09:19,526 INFO [depth=2] Crawling: https://elections.maryland.gov/press_room/documents/PG12/PrecinctRegisterCounts/allegany.pdf
2026-02-25 11:09:20,628 INFO [depth=2] Crawling: https://elections.maryland.gov/press_room/documents/PG12/PrecinctRegisterCounts/aa.pdf
2026-02-25 11:09:21,777 INFO [depth=2] Crawling: https://elections.maryland.gov/press_room/documents/PG12/PrecinctRegisterCounts/bcity.pdf
2026-02-25 11:09:22,890 INFO [depth=2] Crawling: https://elections.maryland.gov/press_room/documents/PG12/PrecinctRegisterCounts/bcounty.pdf
2026-02-25 11:09:23,993 INFO [depth=2] Crawling: https://elections.maryland.gov/press_room/documents/PG12/PrecinctRegisterCounts/calvert.pdf
2026-02-25 11:09:25,211 INFO [depth=2] Crawling: https://elections.maryland.gov/press_room/documents/PG12/PrecinctRegisterCounts/caroline.pdf
2026-02-25 11:09:26,338 INFO [depth=2] Crawling: https://elections.maryland.gov/press_room/documents/PG12/PrecinctRegisterCounts/carroll.pdf
2026-02-25 11:09:27,482 INFO [depth=2] Crawling: https://elections.maryland.gov/press_room/documents/PG12/PrecinctRegisterCounts/cecil.pdf
2026-02-25 11:09:28,675 INFO [depth=2] Crawling: https://elections.maryland.gov/press_room/documents/PG12/PrecinctRegisterCounts/charles.pdf
2026-02-25 11:09:30,027 INFO [depth=2] Crawling: https://elections.maryland.gov/press_room/documents/PG12/PrecinctRegisterCounts/dorchester.pdf
2026-02-25 11:09:31,079 INFO [depth=2] Crawling: https://elections.maryland.gov/press_room/documents/PG12/PrecinctRegisterCounts/frederick.pdf
2026-02-25 11:09:32,210 INFO [depth=2] Crawling: https://elections.maryland.gov/press_room/documents/PG12/PrecinctRegisterCounts/garrett.pdf
2026-02-25 11:09:33,227 INFO [depth=2] Crawling: https://elections.maryland.gov/press_room/documents/PG12/PrecinctRegisterCounts/harford.pdf
2026-02-25 11:09:35,691 INFO [depth=2] Crawling: https://elections.maryland.gov/press_room/documents/PG12/PrecinctRegisterCounts/howard.pdf
2026-02-25 11:09:36,690 INFO [depth=2] Crawling: https://elections.maryland.gov/press_room/documents/PG12/PrecinctRegisterCounts/kent.pdf
2026-02-25 11:09:37,744 INFO [depth=2] Crawling: https://elections.maryland.gov/press_room/documents/PG12/PrecinctRegisterCounts/montgomery.pdf
2026-02-25 11:09:39,093 INFO [depth=2] Crawling: https://elections.maryland.gov/press_room/documents/PG12/PrecinctRegisterCounts/pg.pdf
2026-02-25 11:09:40,229 INFO [depth=2] Crawling: https://elections.maryland.gov/press_room/documents/PG12/PrecinctRegisterCounts/qa.pdf
2026-02-25 11:09:41,233 INFO [depth=2] Crawling: https://elections.maryland.gov/press_room/documents/PG12/PrecinctRegisterCounts/sm.pdf
2026-02-25 11:09:42,349 INFO [depth=2] Crawling: https://elections.maryland.gov/press_room/documents/PG12/PrecinctRegisterCounts/somerset.pdf
2026-02-25 11:09:43,376 INFO [depth=2] Crawling: https://elections.maryland.gov/press_room/documents/PG12/PrecinctRegisterCounts/talbot.pdf
2026-02-25 11:09:44,432 INFO [depth=2] Crawling: https://elections.maryland.gov/press_room/documents/PG12/PrecinctRegisterCounts/washington.pdf
2026-02-25 11:09:45,504 INFO [depth=2] Crawling: https://elections.maryland.gov/press_room/documents/PG12/PrecinctRegisterCounts/wicomico.pdf
2026-02-25 11:09:46,608 INFO [depth=2] Crawling: https://elections.maryland.gov/press_room/documents/PG12/PrecinctRegisterCounts/worcester.pdf
2026-02-25 11:09:47,777 INFO [depth=2] Crawling: https://elections.maryland.gov/press_room/documents/PP12/PrecinctRegisterCounts/statewide.pdf
2026-02-25 11:09:49,436 INFO [depth=2] Crawling: https://elections.maryland.gov/press_room/documents/PP12/PrecinctRegisterCounts/byprecinct.xls
2026-02-25 11:09:50,343 INFO [depth=2] Crawling: https://elections.maryland.gov/press_room/documents/PP12/PrecinctRegisterCounts/allegany.pdf
2026-02-25 11:09:51,490 INFO [depth=2] Crawling: https://elections.maryland.gov/press_room/documents/PP12/PrecinctRegisterCounts/aa.pdf
2026-02-25 11:09:52,555 INFO [depth=2] Crawling: https://elections.maryland.gov/press_room/documents/PP12/PrecinctRegisterCounts/bcity.pdf
2026-02-25 11:09:53,589 INFO [depth=2] Crawling: https://elections.maryland.gov/press_room/documents/PP12/PrecinctRegisterCounts/bcounty.pdf
2026-02-25 11:09:54,675 INFO [depth=2] Crawling: https://elections.maryland.gov/press_room/documents/PP12/PrecinctRegisterCounts/calvert.pdf
2026-02-25 11:09:55,810 INFO [depth=2] Crawling: https://elections.maryland.gov/press_room/documents/PP12/PrecinctRegisterCounts/caroline.pdf
2026-02-25 11:09:56,922 INFO [depth=2] Crawling: https://elections.maryland.gov/press_room/documents/PP12/PrecinctRegisterCounts/carroll.pdf
2026-02-25 11:09:59,084 INFO [depth=2] Crawling: https://elections.maryland.gov/press_room/documents/PP12/PrecinctRegisterCounts/cecil.pdf
2026-02-25 11:10:00,576 INFO [depth=2] Crawling: https://elections.maryland.gov/press_room/documents/PP12/PrecinctRegisterCounts/charles.pdf
2026-02-25 11:10:01,736 INFO [depth=2] Crawling: https://elections.maryland.gov/press_room/documents/PP12/PrecinctRegisterCounts/dorchester.pdf
2026-02-25 11:10:02,807 INFO [depth=2] Crawling: https://elections.maryland.gov/press_room/documents/PP12/PrecinctRegisterCounts/frederick.pdf
2026-02-25 11:10:04,002 INFO [depth=2] Crawling: https://elections.maryland.gov/press_room/documents/PP12/PrecinctRegisterCounts/garrett.pdf
2026-02-25 11:10:05,317 INFO [depth=2] Crawling: https://elections.maryland.gov/press_room/documents/PP12/PrecinctRegisterCounts/harford.pdf
2026-02-25 11:10:06,557 INFO [depth=2] Crawling: https://elections.maryland.gov/press_room/documents/PP12/PrecinctRegisterCounts/howard.pdf
2026-02-25 11:10:07,740 INFO [depth=2] Crawling: https://elections.maryland.gov/press_room/documents/PP12/PrecinctRegisterCounts/kent.pdf
2026-02-25 11:10:08,811 INFO [depth=2] Crawling: https://elections.maryland.gov/press_room/documents/PP12/PrecinctRegisterCounts/montgomery.pdf
2026-02-25 11:10:09,978 INFO [depth=2] Crawling: https://elections.maryland.gov/press_room/documents/PP12/PrecinctRegisterCounts/pg.pdf
2026-02-25 11:10:11,058 INFO [depth=2] Crawling: https://elections.maryland.gov/press_room/documents/PP12/PrecinctRegisterCounts/qa.pdf
2026-02-25 11:10:12,139 INFO [depth=2] Crawling: https://elections.maryland.gov/press_room/documents/PP12/PrecinctRegisterCounts/sm.pdf
2026-02-25 11:10:13,193 INFO [depth=2] Crawling: https://elections.maryland.gov/press_room/documents/PP12/PrecinctRegisterCounts/somerset.pdf
2026-02-25 11:10:14,273 INFO [depth=2] Crawling: https://elections.maryland.gov/press_room/documents/PP12/PrecinctRegisterCounts/talbot.pdf
2026-02-25 11:10:15,453 INFO [depth=2] Crawling: https://elections.maryland.gov/press_room/documents/PP12/PrecinctRegisterCounts/washington.pdf
2026-02-25 11:10:16,742 INFO [depth=2] Crawling: https://elections.maryland.gov/press_room/documents/PP12/PrecinctRegisterCounts/wicomico.pdf
2026-02-25 11:10:17,749 INFO [depth=2] Crawling: https://elections.maryland.gov/press_room/documents/PP12/PrecinctRegisterCounts/worcester.pdf
2026-02-25 11:10:18,832 INFO [depth=2] Crawling: https://elections.maryland.gov/voter_registration/documents/precinctregistercounts_bcp11.pdf
2026-02-25 11:10:19,924 INFO [depth=2] Crawling: https://elections.maryland.gov/voter_registration/documents/precinctregistercounts_byprecinct.xls
2026-02-25 11:10:20,810 INFO [depth=2] Crawling: https://elections.maryland.gov/voter_registration/archive_bydistricts.html
2026-02-25 11:10:21,989 INFO [depth=2] Crawling: https://elections.maryland.gov/candidacy/documents/SOO.pdf
2026-02-25 11:10:23,083 INFO [depth=2] Crawling: https://elections.maryland.gov/candidacy/documents/local_candidate_filing_packages.pdf
2026-02-25 11:10:24,088 INFO [depth=2] Crawling: https://elections.maryland.gov/candidacy/documents/DeclarationofIntenttoSeekNominationbyPetition.pdf
2026-02-25 11:10:25,499 INFO [depth=2] Crawling: https://elections.maryland.gov/candidacy/documents/Voter_Counts_for_Petitions.pdf
2026-02-25 11:10:26,731 INFO [depth=2] Crawling: https://elections.maryland.gov/candidacy/ccf.sbe@maryland.gov
2026-02-25 11:10:26,845 INFO HTTP 404 — marking failed: https://elections.maryland.gov/candidacy/ccf.sbe@maryland.gov
2026-02-25 11:10:26,846 INFO [depth=2] Crawling: https://elections.maryland.gov/candidacy/documents/Write_In_Candidate_Information_2016_final.pdf
2026-02-25 11:10:27,856 INFO [depth=2] Crawling: https://elections.maryland.gov/forms/petitions.html
2026-02-25 11:10:28,767 INFO [depth=2] Crawling: https://elections.maryland.gov/candidacy/candidate_filing.html
2026-02-25 11:10:29,682 INFO [depth=2] Crawling: https://elections.maryland.gov/press_room/Dis-Misinformation.html
2026-02-25 11:10:30,570 INFO [depth=2] Crawling: https://elections.maryland.gov/press_room/documents/Post Election Tabulation Audit Pilot Program Report.pdf
2026-02-25 11:10:31,778 INFO [depth=2] Crawling: https://elections.maryland.gov/press_room/documents/PostElectionTabulationAuditLegislativeReport.pdf
2026-02-25 11:10:33,360 INFO [depth=2] Crawling: https://elections.maryland.gov/press_room/documents/Schaefer Center Final Report.pdf
2026-02-25 11:10:34,359 INFO [depth=2] Crawling: https://elections.maryland.gov/press_room/documents/2016 Primary_ Schaefer Center Wait Time Study_FINAL.pdf
2026-02-25 11:10:35,426 INFO [depth=2] Crawling: https://elections.maryland.gov/press_room/documents/Wait Time Obersvations from 2014.pdf
2026-02-25 11:10:36,482 INFO [depth=2] Crawling: https://elections.maryland.gov/press_room/documents/OnlineBallot_UsabilityTestResults.pdf
2026-02-25 11:10:37,722 INFO [depth=2] Crawling: https://elections.maryland.gov/press_room/documents/Voter Services Security Assessment Executive Report _Final.pdf
2026-02-25 11:10:38,895 INFO [depth=2] Crawling: https://elections.maryland.gov/press_room/dis-misinformation.html
2026-02-25 11:10:40,032 INFO [depth=2] Crawling: https://elections.maryland.gov/press_room/documents/Maryland's Blank Ballot Procedures.pdf
2026-02-25 11:10:41,449 INFO [depth=2] Crawling: https://elections.maryland.gov/voting/documents/Voting%20System%20Security%20Talking%20Points.pdf
2026-02-25 11:10:42,840 INFO [depth=2] Crawling: https://elections.maryland.gov/press_room/Voter%20Registration%20Security%20Talking%20Points.pdf
2026-02-25 11:10:43,854 INFO [depth=2] Crawling: https://voterservices.elections.maryland.gov/OnlineVoterRegistration/InstructionsStep1
2026-02-25 11:10:44,833 INFO [depth=2] Crawling: https://elections.maryland.gov/elections/archive.html
2026-02-25 11:10:44,993 INFO Trafilatura returned 40 words for https://elections.maryland.gov/elections/archive.html; BS4 fallback got 103
2026-02-25 11:10:45,761 INFO [depth=2] Crawling: https://elections.maryland.gov/elections/municipal_results/2026/2026-Seat_Pleasant_Special_Election_Results.xlsx
2026-02-25 11:10:46,668 INFO [depth=2] Crawling: https://elections.maryland.gov/elections/documents/Presidential Elections 1796 to 2016_final.pdf
2026-02-25 11:10:47,840 INFO [depth=2] Crawling: https://elections.maryland.gov/get_involved/election_judges_form.html
2026-02-25 11:10:48,763 INFO [depth=2] Crawling: https://elections.maryland.gov/get_involved/registration_volunteers.html
2026-02-25 11:10:49,689 INFO [depth=2] Crawling: https://elections.maryland.gov/get_involved/election_pages.html
2026-02-25 11:10:50,621 INFO [depth=2] Crawling: https://elections.maryland.gov/get_involved/election_judges.html
2026-02-25 11:10:51,501 INFO [depth=2] Crawling: https://elections.maryland.gov/about/board_archive.html
2026-02-25 11:10:53,557 INFO [depth=2] Crawling: https://elections.maryland.gov/about/social_media.html
2026-02-25 11:10:54,458 INFO [depth=2] Crawling: https://elections.maryland.gov/about/state-links.html
2026-02-25 11:10:55,416 INFO [depth=2] Crawling: https://elections.maryland.gov/about/federal-links.html
2026-02-25 11:10:55,579 INFO Trafilatura returned 40 words for https://elections.maryland.gov/about/federal-links.html; BS4 fallback got 73
2026-02-25 11:10:56,351 INFO [depth=2] Crawling: https://elections.maryland.gov/about/directions.html
2026-02-25 11:10:56,497 INFO Trafilatura returned 41 words for https://elections.maryland.gov/about/directions.html; BS4 fallback got 80
2026-02-25 11:10:57,267 INFO [depth=2] Crawling: https://elections.maryland.gov/about/feedback.html
2026-02-25 11:10:57,419 INFO Trafilatura returned 40 words for https://elections.maryland.gov/about/feedback.html; BS4 fallback got 52
2026-02-25 11:10:58,186 INFO [depth=2] Crawling: https://elections.maryland.gov/about/Signed Board Bylaws.pdf
2026-02-25 11:10:59,288 INFO [depth=2] Crawling: https://elections.maryland.gov/about/documents/SBE_Delegation_of_Duties.pdf
2026-02-25 11:11:00,372 INFO [depth=2] Crawling: https://elections.maryland.gov/documents/instructions_box.pdf
2026-02-25 11:11:01,424 INFO [depth=2] Crawling: https://elections.maryland.gov/forms/voter.html
2026-02-25 11:11:01,544 INFO Trafilatura returned 42 words for https://elections.maryland.gov/forms/voter.html; BS4 fallback got 61
2026-02-25 11:11:02,320 INFO [depth=2] Crawling: https://elections.maryland.gov/forms/campaign_finance.html
2026-02-25 11:11:03,472 INFO [depth=2] Crawling: https://elections.maryland.gov/forms/miscellaneous.html
2026-02-25 11:11:03,659 INFO Trafilatura returned 40 words for https://elections.maryland.gov/forms/miscellaneous.html; BS4 fallback got 59
2026-02-25 11:11:04,428 INFO [depth=2] Crawling: https://elections.maryland.gov/voting/documents/Voting System Security Talking Points.pdf
2026-02-25 11:11:05,614 INFO [depth=2] Crawling: https://elections.maryland.gov/press_room/Voter Registration Security Talking Points.pdf
2026-02-25 11:11:06,682 INFO [depth=2] Crawling: https://elections.maryland.gov/about/documents/HIRT_Engagement_Report_Maryland_State_Board_of_Elections_FINAL.pdf
2026-02-25 11:11:07,827 INFO [depth=2] Crawling: https://elections.maryland.gov/laws_and_regs/documents/2023-01 MIB Processing for 2024 Election.pdf
2026-02-25 11:11:08,850 INFO [depth=2] Crawling: https://elections.maryland.gov/laws_and_regs/documents/Misc-c_SBE Policy 2025-01 Line Management.pdf
2026-02-25 11:11:09,913 INFO [depth=2] Crawling: https://elections.maryland.gov/laws_and_regs/documents/Misc-b_SBE Policy 2023-01 List Maintenance Updated Policy.pdf
2026-02-25 11:11:11,015 INFO [depth=2] Crawling: https://elections.maryland.gov/get_involved/Key_Award_Application.pdf
2026-02-25 11:11:12,015 INFO [depth=3] Crawling: https://elections.maryland.gov/voting/documents/HowMDVotes_BMD.pdf
2026-02-25 11:11:14,902 INFO [depth=3] Crawling: https://voterservices.elections.maryland.gov/onlinemailinrequest/InstructionsStep1
2026-02-25 11:11:15,795 INFO [depth=3] Crawling: https://elections.maryland.gov/voting/documents/Definition of a Vote Manual_v0.3 11022016.pdf
2026-02-25 11:11:16,999 INFO [depth=3] Crawling: https://elections.maryland.gov/voting/documents/Rules for Observing Canvasses_10152024.pdf
2026-02-25 11:11:18,113 INFO [depth=3] Crawling: https://elections.maryland.gov/voting/documents/Canvass Challenge Form_10112024.pdf
2026-02-25 11:11:19,152 INFO [depth=3] Crawling: https://elections.maryland.gov/voting/provisional_voting_video_transcript.html
2026-02-25 11:11:20,071 INFO [depth=3] Crawling: http://www.elections.maryland.gov/about/county_boards.html
2026-02-25 11:11:21,276 INFO [depth=3] Crawling: http://elections.maryland.gov/voter_services/OLVR_Welcome_and_Navigation.html
2026-02-25 11:11:22,211 INFO [depth=3] Crawling: http://elections.maryland.gov/voter_registration/index.html?eligibility=
2026-02-25 11:11:23,265 INFO [depth=3] Crawling: https://elections.maryland.gov/pdf/Challenger_and_Watchers_Manual.pdf
2026-02-25 11:11:24,280 INFO [depth=3] Crawling: https://elections.maryland.gov/get_involved/Challenger  Watcher Summary - Opening the Polls.pdf
2026-02-25 11:11:25,368 INFO [depth=3] Crawling: https://elections.maryland.gov/get_involved/Challenger  Watcher Summary - Closing the Polls.pdf
2026-02-25 11:11:26,399 INFO [depth=3] Crawling: https://elections.maryland.gov/pdf/Challenger_Certificate.pdf
2026-02-25 11:11:27,681 INFO [depth=3] Crawling: https://www.elections.maryland.gov/voting/absentee.html
2026-02-25 11:11:28,900 INFO [depth=3] Crawling: https://elections.maryland.gov/voting_system/how_to_vote_video_transcript.html
2026-02-25 11:11:29,813 INFO [depth=3] Crawling: https://elections.maryland.gov/voting_system/documents/Closed_Certification Testing Report for ES&S EVS_FINAL.pdf
2026-02-25 11:11:30,899 INFO [depth=3] Crawling: https://elections.maryland.gov/voting_system/documents/Closed_Public demo survey summary.pdf
2026-02-25 11:11:32,038 INFO [depth=3] Crawling: https://elections.maryland.gov/voting_system/documents/ExpressVote - Final Usability Report.pdf
2026-02-25 11:11:33,369 INFO [depth=3] Crawling: https://voterservices.elections.maryland.gov/OnlineMailinRequest/InstructionsStep1
2026-02-25 11:11:34,239 INFO [depth=3] Crawling: https://elections.maryland.gov/overseas_voters/documents/Designation of Agent Form- Mail-In Ballot.pdf
2026-02-25 11:11:35,284 INFO [depth=3] Crawling: https://elections.maryland.gov/voting/documents/2014_Absentee_Ballot_Application_Spanish.pdf
2026-02-25 11:11:36,373 INFO [depth=3] Crawling: https://elections.maryland.gov/voter_registration/documents/VR_List_Maintenance.pdf
2026-02-25 11:11:37,449 INFO [depth=3] Crawling: https://elections.maryland.gov/voter_registration/data_form.html
2026-02-25 11:11:37,783 INFO Trafilatura returned 40 words for https://elections.maryland.gov/voter_registration/data_form.html; BS4 fallback got 43
2026-02-25 11:11:38,552 INFO [depth=3] Crawling: https://elections.maryland.gov/voter_registration/documents/VR_List_Request_Form.pdf
2026-02-25 11:11:39,552 INFO [depth=3] Crawling: http://voterservices.elections.maryland.gov/VoterSearch
2026-02-25 11:11:39,703 INFO Trafilatura returned 42 words for http://voterservices.elections.maryland.gov/VoterSearch; BS4 fallback got 427
2026-02-25 11:11:40,466 INFO [depth=3] Crawling: http://voterservices.elections.maryland.gov/OnlineVoterRegistration
2026-02-25 11:11:41,445 INFO [depth=3] Crawling: http://voterservices.elections.maryland.gov/OnlineMailinRequest
2026-02-25 11:11:42,407 INFO [depth=3] Crawling: http://voterservices.elections.maryland.gov/OnlineVoterUpdate
2026-02-25 11:11:43,375 INFO [depth=3] Crawling: http://www.elections.maryland.gov/index.html
2026-02-25 11:11:44,442 INFO [depth=3] Crawling: http://www.elections.maryland.gov/voting/index.html
2026-02-25 11:11:45,490 INFO [depth=3] Crawling: http://www.elections.maryland.gov/voting/early_voting.html
2026-02-25 11:11:46,469 INFO [depth=3] Crawling: http://www.elections.maryland.gov/voting/election_day_questions.html
2026-02-25 11:11:48,289 INFO [depth=3] Crawling: http://www.elections.maryland.gov/voting/absentee.html
2026-02-25 11:11:49,281 INFO [depth=3] Crawling: http://www.elections.maryland.gov/voting/primary.html
2026-02-25 11:11:50,261 INFO [depth=3] Crawling: http://www.elections.maryland.gov/voting_system/index.html
2026-02-25 11:11:51,291 INFO [depth=3] Crawling: http://www.elections.maryland.gov/overseas_voters/index.html
2026-02-25 11:11:52,289 INFO [depth=3] Crawling: http://www.elections.maryland.gov/voter_registration/index.html
2026-02-25 11:11:53,323 INFO [depth=3] Crawling: http://www.elections.maryland.gov/voter_registration/nvra.html
2026-02-25 11:11:54,327 INFO [depth=3] Crawling: http://www.elections.maryland.gov/voter_registration/application.html
2026-02-25 11:11:55,309 INFO [depth=3] Crawling: http://www.elections.maryland.gov/voter_registration/stats.html
2026-02-25 11:11:56,519 INFO [depth=3] Crawling: http://www.elections.maryland.gov/candidacy/index.html
2026-02-25 11:11:57,566 INFO [depth=3] Crawling: http://www.elections.maryland.gov/candidacy/requirements.html
2026-02-25 11:11:58,582 INFO [depth=3] Crawling: http://www.elections.maryland.gov/candidacy/qualifications.html
2026-02-25 11:11:59,855 INFO [depth=3] Crawling: http://www.elections.maryland.gov/candidacy/ballot.html
2026-02-25 11:12:00,856 INFO [depth=3] Crawling: http://www.elections.maryland.gov/press_room/index.html
2026-02-25 11:12:02,024 INFO [depth=3] Crawling: http://www.elections.maryland.gov/press_room/reports.html
2026-02-25 11:12:03,119 INFO [depth=3] Crawling: http://www.elections.maryland.gov/press_room/rumor_control.html
2026-02-25 11:12:04,143 INFO [depth=3] Crawling: http://www.elections.maryland.gov/elections/municipal_results.html
2026-02-25 11:12:05,166 INFO [depth=3] Crawling: http://www.elections.maryland.gov/elections/districts.html
2026-02-25 11:12:06,203 INFO [depth=3] Crawling: http://www.elections.maryland.gov/elections/electoral_college.html
2026-02-25 11:12:07,230 INFO [depth=3] Crawling: http://www.elections.maryland.gov/get_involved/index.html
2026-02-25 11:12:08,230 INFO [depth=3] Crawling: http://www.elections.maryland.gov/get_involved/teachers.html
2026-02-25 11:12:09,221 INFO [depth=3] Crawling: http://www.elections.maryland.gov/get_involved/students.html
2026-02-25 11:12:10,197 INFO [depth=3] Crawling: http://www.elections.maryland.gov/get_involved/dis-misinformation.html
2026-02-25 11:12:10,429 INFO Trafilatura returned 40 words for http://www.elections.maryland.gov/get_involved/dis-misinformation.html; BS4 fallback got 47
2026-02-25 11:12:11,201 INFO [depth=3] Crawling: http://www.elections.maryland.gov/about/index.html
2026-02-25 11:12:12,180 INFO [depth=3] Crawling: http://www.elections.maryland.gov/about/board.html
2026-02-25 11:12:13,173 INFO [depth=3] Crawling: http://www.elections.maryland.gov/about/contact.html
2026-02-25 11:12:14,190 INFO [depth=3] Crawling: http://www.elections.maryland.gov/forms/index.html
2026-02-25 11:12:14,416 INFO Trafilatura returned 42 words for http://www.elections.maryland.gov/forms/index.html; BS4 fallback got 57
2026-02-25 11:12:15,189 INFO [depth=3] Crawling: http://www.elections.maryland.gov/about/election_security.html
2026-02-25 11:12:16,183 INFO [depth=3] Crawling: http://www.elections.maryland.gov/about/pia.html
2026-02-25 11:12:17,152 INFO [depth=3] Crawling: http://www.elections.maryland.gov/laws_and_regs/index.html
2026-02-25 11:12:18,173 INFO [depth=3] Crawling: http://www.elections.maryland.gov/laws_and_regs/federal_law.html
2026-02-25 11:12:19,223 INFO [depth=3] Crawling: http://www.elections.maryland.gov/laws_and_regs/election_law.html
2026-02-25 11:12:20,224 INFO [depth=3] Crawling: http://www.elections.maryland.gov/laws_and_regs/regulations.html
2026-02-25 11:12:21,270 INFO [depth=3] Crawling: http://www.elections.maryland.gov/laws_and_regs/sbe_policy.html
2026-02-25 11:12:21,530 INFO Trafilatura returned 40 words for http://www.elections.maryland.gov/laws_and_regs/sbe_policy.html; BS4 fallback got 53
2026-02-25 11:12:22,298 INFO [depth=3] Crawling: http://www.elections.maryland.gov/get_involved/high_school_contest.html
2026-02-25 11:12:23,296 INFO [depth=3] Crawling: http://www.elections.maryland.gov/voting/municipal_results.html
2026-02-25 11:12:23,764 INFO HTTP 404 — marking failed: http://www.elections.maryland.gov/voting/municipal_results.html
2026-02-25 11:12:23,765 INFO [depth=3] Crawling: http://www.elections.maryland.gov/privacy.html
2026-02-25 11:12:24,743 INFO [depth=3] Crawling: http://www.elections.maryland.gov/accessibility.html
2026-02-25 11:12:25,693 INFO [depth=3] Crawling: http://www.elections.maryland.gov/cdn-cgi/l/email-protection
2026-02-25 11:12:26,523 INFO [depth=3] Crawling: http://elections.maryland.gov/index.html
2026-02-25 11:12:27,565 INFO [depth=3] Crawling: http://elections.maryland.gov/voting/index.html
2026-02-25 11:12:28,554 INFO [depth=3] Crawling: http://elections.maryland.gov/voting/early_voting.html
2026-02-25 11:12:30,118 INFO [depth=3] Crawling: http://elections.maryland.gov/voting/election_day_questions.html
2026-02-25 11:12:31,129 INFO [depth=3] Crawling: http://elections.maryland.gov/voting/absentee.html
2026-02-25 11:12:32,247 INFO [depth=3] Crawling: http://elections.maryland.gov/voting/primary.html
2026-02-25 11:12:33,253 INFO [depth=3] Crawling: http://elections.maryland.gov/voting_system/index.html
2026-02-25 11:12:34,292 INFO [depth=3] Crawling: http://elections.maryland.gov/overseas_voters/index.html
2026-02-25 11:12:35,264 INFO [depth=3] Crawling: http://elections.maryland.gov/voter_registration/index.html
2026-02-25 11:12:36,238 INFO [depth=3] Crawling: http://elections.maryland.gov/voter_registration/nvra.html
2026-02-25 11:12:37,395 INFO [depth=3] Crawling: http://elections.maryland.gov/voter_registration/application.html
2026-02-25 11:12:38,427 INFO [depth=3] Crawling: http://elections.maryland.gov/voter_registration/stats.html
2026-02-25 11:12:39,594 INFO [depth=3] Crawling: http://elections.maryland.gov/candidacy/index.html
2026-02-25 11:12:40,593 INFO [depth=3] Crawling: http://elections.maryland.gov/candidacy/requirements.html
2026-02-25 11:12:41,547 INFO [depth=3] Crawling: http://elections.maryland.gov/candidacy/qualifications.html
2026-02-25 11:12:42,591 INFO [depth=3] Crawling: http://elections.maryland.gov/candidacy/ballot.html
2026-02-25 11:12:43,613 INFO [depth=3] Crawling: http://elections.maryland.gov/press_room/index.html
2026-02-25 11:12:44,762 INFO [depth=3] Crawling: http://elections.maryland.gov/press_room/reports.html
2026-02-25 11:12:45,749 INFO [depth=3] Crawling: http://elections.maryland.gov/press_room/rumor_control.html
2026-02-25 11:12:46,926 INFO [depth=3] Crawling: http://elections.maryland.gov/elections/municipal_results.html
2026-02-25 11:12:47,895 INFO [depth=3] Crawling: http://elections.maryland.gov/elections/districts.html
2026-02-25 11:12:48,910 INFO [depth=3] Crawling: http://elections.maryland.gov/elections/electoral_college.html
2026-02-25 11:12:49,910 INFO [depth=3] Crawling: http://elections.maryland.gov/get_involved/index.html
2026-02-25 11:12:50,912 INFO [depth=3] Crawling: http://elections.maryland.gov/get_involved/teachers.html
2026-02-25 11:12:51,939 INFO [depth=3] Crawling: http://elections.maryland.gov/get_involved/students.html
2026-02-25 11:12:52,969 INFO [depth=3] Crawling: http://elections.maryland.gov/get_involved/dis-misinformation.html
2026-02-25 11:12:53,172 INFO Trafilatura returned 40 words for http://elections.maryland.gov/get_involved/dis-misinformation.html; BS4 fallback got 47
2026-02-25 11:12:53,942 INFO [depth=3] Crawling: http://elections.maryland.gov/about/index.html
2026-02-25 11:12:54,929 INFO [depth=3] Crawling: http://elections.maryland.gov/about/board.html
2026-02-25 11:12:55,966 INFO [depth=3] Crawling: http://elections.maryland.gov/about/county_boards.html
2026-02-25 11:12:57,003 INFO [depth=3] Crawling: http://elections.maryland.gov/forms/index.html
2026-02-25 11:12:57,162 INFO Trafilatura returned 42 words for http://elections.maryland.gov/forms/index.html; BS4 fallback got 57
2026-02-25 11:12:57,928 INFO [depth=3] Crawling: http://elections.maryland.gov/about/election_security.html
2026-02-25 11:12:58,899 INFO [depth=3] Crawling: http://elections.maryland.gov/about/pia.html
2026-02-25 11:12:59,905 INFO [depth=3] Crawling: http://elections.maryland.gov/laws_and_regs/index.html
2026-02-25 11:13:00,952 INFO [depth=3] Crawling: http://elections.maryland.gov/laws_and_regs/federal_law.html
2026-02-25 11:13:01,899 INFO [depth=3] Crawling: http://elections.maryland.gov/laws_and_regs/election_law.html
2026-02-25 11:13:02,872 INFO [depth=3] Crawling: http://elections.maryland.gov/laws_and_regs/regulations.html
2026-02-25 11:13:04,047 INFO [depth=3] Crawling: http://elections.maryland.gov/laws_and_regs/sbe_policy.html
2026-02-25 11:13:04,367 INFO Trafilatura returned 40 words for http://elections.maryland.gov/laws_and_regs/sbe_policy.html; BS4 fallback got 53
2026-02-25 11:13:05,142 INFO [depth=3] Crawling: http://elections.maryland.gov/about/board_archive.html
2026-02-25 11:13:06,407 INFO [depth=3] Crawling: http://elections.maryland.gov/about/social_media.html
2026-02-25 11:13:07,511 INFO [depth=3] Crawling: http://elections.maryland.gov/about/state-links.html
2026-02-25 11:13:08,540 INFO [depth=3] Crawling: http://elections.maryland.gov/about/federal-links.html
2026-02-25 11:13:08,732 INFO Trafilatura returned 40 words for http://elections.maryland.gov/about/federal-links.html; BS4 fallback got 73
2026-02-25 11:13:09,502 INFO [depth=3] Crawling: http://elections.maryland.gov/about/directions.html
2026-02-25 11:13:09,697 INFO Trafilatura returned 41 words for http://elections.maryland.gov/about/directions.html; BS4 fallback got 80
2026-02-25 11:13:10,468 INFO [depth=3] Crawling: http://elections.maryland.gov/about/feedback.html
2026-02-25 11:13:10,802 INFO Trafilatura returned 40 words for http://elections.maryland.gov/about/feedback.html; BS4 fallback got 52
2026-02-25 11:13:11,576 INFO [depth=3] Crawling: http://elections.maryland.gov/cdn-cgi/l/email-protection
2026-02-25 11:13:12,395 INFO [depth=3] Crawling: https://elections.maryland.gov/press_room/2010_stats/gg10_statewide.pdf
2026-02-25 11:13:13,490 INFO [depth=3] Crawling: https://elections.maryland.gov/press_room/2010_stats/gg_by congressional district.pdf
2026-02-25 11:13:14,766 INFO [depth=3] Crawling: https://elections.maryland.gov/press_room/2010_stats/gg_by legislative district.pdf
2026-02-25 11:13:15,718 INFO [depth=3] Crawling: https://elections.maryland.gov/press_room/2010_stats/gg_allegany.pdf
2026-02-25 11:13:16,802 INFO [depth=3] Crawling: https://elections.maryland.gov/press_room/2010_stats/gg_anne arundel.pdf
2026-02-25 11:13:18,684 INFO [depth=3] Crawling: https://elections.maryland.gov/press_room/2010_stats/gg_baltimore city.pdf
2026-02-25 11:13:19,923 INFO [depth=3] Crawling: https://elections.maryland.gov/press_room/2010_stats/gg_baltimorecounty.pdf
2026-02-25 11:13:21,115 INFO [depth=3] Crawling: https://elections.maryland.gov/press_room/2010_stats/gg_calvert.pdf
2026-02-25 11:13:22,223 INFO [depth=3] Crawling: https://elections.maryland.gov/press_room/2010_stats/gg_caroline.pdf
2026-02-25 11:13:23,490 INFO [depth=3] Crawling: https://elections.maryland.gov/press_room/2010_stats/gg_carroll.pdf
2026-02-25 11:13:24,670 INFO [depth=3] Crawling: https://elections.maryland.gov/press_room/2010_stats/gg_cecil.pdf
2026-02-25 11:13:25,952 INFO [depth=3] Crawling: https://elections.maryland.gov/press_room/2010_stats/gg_charles.pdf
2026-02-25 11:13:27,045 INFO [depth=3] Crawling: https://elections.maryland.gov/press_room/2010_stats/gg_dorchester.pdf
2026-02-25 11:13:28,273 INFO [depth=3] Crawling: https://elections.maryland.gov/press_room/2010_stats/gg_frederick.pdf
2026-02-25 11:13:29,359 INFO [depth=3] Crawling: https://elections.maryland.gov/press_room/2010_stats/gg_garrett.pdf
2026-02-25 11:13:30,457 INFO [depth=3] Crawling: https://elections.maryland.gov/press_room/2010_stats/gg_harford.pdf
2026-02-25 11:13:31,450 INFO [depth=3] Crawling: https://elections.maryland.gov/press_room/2010_stats/gg_howard.pdf
2026-02-25 11:13:32,506 INFO [depth=3] Crawling: https://elections.maryland.gov/press_room/2010_stats/gg_kent.pdf
2026-02-25 11:13:33,543 INFO [depth=3] Crawling: https://elections.maryland.gov/press_room/2010_stats/gg_montgomery.pdf
2026-02-25 11:13:34,694 INFO [depth=3] Crawling: https://elections.maryland.gov/press_room/2010_stats/gg_prince georges.pdf
2026-02-25 11:13:35,758 INFO [depth=3] Crawling: https://elections.maryland.gov/press_room/2010_stats/gg_queen annes.pdf
2026-02-25 11:13:36,932 INFO [depth=3] Crawling: https://elections.maryland.gov/press_room/2010_stats/gg_saint marys.pdf
2026-02-25 11:13:37,968 INFO [depth=3] Crawling: https://elections.maryland.gov/press_room/2010_stats/gg_somerset.pdf
2026-02-25 11:13:39,293 INFO [depth=3] Crawling: https://elections.maryland.gov/press_room/2010_stats/gg_talbot.pdf
2026-02-25 11:13:40,281 INFO [depth=3] Crawling: https://elections.maryland.gov/press_room/2010_stats/gg_washington.pdf
2026-02-25 11:13:41,443 INFO [depth=3] Crawling: https://elections.maryland.gov/press_room/2010_stats/gg_wicomico.pdf
2026-02-25 11:13:42,883 INFO [depth=3] Crawling: https://elections.maryland.gov/press_room/2010_stats/gg_worcester.pdf
2026-02-25 11:13:43,971 INFO [depth=3] Crawling: https://elections.maryland.gov/press_room/2010_stats/gp10_statewide.pdf
2026-02-25 11:13:45,117 INFO [depth=3] Crawling: https://elections.maryland.gov/press_room/2010_stats/by congressional district.pdf
2026-02-25 11:13:46,169 INFO [depth=3] Crawling: https://elections.maryland.gov/press_room/2010_stats/by legislative district.pdf
2026-02-25 11:13:47,205 INFO [depth=3] Crawling: https://elections.maryland.gov/press_room/2010_stats/allegany.pdf
2026-02-25 11:13:48,349 INFO [depth=3] Crawling: https://elections.maryland.gov/press_room/2010_stats/anne arundel.pdf
2026-02-25 11:13:49,426 INFO [depth=3] Crawling: https://elections.maryland.gov/press_room/2010_stats/baltimore city.pdf
2026-02-25 11:13:50,583 INFO [depth=3] Crawling: https://elections.maryland.gov/press_room/2010_stats/baltimorecounty.pdf
2026-02-25 11:13:51,702 INFO [depth=3] Crawling: https://elections.maryland.gov/press_room/2010_stats/calvert.pdf
2026-02-25 11:13:52,753 INFO [depth=3] Crawling: https://elections.maryland.gov/press_room/2010_stats/caroline.pdf
2026-02-25 11:13:53,909 INFO [depth=3] Crawling: https://elections.maryland.gov/press_room/2010_stats/carroll.pdf
2026-02-25 11:13:55,149 INFO [depth=3] Crawling: https://elections.maryland.gov/press_room/2010_stats/cecil.pdf
2026-02-25 11:13:56,256 INFO [depth=3] Crawling: https://elections.maryland.gov/press_room/2010_stats/charles.pdf
2026-02-25 11:13:57,372 INFO [depth=3] Crawling: https://elections.maryland.gov/press_room/2010_stats/dorchester.pdf
2026-02-25 11:13:58,531 INFO [depth=3] Crawling: https://elections.maryland.gov/press_room/2010_stats/frederick.pdf
2026-02-25 11:13:59,670 INFO [depth=3] Crawling: https://elections.maryland.gov/press_room/2010_stats/garrett.pdf
2026-02-25 11:14:00,736 INFO [depth=3] Crawling: https://elections.maryland.gov/press_room/2010_stats/harford.pdf
2026-02-25 11:14:01,897 INFO [depth=3] Crawling: https://elections.maryland.gov/press_room/2010_stats/howard.pdf
2026-02-25 11:14:02,932 INFO [depth=3] Crawling: https://elections.maryland.gov/press_room/2010_stats/kent.pdf
2026-02-25 11:14:04,063 INFO [depth=3] Crawling: https://elections.maryland.gov/press_room/2010_stats/montgomery.pdf
2026-02-25 11:14:05,645 INFO [depth=3] Crawling: https://elections.maryland.gov/press_room/2010_stats/prince georges.pdf
2026-02-25 11:14:06,719 INFO [depth=3] Crawling: https://elections.maryland.gov/press_room/2010_stats/queen annes.pdf
2026-02-25 11:14:07,767 INFO [depth=3] Crawling: https://elections.maryland.gov/press_room/2010_stats/saint marys.pdf
2026-02-25 11:14:08,790 INFO [depth=3] Crawling: https://elections.maryland.gov/press_room/2010_stats/somerset.pdf
2026-02-25 11:14:09,953 INFO [depth=3] Crawling: https://elections.maryland.gov/press_room/2010_stats/talbot.pdf
2026-02-25 11:14:11,097 INFO [depth=3] Crawling: https://elections.maryland.gov/press_room/2010_stats/washington.pdf
2026-02-25 11:14:12,171 INFO [depth=3] Crawling: https://elections.maryland.gov/press_room/2010_stats/wicomico.pdf
2026-02-25 11:14:13,193 INFO [depth=3] Crawling: https://elections.maryland.gov/press_room/2010_stats/worcester.pdf
2026-02-25 11:14:14,353 INFO [depth=3] Crawling: https://elections.maryland.gov/pdf/vrar/2008_general_stats.pdf
2026-02-25 11:14:15,478 INFO [depth=3] Crawling: https://elections.maryland.gov/pdf/vrar/2008_primary_stats.pdf
2026-02-25 11:14:16,460 INFO [depth=3] Crawling: https://elections.maryland.gov/pdf/vrar/2006_general_stats.pdf
2026-02-25 11:14:17,440 INFO [depth=3] Crawling: https://elections.maryland.gov/pdf/vrar/2006_primary_stats.pdf
2026-02-25 11:14:18,435 INFO [depth=3] Crawling: https://elections.maryland.gov/pdf/vrar/0004_10_i.pdf
2026-02-25 11:14:18,960 INFO HTTP 404 — marking failed: https://elections.maryland.gov/pdf/vrar/0004_10_i.pdf
2026-02-25 11:14:18,961 INFO [depth=3] Crawling: https://elections.maryland.gov/pdf/vrar/0004_0210.pdf
2026-02-25 11:14:20,396 INFO [depth=3] Crawling: https://elections.maryland.gov/pdf/vrar/0002_1015.pdf
2026-02-25 11:14:21,482 INFO [depth=3] Crawling: https://elections.maryland.gov/pdf/vrar/0002_0820.pdf
2026-02-25 11:14:22,503 INFO [depth=3] Crawling: https://elections.maryland.gov/pdf/vrar/0000_1013.pdf
2026-02-25 11:14:23,627 INFO [depth=3] Crawling: https://elections.maryland.gov/forms/documents/new_party_petition_form_FINAL.pdf
2026-02-25 11:14:24,686 INFO [depth=3] Crawling: https://elections.maryland.gov/pdf/6-201-1B.pdf
2026-02-25 11:14:25,851 INFO [depth=3] Crawling: https://elections.maryland.gov/pdf/6-201-3A.pdf
2026-02-25 11:14:26,901 INFO [depth=3] Crawling: https://elections.maryland.gov/forms/documents/referendum_petition_form FINAL.pdf
2026-02-25 11:14:27,885 INFO [depth=3] Crawling: https://elections.maryland.gov/forms/documents/public_local_law_referendum_form_FINAL.pdf
2026-02-25 11:14:30,382 INFO [depth=3] Crawling: https://elections.maryland.gov/pdf/6-201-3B.pdf
2026-02-25 11:14:31,423 INFO [depth=3] Crawling: https://elections.maryland.gov/pdf/6-201-7B.pdf
2026-02-25 11:14:32,488 INFO [depth=3] Crawling: https://elections.maryland.gov/forms/documents/charter_amendment_petition_form_FINAL.pdf
2026-02-25 11:14:33,488 INFO [depth=3] Crawling: https://elections.maryland.gov/forms/documents/charter_board_petition_county_board_form_FINAL.pdf
2026-02-25 11:14:34,726 INFO [depth=3] Crawling: https://elections.maryland.gov/forms/documents/charter_board_petition_commissioners_form_FINAL.pdf
2026-02-25 11:14:35,666 INFO [depth=3] Crawling: https://elections.maryland.gov/forms/documents/charter_board_nomination_petition_form_FINAL.pdf
2026-02-25 11:14:36,630 INFO [depth=3] Crawling: https://elections.maryland.gov/pdf/6-201-5B.pdf
2026-02-25 11:14:37,793 INFO [depth=3] Crawling: https://elections.maryland.gov/pdf/6-201-6B.pdf
2026-02-25 11:14:38,860 INFO [depth=3] Crawling: https://elections.maryland.gov/forms/documents/local_referendum_form_FINAL.pdf
2026-02-25 11:14:40,175 INFO [depth=3] Crawling: https://elections.maryland.gov/pdf/6-201-8B.pdf
2026-02-25 11:14:41,241 INFO [depth=3] Crawling: https://elections.maryland.gov/forms/documents/candidate_petition_form_FINAL.pdf
2026-02-25 11:14:42,472 INFO [depth=3] Crawling: https://elections.maryland.gov/pdf/6-201-4B.pdf
2026-02-25 11:14:43,584 INFO [depth=3] Crawling: https://elections.maryland.gov/forms/documents/primary_candidate_nomination_petition__for_president_form_FINAL.pdf
2026-02-25 11:14:44,788 INFO [depth=3] Crawling: https://elections.maryland.gov/forms/documents/Cert of Cand for US Pres Primary Nomination.pdf
2026-02-25 11:14:45,912 INFO [depth=3] Crawling: https://elections.maryland.gov/forms/documents/Certificate of Candidacy Write-In Candidate for President and VP.pdf
2026-02-25 11:14:47,715 INFO [depth=3] Crawling: https://elections.maryland.gov/forms/documents/candidateinfosheet.pdf
2026-02-25 11:14:48,736 INFO [depth=3] Crawling: https://elections.maryland.gov/pdf/Cert_Cand_WRITEIN.pdf
2026-02-25 11:14:50,384 INFO [depth=3] Crawling: https://elections.maryland.gov/candidacy/documents/Certificate_of_Withdrawal_Declination.pdf
2026-02-25 11:14:51,748 INFO [depth=3] Crawling: https://elections.maryland.gov/pdf/alternate_name_affidavit.pdf
2026-02-25 11:14:52,930 INFO [depth=3] Crawling: https://elections.maryland.gov/pdf/Certificate_of_Nomination_or_Designation.pdf
2026-02-25 11:14:54,099 INFO [depth=3] Crawling: https://elections.maryland.gov/candidacy/documents/Declaration of Candidacy Form for District Level Delegates filing at SBE.pdf
2026-02-25 11:14:55,304 INFO [depth=3] Crawling: https://elections.maryland.gov/forms/documents/Candidate Pledge Form for Delegate to the 2024 Republican National Convention.pdf
2026-02-25 11:14:57,090 INFO [depth=3] Crawling: https://elections.maryland.gov/pdf/08-503-1.pdf
2026-02-25 11:14:58,370 INFO [depth=3] Crawling: https://elections.maryland.gov/forms/documents/Certificate of Nomination Non-Principal Political Party.pdf
2026-02-25 11:14:59,774 INFO [depth=3] Crawling: https://elections.maryland.gov/forms/documents/Certificate of Nomination.pdf
2026-02-25 11:15:00,810 INFO [depth=3] Crawling: https://elections.maryland.gov/forms/documents/petition_for_municipality_incorporation.pdf
2026-02-25 11:15:01,888 INFO [depth=3] Crawling: https://elections.maryland.gov/candidacy/schedule_appointment.html
2026-02-25 11:15:02,859 INFO [depth=3] Crawling: https://elections.maryland.gov/elections/special_elections_past.html
2026-02-25 11:15:03,930 INFO [depth=3] Crawling: https://elections.maryland.gov/elections/municipal_results_archive.html
2026-02-25 11:15:05,041 INFO [depth=3] Crawling: https://elections.maryland.gov/get_involved/Election_Judge_Application.pdf
2026-02-25 11:15:06,348 INFO [depth=3] Crawling: https://elections.maryland.gov/about/documents/PG24 - Agenda - Meeting of the State Board of Canvassers - December 5 2024.pdf
2026-02-25 11:15:07,511 INFO [depth=3] Crawling: https://elections.maryland.gov/laws_and_regs/documents/Notice%20of%20Proposed%20Action_Issue%2013%20(06-30-2023).pdf
2026-02-25 11:15:08,947 INFO [depth=3] Crawling: https://elections.maryland.gov/about/documents/2023/November/30/01_Agenda.pdf
2026-02-25 11:15:09,965 INFO [depth=3] Crawling: https://elections.maryland.gov/about/documents/2023/November/30/02_Minutes.pdf
2026-02-25 11:15:11,111 INFO [depth=3] Crawling: https://elections.maryland.gov/about/documents/2023/November/30/Misc_A.pdf
2026-02-25 11:15:12,961 INFO [depth=3] Crawling: https://elections.maryland.gov/about/documents/2023/November/30/Misc_B.pdf
2026-02-25 11:15:14,123 INFO [depth=3] Crawling: https://elections.maryland.gov/about/documents/2023/November/30/Misc_C.pdf
2026-02-25 11:15:15,322 INFO [depth=3] Crawling: https://elections.maryland.gov/about/documents/2023/November/01_Agenda.pdf
2026-02-25 11:15:16,420 INFO [depth=3] Crawling: https://elections.maryland.gov/about/documents/2023/November/Misc.pdf
2026-02-25 11:15:17,864 INFO [depth=3] Crawling: https://elections.maryland.gov/press_room/documents/Missing Audio Transmission.pdf
2026-02-25 11:15:19,991 INFO [depth=3] Crawling: https://elections.maryland.gov/about/documents/2023/October/01_Agenda.1.pdf
2026-02-25 11:15:22,219 INFO [depth=3] Crawling: https://elections.maryland.gov/about/documents/2023/October/09_09282023_open_2023_Corrected Final.pdf
2026-02-25 11:15:23,311 INFO [depth=3] Crawling: https://elections.maryland.gov/about/documents/2023/October/03_Administrators Report & AAG Report.pdf
2026-02-25 11:15:24,514 INFO [depth=3] Crawling: https://elections.maryland.gov/about/documents/2023/October/04_Regulations.pdf
2026-02-25 11:15:25,611 INFO [depth=3] Crawling: https://elections.maryland.gov/about/documents/2023/October/05_Waivers.pdf
2026-02-25 11:15:26,694 INFO [depth=3] Crawling: https://elections.maryland.gov/about/documents/2023/October/Misc.pdf
2026-02-25 11:15:27,878 INFO [depth=3] Crawling: https://elections.maryland.gov/about/documents/2023/September/01_September 28, 2023 - Agenda.pdf
2026-02-25 11:15:29,031 INFO [depth=3] Crawling: https://elections.maryland.gov/about/documents/2023/September/02_Minutes.pdf
2026-02-25 11:15:30,219 INFO [depth=3] Crawling: https://elections.maryland.gov/about/documents/2023/September/03_Administrators.pdf
2026-02-25 11:15:31,318 INFO [depth=3] Crawling: https://elections.maryland.gov/about/documents/2023/September/04_Regulations.pdf
2026-02-25 11:15:33,224 INFO [depth=3] Crawling: https://elections.maryland.gov/about/documents/2023/September/05_Waivers.pdf
2026-02-25 11:15:34,379 INFO [depth=3] Crawling: https://elections.maryland.gov/about/documents/2023/August/01_Agenda.pdf
2026-02-25 11:15:35,417 INFO [depth=3] Crawling: https://elections.maryland.gov/about/documents/2023/August/02.pdf
2026-02-25 11:15:36,832 INFO [depth=3] Crawling: https://elections.maryland.gov/about/documents/2023/August/03.pdf
2026-02-25 11:15:38,050 INFO [depth=3] Crawling: https://elections.maryland.gov/about/documents/2023/August/04.pdf
2026-02-25 11:15:39,211 INFO [depth=3] Crawling: https://elections.maryland.gov/about/documents/2023/August/05.pdf
2026-02-25 11:15:40,309 INFO [depth=3] Crawling: https://elections.maryland.gov/about/documents/2023/August/Misc.pdf
2026-02-25 11:15:41,371 INFO [depth=3] Crawling: https://elections.maryland.gov/about/documents/2023/July/01_Agenda.pdf
2026-02-25 11:15:42,404 INFO [depth=3] Crawling: https://elections.maryland.gov/about/documents/2023/July/05_Waivers.pdf
2026-02-25 11:15:43,563 INFO [depth=3] Crawling: https://elections.maryland.gov/about/documents/2023/June/20/01_Agenda.pdf
2026-02-25 11:15:44,608 INFO [depth=3] Crawling: https://elections.maryland.gov/about/documents/2023/June/20/02_Minutes.pdf
2026-02-25 11:15:45,661 INFO [depth=3] Crawling: https://elections.maryland.gov/about/documents/2023/June/20/03_AdministratorReport.pdf
2026-02-25 11:15:46,715 INFO [depth=3] Crawling: https://elections.maryland.gov/about/documents/2023/June/20/04_Regulations.pdf
2026-02-25 11:15:47,828 INFO [depth=3] Crawling: https://elections.maryland.gov/about/documents/2023/June/20/05_Waivers.pdf
2026-02-25 11:15:48,960 INFO [depth=3] Crawling: https://elections.maryland.gov/about/documents/2023/June/20/Misc.pdf
2026-02-25 11:15:50,082 INFO [depth=3] Crawling: https://elections.maryland.gov/about/documents/2023/June/Agenda-Special Meeting8.pdf
2026-02-25 11:15:51,238 INFO [depth=3] Crawling: https://elections.maryland.gov/about/documents/2023/June/Agenda-Special Meeting.pdf
2026-02-25 11:15:53,565 INFO [depth=3] Crawling: https://elections.maryland.gov/about/documents/2023/May/01_Agenda.pdf
2026-02-25 11:15:54,803 INFO [depth=3] Crawling: https://elections.maryland.gov/about/documents/2023/May/02_Minutes.pdf
2026-02-25 11:15:56,572 INFO [depth=3] Crawling: https://elections.maryland.gov/about/documents/2023/May/03_AdministratorReport.pdf
2026-02-25 11:15:57,693 INFO [depth=3] Crawling: https://elections.maryland.gov/about/documents/2023/May/04_Regulations.pdf
2026-02-25 11:15:58,954 INFO [depth=3] Crawling: https://elections.maryland.gov/about/documents/2023/May/05_Waivers.pdf
2026-02-25 11:16:00,671 INFO [depth=3] Crawling: https://elections.maryland.gov/about/documents/2023/May/Misc_a.pdf
2026-02-25 11:16:01,790 INFO [depth=3] Crawling: https://elections.maryland.gov/about/documents/2023/May/Misc_b.pdf
2026-02-25 11:16:02,926 INFO [depth=3] Crawling: https://elections.maryland.gov/about/documents/2023/May/Misc_c.pdf
2026-02-25 11:16:04,094 INFO [depth=3] Crawling: https://elections.maryland.gov/about/documents/2023/May/Misc_d.pdf
2026-02-25 11:16:05,366 INFO [depth=3] Crawling: https://elections.maryland.gov/about/documents/2023/May/AdministratorPosition.pdf
2026-02-25 11:16:06,552 INFO [depth=3] Crawling: https://elections.maryland.gov/about/documents/2023/April/01_Agenda.pdf
2026-02-25 11:16:07,631 INFO [depth=3] Crawling: https://elections.maryland.gov/about/documents/2023/March/01_Agenda.1.pdf
2026-02-25 11:16:08,915 INFO [depth=3] Crawling: https://elections.maryland.gov/about/documents/2023/March/02_Minutes _02232023_open_2023_final.pdf
2026-02-25 11:16:10,087 INFO [depth=3] Crawling: https://elections.maryland.gov/about/documents/2023/March/03_AdministratorReport.pdf
2026-02-25 11:16:11,931 INFO [depth=3] Crawling: https://elections.maryland.gov/about/documents/2023/March/04_Regulations.pdf
2026-02-25 11:16:12,310 INFO HTTP 404 — marking failed: https://elections.maryland.gov/about/documents/2023/March/04_Regulations.pdf
2026-02-25 11:16:12,311 INFO [depth=3] Crawling: https://elections.maryland.gov/about/documents/2023/March/05_waviers.pdf
2026-02-25 11:16:13,499 INFO [depth=3] Crawling: https://elections.maryland.gov/about/documents/2023/March/Misc.pdf
2026-02-25 11:16:14,853 INFO [depth=3] Crawling: https://elections.maryland.gov/about/documents/2023/February/01_Agenda-2-23-2023.pdf
2026-02-25 11:16:15,930 INFO [depth=3] Crawling: https://elections.maryland.gov/about/documents/2023/February/02_01192023_open_2023_final.pdf
2026-02-25 11:16:17,193 INFO [depth=3] Crawling: https://elections.maryland.gov/about/documents/2023/February/03_Administrator's Report.pdf
2026-02-25 11:16:18,313 INFO [depth=3] Crawling: https://elections.maryland.gov/about/documents/2023/February/04_Regulations.pdf
2026-02-25 11:16:19,431 INFO [depth=3] Crawling: https://elections.maryland.gov/about/documents/2023/February/05_Waviers.pdf
2026-02-25 11:16:20,611 INFO [depth=3] Crawling: https://elections.maryland.gov/about/documents/2023/February/08a_House Ways & Means - SBE Briefing and Follow Up.pdf
2026-02-25 11:16:21,694 INFO [depth=3] Crawling: https://elections.maryland.gov/about/documents/Agenda_1_19_2023.pdf
2026-02-25 11:16:22,693 INFO [depth=3] Crawling: https://elections.maryland.gov/about/documents/2023/January/01_01192023_open_2023_final.pdf
2026-02-25 11:16:23,916 INFO [depth=3] Crawling: https://elections.maryland.gov/about/documents/2023/January/Administrator & AAG Reports.pdf
2026-02-25 11:16:24,952 INFO [depth=3] Crawling: https://elections.maryland.gov/about/documents/2023/January/Regulations.pdf
2026-02-25 11:16:26,334 INFO [depth=3] Crawling: https://elections.maryland.gov/about/documents/2023/January/Waivers.pdf
2026-02-25 11:16:27,439 INFO [depth=3] Crawling: https://elections.maryland.gov/about/documents/Agenda_Bd_of _State_Canvassers_2022_General.1.pdf
2026-02-25 11:16:28,573 INFO [depth=3] Crawling: https://elections.maryland.gov/about/documents/Board of Canvassers_2022.pdf
2026-02-25 11:16:29,649 INFO [depth=3] Crawling: https://elections.maryland.gov/about/documents/2022/October/26/01_Agenda.2.pdf
2026-02-25 11:16:30,804 INFO [depth=3] Crawling: https://elections.maryland.gov/about/documents/2022/October/26/02_Minutes.pdf
2026-02-25 11:16:31,788 INFO [depth=3] Crawling: https://elections.maryland.gov/about/documents/2022/October/26/03_Administrator&AAGReports.pdf
2026-02-25 11:16:32,828 INFO [depth=3] Crawling: https://elections.maryland.gov/about/documents/2022/October/26/04_Regulations.pdf
2026-02-25 11:16:34,247 INFO [depth=3] Crawling: https://elections.maryland.gov/about/documents/2022/October/26/05_Waviers_Title 13 Late Fee Waivers.pdf
2026-02-25 11:16:35,709 INFO [depth=3] Crawling: https://elections.maryland.gov/about/documents/2022/October/26/06_Other.pdf
2026-02-25 11:16:36,807 INFO [depth=3] Crawling: https://elections.maryland.gov/about/documents/Agenda_9_28_2022.pdf
2026-02-25 11:16:37,795 INFO [depth=3] Crawling: https://elections.maryland.gov/about/meeting_materials/September_28_2022.pdf
2026-02-25 11:16:39,115 INFO [depth=3] Crawling: https://elections.maryland.gov/about/documents/Agenda_9_06_2022.pdf
2026-02-25 11:16:40,352 INFO [depth=3] Crawling: https://elections.maryland.gov/about/meeting_materials/September_6_2022.pdf
2026-02-25 11:16:41,442 INFO [depth=3] Crawling: https://elections.maryland.gov/about/minutes/September_06_2022.pdf
2026-02-25 11:16:42,549 INFO [depth=3] Crawling: https://elections.maryland.gov/about/documents/Agenda_8_15_2022.pdf
2026-02-25 11:16:44,011 INFO [depth=3] Crawling: https://elections.maryland.gov/about/meeting_materials/August_15_2022.pdf
2026-02-25 11:16:45,154 INFO [depth=3] Crawling: https://elections.maryland.gov/about/minutes/August_15_2022.pdf
2026-02-25 11:16:46,393 INFO [depth=3] Crawling: https://elections.maryland.gov/about/documents/Agenda_8_1_2022.pdf
2026-02-25 11:16:47,606 INFO [depth=3] Crawling: https://elections.maryland.gov/about/meeting_materials/August_1_2022.pdf
2026-02-25 11:16:48,727 INFO [depth=3] Crawling: https://elections.maryland.gov/about/documents/Agenda_6_28_2022.pdf
2026-02-25 11:16:49,899 INFO [depth=3] Crawling: https://elections.maryland.gov/about/meeting_materials/June_28_2022.pdf
2026-02-25 11:16:51,672 INFO [depth=3] Crawling: https://elections.maryland.gov/about/minutes/June_28_2022.pdf
2026-02-25 11:16:52,727 INFO [depth=3] Crawling: https://elections.maryland.gov/about/documents/Agenda_6_23_2022.pdf
2026-02-25 11:16:53,801 INFO [depth=3] Crawling: https://elections.maryland.gov/about/meeting_materials/June_23_2022.pdf
2026-02-25 11:16:54,917 INFO [depth=3] Crawling: https://elections.maryland.gov/about/minutes/June_23_2022.pdf
2026-02-25 11:16:56,049 INFO [depth=3] Crawling: https://elections.maryland.gov/about/documents/Agenda_6_2_2022.pdf
2026-02-25 11:16:57,308 INFO [depth=3] Crawling: https://elections.maryland.gov/about/meeting_materials/June_2 2022.pdf
2026-02-25 11:16:58,563 INFO [depth=3] Crawling: https://elections.maryland.gov/about/minutes/June_02_2022.pdf
2026-02-25 11:16:59,751 INFO [depth=3] Crawling: https://elections.maryland.gov/about/documents/Agenda_5_20_2022.pdf
2026-02-25 11:17:00,790 INFO [depth=3] Crawling: https://elections.maryland.gov/about/meeting_materials/5_20_2022.pdf
2026-02-25 11:17:02,003 INFO [depth=3] Crawling: https://elections.maryland.gov/about/minutes/May_20.pdf
2026-02-25 11:17:03,253 INFO [depth=3] Crawling: https://elections.maryland.gov/about/documents/Agenda_4_27_2022.pdf
2026-02-25 11:17:04,380 INFO [depth=3] Crawling: https://elections.maryland.gov/about/documents/Replacement_EVC_April2022.pdf
2026-02-25 11:17:05,504 INFO [depth=3] Crawling: https://elections.maryland.gov/about/meeting_materials/April_27_2022.pdf
2026-02-25 11:17:06,582 INFO [depth=3] Crawling: https://elections.maryland.gov/about/minutes/April_27.pdf
2026-02-25 11:17:07,619 INFO [depth=3] Crawling: https://elections.maryland.gov/about/documents/Agenda_3_10_2022.pdf
2026-02-25 11:17:08,632 INFO [depth=3] Crawling: https://elections.maryland.gov/about/meeting_materials/March_10_2022.pdf
2026-02-25 11:17:09,747 INFO [depth=3] Crawling: https://elections.maryland.gov/about/minutes/March_10.pdf
2026-02-25 11:17:11,702 INFO [depth=3] Crawling: https://elections.maryland.gov/about/documents/Early_Voting Center1272022.pdf
2026-02-25 11:17:13,494 INFO [depth=3] Crawling: https://elections.maryland.gov/about/documents/Agenda_1_27_2022.pdf
2026-02-25 11:17:14,532 INFO [depth=3] Crawling: https://elections.maryland.gov/pdf/minutes/2022_01_27.pdf
2026-02-25 11:17:15,582 INFO [depth=3] Crawling: https://elections.maryland.gov/about/meeting_materials/January_27_2022.pdf
2026-02-25 11:17:16,799 INFO [depth=3] Crawling: https://elections.maryland.gov/about/documents/Agenda_12_16_2021.pdf
2026-02-25 11:17:18,104 INFO [depth=3] Crawling: https://elections.maryland.gov/about/meeting_materials/December_16_2021.pdf
2026-02-25 11:17:19,165 INFO [depth=3] Crawling: https://elections.maryland.gov/pdf/minutes/2021_12_16.pdf
2026-02-25 11:17:20,353 INFO [depth=3] Crawling: https://elections.maryland.gov/about/meeting_materials/regulations_12_2021.pdf
2026-02-25 11:17:21,713 INFO [depth=3] Crawling: https://elections.maryland.gov/about/meeting_materials/EVC_Presentation_122021.pdf
2026-02-25 11:17:22,913 INFO [depth=3] Crawling: https://elections.maryland.gov/about/documents/Agenda_10_28_2021.pdf
2026-02-25 11:17:24,049 INFO [depth=3] Crawling: https://elections.maryland.gov/about/meeting_materials/October_28_2021.pdf
2026-02-25 11:17:26,119 INFO [depth=3] Crawling: https://elections.maryland.gov/pdf/minutes/10_28_2021.pdf
2026-02-25 11:17:27,281 INFO [depth=3] Crawling: https://elections.maryland.gov/about/documents/Agenda_7_22_2021.pdf
2026-02-25 11:17:28,278 INFO [depth=3] Crawling: https://elections.maryland.gov/about/meeting_materials/July_22_2021.pdf
2026-02-25 11:17:29,482 INFO [depth=3] Crawling: https://elections.maryland.gov/pdf/minutes/2021_07_22.pdf
2026-02-25 11:17:30,465 INFO [depth=3] Crawling: https://elections.maryland.gov/about/documents/Agenda_6_22_2021.pdf
2026-02-25 11:17:31,531 INFO [depth=3] Crawling: https://elections.maryland.gov/about/meeting_materials/June_22_2021.pdf
2026-02-25 11:17:32,635 INFO [depth=3] Crawling: https://elections.maryland.gov/pdf/minutes/2021_06_22.pdf
2026-02-25 11:17:34,101 INFO [depth=3] Crawling: https://elections.maryland.gov/about/documents/Agenda_5_27_2021.pdf
2026-02-25 11:17:35,328 INFO [depth=3] Crawling: https://elections.maryland.gov/about/meeting_materials/May_27_2021.pdf
2026-02-25 11:17:36,733 INFO [depth=3] Crawling: https://elections.maryland.gov/pdf/minutes/2021_05_27.pdf
2026-02-25 11:17:38,616 INFO [depth=3] Crawling: https://elections.maryland.gov/about/documents/Agenda_3_26_2021.pdf
2026-02-25 11:17:39,734 INFO [depth=3] Crawling: https://elections.maryland.gov/about/documents/Agenda_2_11_2021.pdf
2026-02-25 11:17:40,913 INFO [depth=3] Crawling: https://elections.maryland.gov/about/meeting_materials/February_11_2021.pdf
2026-02-25 11:17:42,051 INFO [depth=3] Crawling: https://elections.maryland.gov/about/meeting_materials/February_11 2021.pdf
2026-02-25 11:17:43,712 INFO [depth=3] Crawling: https://elections.maryland.gov/about/documents/Agenda_1_28_2021.pdf
2026-02-25 11:17:45,213 INFO [depth=3] Crawling: https://elections.maryland.gov/about/documents/Agenda_1_12_2021.pdf
2026-02-25 11:17:47,612 INFO [depth=3] Crawling: https://elections.maryland.gov/about/meeting_materials/January_12_2021.pdf
2026-02-25 11:17:48,978 INFO [depth=3] Crawling: https://elections.maryland.gov/about/meeting_materials/January_12 2021.pdf
2026-02-25 11:17:50,176 INFO [depth=3] Crawling: https://elections.maryland.gov/about/documents/Electoral_College_2020.pdf
2026-02-25 11:17:51,328 INFO [depth=3] Crawling: https://elections.maryland.gov/about/documents/Agenda_12_7_2020.pdf
2026-02-25 11:17:52,515 INFO [depth=3] Crawling: https://elections.maryland.gov/about/documents/Agenda_12_04_2020.pdf
2026-02-25 11:17:53,899 INFO [depth=3] Crawling: https://elections.maryland.gov/pdf/minutes/2020_12_04.pdf
2026-02-25 11:17:55,099 INFO [depth=3] Crawling: https://elections.maryland.gov/about/meeting_materials/December_4_2020.pdf
2026-02-25 11:17:56,299 INFO [depth=3] Crawling: https://elections.maryland.gov/about/documents/Canvass_Agenda_Dec_04_2020.pdf
2026-02-25 11:17:58,603 INFO [depth=3] Crawling: https://elections.maryland.gov/about/documents/Agenda_10_08_2020.pdf
2026-02-25 11:17:59,629 INFO [depth=3] Crawling: https://elections.maryland.gov/pdf/minutes/10_10082020.pdf
2026-02-25 11:18:00,653 INFO [depth=3] Crawling: https://elections.maryland.gov/about/meeting_materials/October_8_2020.pdf
2026-02-25 11:18:01,803 INFO [depth=3] Crawling: https://elections.maryland.gov/about/documents/Agenda_9_24_2020.pdf
2026-02-25 11:18:02,966 INFO [depth=3] Crawling: https://elections.maryland.gov/pdf/minutes/09_09242020.pdf
2026-02-25 11:18:04,022 INFO [depth=3] Crawling: https://elections.maryland.gov/about/meeting_materials/September_24_2020.pdf
2026-02-25 11:18:05,094 INFO [depth=3] Crawling: https://elections.maryland.gov/about/documents/Agenda_9_11_2020.pdf
2026-02-25 11:18:06,348 INFO [depth=3] Crawling: https://elections.maryland.gov/pdf/minutes/09_09112020.pdf
2026-02-25 11:18:07,372 INFO [depth=3] Crawling: https://elections.maryland.gov/about/meeting_materials/September_11_2020.pdf
2026-02-25 11:18:08,605 INFO [depth=3] Crawling: https://elections.maryland.gov/about/documents/Agenda_9_4_2020.pdf
2026-02-25 11:18:09,783 INFO [depth=3] Crawling: https://elections.maryland.gov/pdf/minutes/09_09042020.pdf
2026-02-25 11:18:10,904 INFO [depth=3] Crawling: https://elections.maryland.gov/about/meeting_materials/September_4_2020.pdf
2026-02-25 11:18:11,996 INFO [depth=3] Crawling: https://elections.maryland.gov/about/documents/Agenda_8_28_2020.pdf
2026-02-25 11:18:13,175 INFO [depth=3] Crawling: https://elections.maryland.gov/pdf/minutes/08_08282020.pdf
2026-02-25 11:18:15,340 INFO [depth=3] Crawling: https://elections.maryland.gov/about/meeting_materials/August_28_2020.pdf
2026-02-25 11:18:16,361 INFO [depth=3] Crawling: https://elections.maryland.gov/about/documents/Agenda_8_19_2020.pdf
2026-02-25 11:18:17,797 INFO [depth=3] Crawling: https://elections.maryland.gov/pdf/minutes/08_08192020.pdf
2026-02-25 11:18:19,472 INFO [depth=3] Crawling: https://elections.maryland.gov/about/meeting_materials/August_19_2020.pdf
2026-02-25 11:18:20,623 INFO [depth=3] Crawling: https://elections.maryland.gov/about/documents/Agenda_8_12_2020.pdf
2026-02-25 11:18:21,801 INFO [depth=3] Crawling: https://elections.maryland.gov/pdf/minutes/08_08122020.pdf
2026-02-25 11:18:22,923 INFO [depth=3] Crawling: https://elections.maryland.gov/about/meeting_materials/August_12_2020.pdf
2026-02-25 11:18:24,677 INFO [depth=3] Crawling: https://elections.maryland.gov/about/documents/Agenda_8_7_2020.pdf
2026-02-25 11:18:25,997 INFO [depth=3] Crawling: https://elections.maryland.gov/pdf/minutes/08_08072020.pdf
2026-02-25 11:18:27,092 INFO [depth=3] Crawling: https://elections.maryland.gov/about/meeting_materials/August_7_2020.pdf
2026-02-25 11:18:28,246 INFO [depth=3] Crawling: https://elections.maryland.gov/about/documents/Agenda_8_5_2020.pdf
2026-02-25 11:18:29,466 INFO [depth=3] Crawling: https://elections.maryland.gov/pdf/minutes/08_08052020.pdf
2026-02-25 11:18:30,706 INFO [depth=3] Crawling: https://elections.maryland.gov/about/meeting_materials/August_5_2020.pdf
2026-02-25 11:18:31,841 INFO [depth=3] Crawling: https://elections.maryland.gov/about/meeting_materials/August_5_2020_voting_locations.pdf
2026-02-25 11:18:33,039 INFO [depth=3] Crawling: https://elections.maryland.gov/about/documents/Agenda_7_23_2020.pdf
2026-02-25 11:18:34,191 INFO [depth=3] Crawling: https://elections.maryland.gov/pdf/minutes/2020_07_23.pdf
2026-02-25 11:18:35,483 INFO [depth=3] Crawling: https://elections.maryland.gov/about/meeting_materials/July_23_2020.pdf
2026-02-25 11:18:36,517 INFO [depth=3] Crawling: https://elections.maryland.gov/about/documents/Canvass_Agenda_06_02_2020.pdf
2026-02-25 11:18:37,592 INFO [depth=3] Crawling: https://elections.maryland.gov/about/documents/Agenda_6_30_2020.pdf
2026-02-25 11:18:39,087 INFO [depth=3] Crawling: https://elections.maryland.gov/pdf/minutes/2020_06_30.pdf
2026-02-25 11:18:40,219 INFO [depth=3] Crawling: https://elections.maryland.gov/about/meeting_materials/June_30_2020.pdf
2026-02-25 11:18:41,298 INFO [depth=3] Crawling: https://elections.maryland.gov/about/documents/Agenda_6_18_2020.pdf
2026-02-25 11:18:42,659 INFO [depth=3] Crawling: https://elections.maryland.gov/pdf/minutes/2020_06_18.pdf
2026-02-25 11:18:43,776 INFO [depth=3] Crawling: https://elections.maryland.gov/about/meeting_materials/June_18_2020.pdf
2026-02-25 11:18:45,088 INFO [depth=3] Crawling: https://elections.maryland.gov/about/meeting_materials/2020-02 SBE policy - petition deadline extension.pdf
2026-02-25 11:18:46,322 INFO [depth=3] Crawling: https://elections.maryland.gov/about/documents/Agenda_5_28_2020.pdf
2026-02-25 11:18:47,990 INFO [depth=3] Crawling: https://elections.maryland.gov/pdf/minutes/2020_05_28.pdf
2026-02-25 11:18:49,208 INFO [depth=3] Crawling: https://elections.maryland.gov/about/meeting_materials/May_28_2020.pdf
2026-02-25 11:18:50,313 INFO [depth=3] Crawling: https://elections.maryland.gov/about/documents/Agenda_5_20_2020.pdf
2026-02-25 11:18:51,461 INFO [depth=3] Crawling: https://elections.maryland.gov/pdf/minutes/2020_05_20.pdf
2026-02-25 11:18:52,442 INFO [depth=3] Crawling: https://elections.maryland.gov/about/meeting_materials/May_20_2020.pdf
2026-02-25 11:18:54,015 INFO [depth=3] Crawling: https://elections.maryland.gov/about/documents/Agenda_4_22_2020.pdf
2026-02-25 11:18:55,245 INFO [depth=3] Crawling: https://elections.maryland.gov/pdf/minutes/2020_05_14.pdf
2026-02-25 11:18:56,442 INFO [depth=3] Crawling: https://elections.maryland.gov/about/meeting_materials/May_14_2020.pdf
2026-02-25 11:18:59,014 INFO [depth=3] Crawling: https://elections.maryland.gov/about/documents/Canvass_Agenda_05_12_2020.pdf
2026-02-25 11:19:00,181 INFO [depth=3] Crawling: https://elections.maryland.gov/pdf/minutes/2020_04_22.pdf
2026-02-25 11:19:01,905 INFO [depth=3] Crawling: https://elections.maryland.gov/about/meeting_materials/April_22_2020.pdf
2026-02-25 11:19:03,279 INFO [depth=3] Crawling: https://elections.maryland.gov/about/documents/Agenda_4_13_2020.pdf
2026-02-25 11:19:04,602 INFO [depth=3] Crawling: https://elections.maryland.gov/pdf/minutes/2020_04_13.pdf
2026-02-25 11:19:05,953 INFO [depth=3] Crawling: https://elections.maryland.gov/about/meeting_materials/April_13_2020.pdf
2026-02-25 11:19:07,165 INFO [depth=3] Crawling: https://elections.maryland.gov/about/documents/Agenda_4_2_2020.pdf
2026-02-25 11:19:08,150 INFO [depth=3] Crawling: https://elections.maryland.gov/pdf/minutes/2020_04_02.pdf
2026-02-25 11:19:09,268 INFO [depth=3] Crawling: https://elections.maryland.gov/about/meeting_materials/April_2_2020.pdf
2026-02-25 11:19:11,441 INFO [depth=3] Crawling: https://elections.maryland.gov/about/meeting_materials/March_2020.pdf
2026-02-25 11:19:12,542 INFO [depth=3] Crawling: https://elections.maryland.gov/about/documents/Agenda_3_25_2020.pdf
2026-02-25 11:19:13,686 INFO [depth=3] Crawling: https://elections.maryland.gov/pdf/minutes/2020_03_25.pdf
2026-02-25 11:19:14,887 INFO [depth=3] Crawling: https://elections.maryland.gov/about/documents/Agenda_2_27_2020.pdf
2026-02-25 11:19:15,917 INFO [depth=3] Crawling: https://elections.maryland.gov/pdf/minutes/2020_02.pdf
2026-02-25 11:19:17,026 INFO [depth=3] Crawling: https://elections.maryland.gov/about/meeting_materials/February_2020.pdf
2026-02-25 11:19:18,110 INFO [depth=3] Crawling: https://elections.maryland.gov/about/documents/Agenda_2_21_2020.pdf
2026-02-25 11:19:19,127 INFO [depth=3] Crawling: https://elections.maryland.gov/about/meeting_materials/February_21_2020.pdf
2026-02-25 11:19:20,508 INFO [depth=3] Crawling: https://elections.maryland.gov/about/documents/Agenda_1_16_2020.pdf
2026-02-25 11:19:21,559 INFO [depth=3] Crawling: https://elections.maryland.gov/pdf/minutes/2020_01.pdf
2026-02-25 11:19:22,563 INFO [depth=3] Crawling: https://elections.maryland.gov/about/meeting_materials/January_2020.pdf
2026-02-25 11:19:23,603 INFO [depth=3] Crawling: https://elections.maryland.gov/about/documents/Agenda_12_12_2019.pdf
2026-02-25 11:19:24,686 INFO [depth=3] Crawling: https://elections.maryland.gov/pdf/minutes/2019_12.pdf
2026-02-25 11:19:25,695 INFO [depth=3] Crawling: https://elections.maryland.gov/about/meeting_materials/December_2019.pdf
2026-02-25 11:19:27,092 INFO [depth=3] Crawling: https://elections.maryland.gov/about/documents/Agenda_10_31_2019.pdf
2026-02-25 11:19:28,492 INFO [depth=3] Crawling: https://elections.maryland.gov/pdf/minutes/2019_10_31.pdf
2026-02-25 11:19:29,562 INFO [depth=3] Crawling: https://elections.maryland.gov/about/meeting_materials/October_31_2019.pdf
2026-02-25 11:19:30,577 INFO [depth=3] Crawling: https://elections.maryland.gov/about/documents/Agenda_10_08_2019.pdf
2026-02-25 11:19:31,876 INFO [depth=3] Crawling: https://elections.maryland.gov/pdf/minutes/2019_10_08.pdf
2026-02-25 11:19:32,966 INFO [depth=3] Crawling: https://elections.maryland.gov/about/meeting_materials/October_8_2019.pdf
2026-02-25 11:19:33,943 INFO [depth=3] Crawling: https://elections.maryland.gov/about/documents/Agenda_9_26_2019.pdf
2026-02-25 11:19:35,038 INFO [depth=3] Crawling: https://elections.maryland.gov/pdf/minutes/2019_09.pdf
2026-02-25 11:19:36,079 INFO [depth=3] Crawling: https://elections.maryland.gov/about/meeting_materials/September_2019.pdf
2026-02-25 11:19:37,222 INFO [depth=3] Crawling: https://elections.maryland.gov/about/documents/Agenda_8_22_2019.pdf
2026-02-25 11:19:38,277 INFO [depth=3] Crawling: https://elections.maryland.gov/pdf/minutes/2019_08.pdf
2026-02-25 11:19:39,350 INFO [depth=3] Crawling: https://elections.maryland.gov/about/meeting_materials/August_2019.pdf
2026-02-25 11:19:40,444 INFO [depth=3] Crawling: https://elections.maryland.gov/about/documents/agenda_7_25_2019.pdf
2026-02-25 11:19:41,487 INFO [depth=3] Crawling: https://elections.maryland.gov/pdf/minutes/2019_07.pdf
2026-02-25 11:19:43,042 INFO [depth=3] Crawling: https://elections.maryland.gov/about/meeting_materials/July_2019.pdf
2026-02-25 11:19:44,125 INFO [depth=3] Crawling: https://elections.maryland.gov/about/documents/Agenda_6_27_2019.pdf
2026-02-25 11:19:45,620 INFO [depth=3] Crawling: https://elections.maryland.gov/pdf/minutes/2019_06.pdf
2026-02-25 11:19:46,653 INFO [depth=3] Crawling: https://elections.maryland.gov/about/meeting_materials/June_2019.pdf
2026-02-25 11:19:47,791 INFO [depth=3] Crawling: https://elections.maryland.gov/about/documents/Agenda_5_16_2019.pdf
2026-02-25 11:19:49,202 INFO [depth=3] Crawling: https://elections.maryland.gov/pdf/minutes/2019_05.pdf
2026-02-25 11:19:50,192 INFO [depth=3] Crawling: https://elections.maryland.gov/about/meeting_materials/May_2019.pdf
2026-02-25 11:19:51,284 INFO [depth=3] Crawling: https://elections.maryland.gov/about/documents/Agenda_4_24_2019.pdf
2026-02-25 11:19:52,407 INFO [depth=3] Crawling: https://elections.maryland.gov/pdf/minutes/2019_04.pdf
2026-02-25 11:19:53,559 INFO [depth=3] Crawling: https://elections.maryland.gov/about/meeting_materials/April_2019.pdf
2026-02-25 11:19:54,595 INFO [depth=3] Crawling: https://elections.maryland.gov/about/documents/Agenda_3_28_2019.pdf
2026-02-25 11:19:55,652 INFO [depth=3] Crawling: https://elections.maryland.gov/pdf/minutes/2019_03.pdf
2026-02-25 11:19:56,655 INFO [depth=3] Crawling: https://elections.maryland.gov/about/meeting_materials/March_2019.pdf
2026-02-25 11:19:57,712 INFO [depth=3] Crawling: https://elections.maryland.gov/about/documents/Agenda_1_10_2019.pdf
2026-02-25 11:19:58,774 INFO [depth=3] Crawling: https://elections.maryland.gov/pdf/minutes/2019_01.pdf
2026-02-25 11:20:00,215 INFO [depth=3] Crawling: https://elections.maryland.gov/about/meeting_materials/January_2019.pdf
2026-02-25 11:20:01,357 INFO [depth=3] Crawling: https://elections.maryland.gov/about/documents/Agenda_11_29_2018.pdf
2026-02-25 11:20:02,572 INFO [depth=3] Crawling: https://elections.maryland.gov/pdf/minutes/2018_11.pdf
2026-02-25 11:20:03,819 INFO [depth=3] Crawling: https://elections.maryland.gov/about/meeting_materials/November_2018.pdf
2026-02-25 11:20:04,976 INFO [depth=3] Crawling: https://elections.maryland.gov/about/documents/Agenda_10_04_2018.pdf
2026-02-25 11:20:06,078 INFO [depth=3] Crawling: https://elections.maryland.gov/pdf/minutes/2018_10.pdf
2026-02-25 11:20:07,242 INFO [depth=3] Crawling: https://elections.maryland.gov/about/meeting_materials/October_2018.pdf
2026-02-25 11:20:09,575 INFO [depth=3] Crawling: https://elections.maryland.gov/about/documents/Agenda_8_23_2018.pdf
2026-02-25 11:20:10,619 INFO [depth=3] Crawling: https://elections.maryland.gov/pdf/minutes/2018_08.pdf
2026-02-25 11:20:11,825 INFO [depth=3] Crawling: https://elections.maryland.gov/about/meeting_materials/August_2018.pdf
2026-02-25 11:20:13,138 INFO [depth=3] Crawling: https://elections.maryland.gov/about/documents/Agenda_7_19_2018.pdf
2026-02-25 11:20:14,439 INFO [depth=3] Crawling: https://elections.maryland.gov/pdf/minutes/2018_07.pdf
2026-02-25 11:20:15,941 INFO [depth=3] Crawling: https://elections.maryland.gov/about/meeting_materials/July_2018.pdf
2026-02-25 11:20:17,668 INFO [depth=3] Crawling: https://elections.maryland.gov/about/documents/Agenda_5_24_2018.pdf
2026-02-25 11:20:19,125 INFO [depth=3] Crawling: https://elections.maryland.gov/pdf/minutes/2018_05_31.pdf
2026-02-25 11:20:20,252 INFO [depth=3] Crawling: https://elections.maryland.gov/about/meeting_materials/May_2018.pdf
2026-02-25 11:20:22,291 INFO [depth=3] Crawling: https://elections.maryland.gov/about/documents/Agenda_4_24_2018.pdf
2026-02-25 11:20:23,552 INFO [depth=3] Crawling: https://elections.maryland.gov/pdf/minutes/2018_04_24.pdf
2026-02-25 11:20:24,721 INFO [depth=3] Crawling: https://elections.maryland.gov/about/meeting_materials/April_24_2018.pdf
2026-02-25 11:20:26,263 INFO [depth=3] Crawling: https://elections.maryland.gov/about/documents/Agenda_4_12_2018.pdf
2026-02-25 11:20:27,491 INFO [depth=3] Crawling: https://elections.maryland.gov/pdf/minutes/2018_04_12.pdf
2026-02-25 11:20:28,776 INFO [depth=3] Crawling: https://elections.maryland.gov/about/meeting_materials/April_2018.pdf
2026-02-25 11:20:29,949 INFO [depth=3] Crawling: https://elections.maryland.gov/about/documents/Agenda_2_22_2018.pdf
2026-02-25 11:20:31,045 INFO [depth=3] Crawling: https://elections.maryland.gov/pdf/minutes/2018_02.pdf
2026-02-25 11:20:32,101 INFO [depth=3] Crawling: https://elections.maryland.gov/about/meeting_materials/February_2018.pdf
2026-02-25 11:20:33,283 INFO [depth=3] Crawling: https://elections.maryland.gov/about/documents/Agenda_1_18_2018.pdf
2026-02-25 11:20:34,419 INFO [depth=3] Crawling: https://elections.maryland.gov/pdf/minutes/2018_01.pdf
2026-02-25 11:20:35,648 INFO [depth=3] Crawling: https://elections.maryland.gov/about/meeting_materials/January_2018.pdf
2026-02-25 11:20:36,989 INFO [depth=3] Crawling: https://elections.maryland.gov/about/documents/Agenda_12_7_2017.pdf
2026-02-25 11:20:38,009 INFO [depth=3] Crawling: https://elections.maryland.gov/pdf/minutes/2017_12.pdf
2026-02-25 11:20:40,091 INFO [depth=3] Crawling: https://elections.maryland.gov/about/meeting_materials/December_2017.pdf
2026-02-25 11:20:41,024 INFO [depth=3] Crawling: https://elections.maryland.gov/about/documents/Agenda_10_26_2017.pdf
2026-02-25 11:20:42,134 INFO [depth=3] Crawling: https://elections.maryland.gov/pdf/minutes/2017_10.pdf
2026-02-25 11:20:43,210 INFO [depth=3] Crawling: https://elections.maryland.gov/about/meeting_materials/October_2017.pdf
2026-02-25 11:20:44,262 INFO [depth=3] Crawling: https://elections.maryland.gov/about/documents/Agenda_9_29_2017.pdf
2026-02-25 11:20:45,315 INFO [depth=3] Crawling: https://elections.maryland.gov/pdf/minutes/2017_09.pdf
2026-02-25 11:20:46,646 INFO [depth=3] Crawling: https://elections.maryland.gov/about/meeting_materials/September_2017.pdf
2026-02-25 11:20:47,766 INFO [depth=3] Crawling: https://elections.maryland.gov/about/documents/agenda_8_24_2017.pdf
2026-02-25 11:20:48,969 INFO [depth=3] Crawling: https://elections.maryland.gov/pdf/minutes/2017_08.pdf
2026-02-25 11:20:50,044 INFO [depth=3] Crawling: https://elections.maryland.gov/about/meeting_materials/August_2017.pdf
2026-02-25 11:20:51,897 INFO [depth=3] Crawling: https://elections.maryland.gov/about/documents/agenda_7_27_2017.pdf
2026-02-25 11:20:52,900 INFO [depth=3] Crawling: https://elections.maryland.gov/pdf/minutes/2017_07.pdf
2026-02-25 11:20:54,275 INFO [depth=3] Crawling: https://elections.maryland.gov/about/meeting_materials/July_2017.pdf
2026-02-25 11:20:55,457 INFO [depth=3] Crawling: https://elections.maryland.gov/about/documents/Agenda_5_18_2017.pdf
2026-02-25 11:20:56,775 INFO [depth=3] Crawling: https://elections.maryland.gov/pdf/minutes/2017_05.pdf
2026-02-25 11:20:57,846 INFO [depth=3] Crawling: https://elections.maryland.gov/about/meeting_materials/May_2017.pdf
2026-02-25 11:20:58,852 INFO [depth=3] Crawling: https://elections.maryland.gov/about/documents/Agenda_4_20_2017.pdf
2026-02-25 11:21:00,366 INFO [depth=3] Crawling: https://elections.maryland.gov/pdf/minutes/2017_04.pdf
2026-02-25 11:21:01,440 INFO [depth=3] Crawling: https://elections.maryland.gov/about/meeting_materials/April_2017.pdf
2026-02-25 11:21:02,506 INFO [depth=3] Crawling: https://elections.maryland.gov/about/documents/Agenda_2_23_2017.pdf
2026-02-25 11:21:03,642 INFO [depth=3] Crawling: https://elections.maryland.gov/pdf/minutes/2017_02.pdf
2026-02-25 11:21:04,825 INFO [depth=3] Crawling: https://elections.maryland.gov/about/meeting_materials/February_2017.pdf
2026-02-25 11:21:05,911 INFO [depth=3] Crawling: https://elections.maryland.gov/about/documents/Agenda_1_25_2017.pdf
2026-02-25 11:21:06,953 INFO [depth=3] Crawling: https://elections.maryland.gov/pdf/minutes/2017_01.pdf
2026-02-25 11:21:08,435 INFO [depth=3] Crawling: https://elections.maryland.gov/about/meeting_materials/January_2017.pdf
2026-02-25 11:21:09,410 INFO [depth=3] Crawling: https://elections.maryland.gov/about/documents/Agenda_12_15_2016.pdf
2026-02-25 11:21:10,544 INFO [depth=3] Crawling: https://elections.maryland.gov/about/documents/Agenda_10_28_2016.pdf
2026-02-25 11:21:11,641 INFO [depth=3] Crawling: https://elections.maryland.gov/about/documents/Agenda_9_29_2016.pdf
2026-02-25 11:21:12,684 INFO [depth=3] Crawling: https://elections.maryland.gov/about/documents/Agenda_9_14_2016.pdf
2026-02-25 11:21:13,746 INFO [depth=3] Crawling: https://elections.maryland.gov/about/documents/Agenda_9_08_2016.pdf
2026-02-25 11:21:14,875 INFO [depth=3] Crawling: https://elections.maryland.gov/about/documents/Agenda_8_25_2016.pdf
2026-02-25 11:21:16,127 INFO [depth=3] Crawling: https://elections.maryland.gov/about/documents/agenda_7_28_2016.pdf
2026-02-25 11:21:17,136 INFO [depth=3] Crawling: https://elections.maryland.gov/about/documents/Agenda_6_30_2016.pdf
2026-02-25 11:21:19,712 INFO [depth=3] Crawling: https://elections.maryland.gov/about/documents/Agenda_5_18_2016.pdf
2026-02-25 11:21:21,042 INFO [depth=3] Crawling: https://elections.maryland.gov/about/documents/Agenda_3_24_2016.pdf
2026-02-25 11:21:22,127 INFO [depth=3] Crawling: https://elections.maryland.gov/about/documents/Agenda_3_4_2016.pdf
2026-02-25 11:21:23,281 INFO [depth=3] Crawling: https://elections.maryland.gov/about/documents/Agenda_2_25_2016.pdf
2026-02-25 11:21:24,332 INFO [depth=3] Crawling: https://elections.maryland.gov/about/documents/Agenda_2_4_2016.pdf
2026-02-25 11:21:25,350 INFO [depth=3] Crawling: https://elections.maryland.gov/about/documents/Agenda_January_21_2016.pdf
2026-02-25 11:21:26,779 INFO [depth=3] Crawling: https://elections.maryland.gov/about/documents/Agenda_11_13_2015.pdf
2026-02-25 11:21:27,875 INFO [depth=3] Crawling: https://elections.maryland.gov/about/documents/Agenda_10_23_2015.pdf
2026-02-25 11:21:28,972 INFO [depth=3] Crawling: https://elections.maryland.gov/about/documents/Agenda_10_15_2015.pdf
2026-02-25 11:21:29,999 INFO [depth=3] Crawling: https://elections.maryland.gov/about/documents/Agenda_9_24_2015.pdf
2026-02-25 11:21:31,122 INFO [depth=3] Crawling: https://elections.maryland.gov/about/documents/Agenda_8_27_2015.pdf
2026-02-25 11:21:32,191 INFO [depth=3] Crawling: https://elections.maryland.gov/about/documents/agenda_7_16_2015.pdf
2026-02-25 11:21:33,341 INFO [depth=3] Crawling: https://elections.maryland.gov/documents/Agenda_May.pdf
2026-02-25 11:21:34,571 INFO [depth=3] Crawling: https://elections.maryland.gov/about/documents/Agenda_4_30_2015.pdf
2026-02-25 11:21:35,653 INFO [depth=3] Crawling: https://elections.maryland.gov/about/documents/Agenda_3_19_2015.pdf
2026-02-25 11:21:36,759 INFO [depth=3] Crawling: https://elections.maryland.gov/about/documents/Agenda_1_29_2015.pdf
2026-02-25 11:21:38,041 INFO [depth=3] Crawling: https://elections.maryland.gov/about/documents/Agenda_12_11_2014.pdf
2026-02-25 11:21:39,120 INFO [depth=3] Crawling: https://elections.maryland.gov/about/documents/Agenda_10_30_2014.pdf
2026-02-25 11:21:40,183 INFO [depth=3] Crawling: https://elections.maryland.gov/about/documents/Agenda_9_25_2014.pdf
2026-02-25 11:21:41,325 INFO [depth=3] Crawling: https://elections.maryland.gov/about/documents/Agenda_8_28_2014.pdf
2026-02-25 11:21:42,402 INFO [depth=3] Crawling: https://elections.maryland.gov/about/documents/Agenda_7_10_2014.pdf
2026-02-25 11:21:43,562 INFO [depth=3] Crawling: https://elections.maryland.gov/about/documents/Agenda_4_24_2014.pdf
2026-02-25 11:21:44,694 INFO [depth=3] Crawling: https://elections.maryland.gov/about/documents/Agenda_3_27_2014.pdf
2026-02-25 11:21:46,275 INFO [depth=3] Crawling: https://elections.maryland.gov/about/documents/Agenda_2_27_2014.pdf
2026-02-25 11:21:47,624 INFO [depth=3] Crawling: https://elections.maryland.gov/about/documents/Agenda_1_23_2014.pdf
2026-02-25 11:21:48,684 INFO [depth=3] Crawling: https://elections.maryland.gov/about/documents/Agenda_11_21_2013.pdf
2026-02-25 11:21:49,769 INFO [depth=3] Crawling: https://elections.maryland.gov/about/documents/Agenda_9_26_2013.pdf
2026-02-25 11:21:50,998 INFO [depth=3] Crawling: https://elections.maryland.gov/about/documents/Agenda_8_22_2013.pdf
2026-02-25 11:21:52,069 INFO [depth=3] Crawling: https://elections.maryland.gov/about/documents/Agenda_7_17_2013.pdf
2026-02-25 11:21:54,631 INFO [depth=3] Crawling: https://elections.maryland.gov/about/documents/Agenda_5_23_2013.pdf
2026-02-25 11:21:55,717 INFO [depth=3] Crawling: https://elections.maryland.gov/about/documents/Agenda_4_25_2013.pdf
2026-02-25 11:21:56,796 INFO [depth=3] Crawling: https://elections.maryland.gov/about/documents/Agenda_3_28_2013.pdf
2026-02-25 11:21:57,838 INFO [depth=3] Crawling: https://elections.maryland.gov/about/documents/Agenda_1_31_2013.pdf
2026-02-25 11:22:00,351 INFO [depth=3] Crawling: https://elections.maryland.gov/about/documents/Agenda_12_6_2012.pdf
2026-02-25 11:22:01,572 INFO [depth=3] Crawling: https://elections.maryland.gov/pdf/minutes/Agenda_10_25_2012_meeting.pdf
2026-02-25 11:22:02,938 INFO [depth=3] Crawling: https://elections.maryland.gov/pdf/minutes/Agenda_9_27_2012_meeting.pdf
2026-02-25 11:22:04,167 INFO [depth=3] Crawling: https://elections.maryland.gov/about/documents/Agenda_8_23_2012.pdf
2026-02-25 11:22:05,408 INFO [depth=3] Crawling: https://elections.maryland.gov/about/documents/Agenda_6_28_2012.pdf
2026-02-25 11:22:06,513 INFO [depth=3] Crawling: https://elections.maryland.gov/about/documents/Agenda_5_24_2012.pdf
2026-02-25 11:22:07,535 INFO [depth=3] Crawling: https://elections.maryland.gov/about/documents/Agenda_3_12_2012.pdf
2026-02-25 11:22:08,641 INFO [depth=3] Crawling: https://elections.maryland.gov/about/documents/Agenda_2_23_2012.pdf
2026-02-25 11:22:09,632 INFO [depth=3] Crawling: https://elections.maryland.gov/about/documents/Agenda_12_19_2011.pdf
2026-02-25 11:22:10,646 INFO [depth=3] Crawling: https://elections.maryland.gov/about/documents/Agenda_11_10_2011.pdf
2026-02-25 11:22:11,817 INFO [depth=3] Crawling: https://elections.maryland.gov/about/documents/Agenda_9_22_2011.pdf
2026-02-25 11:22:13,027 INFO [depth=3] Crawling: https://elections.maryland.gov/about/documents/Agenda_8_25_2011.pdf
2026-02-25 11:22:14,092 INFO [depth=3] Crawling: https://elections.maryland.gov/about/documents/Agenda_7_28_2011.pdf
2026-02-25 11:22:15,082 INFO [depth=3] Crawling: https://elections.maryland.gov/about/documents/Agenda_6_30_2011.pdf
2026-02-25 11:22:16,124 INFO [depth=3] Crawling: https://elections.maryland.gov/about/documents/Agenda_4_28_2011.pdf
2026-02-25 11:22:17,095 INFO [depth=3] Crawling: https://elections.maryland.gov/about/documents/Agenda_3_24_2011.pdf
2026-02-25 11:22:18,229 INFO [depth=3] Crawling: https://elections.maryland.gov/about/documents/Agenda_2_10_2011.pdf
2026-02-25 11:22:19,276 INFO [depth=3] Crawling: https://elections.maryland.gov/pdf/minutes/Agenda_12_14_2010.pdf
2026-02-25 11:22:20,302 INFO [depth=3] Crawling: https://elections.maryland.gov/pdf/minutes/Agenda_9_27.pdf
2026-02-25 11:22:21,382 INFO [depth=3] Crawling: https://elections.maryland.gov/about/documents/Agenda_8_5.pdf
2026-02-25 11:22:22,431 INFO [depth=3] Crawling: https://elections.maryland.gov/about/documents/Agenda_6_3.pdf
2026-02-25 11:22:23,445 INFO [depth=3] Crawling: https://elections.maryland.gov/about/documents/Agenda_4_29.pdf
2026-02-25 11:22:24,432 INFO [depth=3] Crawling: https://elections.maryland.gov/about/documents/Agenda_3_25.pdf
2026-02-25 11:22:25,600 INFO [depth=3] Crawling: https://elections.maryland.gov/pdf/minutes/Agenda_2_25_meeting.pdf
2026-02-25 11:22:26,902 INFO [depth=3] Crawling: https://elections.maryland.gov/pdf/minutes/Agenda_1_28_2010_meeting.pdf
2026-02-25 11:22:27,976 INFO [depth=3] Crawling: https://elections.maryland.gov/pdf/minutes/Agenda_12_17_meeting.pdf
2026-02-25 11:22:29,003 INFO [depth=3] Crawling: https://elections.maryland.gov/pdf/minutes/Agenda_10_22_meeting.pdf
2026-02-25 11:22:30,139 INFO [depth=3] Crawling: https://elections.maryland.gov/pdf/minutes/Agenda_9_24_Meeting.pdf
2026-02-25 11:22:31,193 INFO [depth=3] Crawling: https://elections.maryland.gov/pdf/minutes/Agenda_7_23_meeting.pdf
2026-02-25 11:22:32,482 INFO [depth=3] Crawling: https://elections.maryland.gov/pdf/minutes/Agenda_5_28_meeting.pdf
2026-02-25 11:22:33,574 INFO [depth=3] Crawling: https://elections.maryland.gov/pdf/minutes/Agenda_4_22_meeting.pdf
2026-02-25 11:22:34,658 INFO [depth=3] Crawling: https://elections.maryland.gov/pdf/minutes/Agenda_3_26_meeting.pdf
2026-02-25 11:22:35,723 INFO [depth=3] Crawling: https://elections.maryland.gov/pdf/minutes/2016_12.pdf
2026-02-25 11:22:36,875 INFO [depth=3] Crawling: https://elections.maryland.gov/pdf/minutes/2016_10.pdf
2026-02-25 11:22:37,957 INFO [depth=3] Crawling: https://elections.maryland.gov/pdf/minutes/2016_09_29.pdf
2026-02-25 11:22:39,084 INFO [depth=3] Crawling: https://elections.maryland.gov/pdf/minutes/2016_09_14.pdf
2026-02-25 11:22:40,116 INFO [depth=3] Crawling: https://elections.maryland.gov/pdf/minutes/2016_09_08.pdf
2026-02-25 11:22:41,110 INFO [depth=3] Crawling: https://elections.maryland.gov/pdf/minutes/2016_08.pdf
2026-02-25 11:22:42,180 INFO [depth=3] Crawling: https://elections.maryland.gov/pdf/minutes/2016_07.pdf
2026-02-25 11:22:43,481 INFO [depth=3] Crawling: https://elections.maryland.gov/pdf/minutes/2016_06.pdf
2026-02-25 11:22:44,541 INFO [depth=3] Crawling: https://elections.maryland.gov/pdf/minutes/2016_05.pdf
2026-02-25 11:22:45,535 INFO [depth=3] Crawling: https://elections.maryland.gov/pdf/minutes/2016_03_24.pdf
2026-02-25 11:22:46,501 INFO [depth=3] Crawling: https://elections.maryland.gov/pdf/minutes/2016_03_04.pdf
2026-02-25 11:22:47,469 INFO [depth=3] Crawling: https://elections.maryland.gov/pdf/minutes/2016_02.pdf
2026-02-25 11:22:48,541 INFO [depth=3] Crawling: https://elections.maryland.gov/pdf/minutes/2016_02_04.pdf
2026-02-25 11:22:49,742 INFO [depth=3] Crawling: https://elections.maryland.gov/pdf/minutes/2016_01.pdf
2026-02-25 11:22:50,743 INFO [depth=3] Crawling: https://elections.maryland.gov/pdf/minutes/2015_11.pdf
2026-02-25 11:22:51,720 INFO [depth=3] Crawling: https://elections.maryland.gov/pdf/minutes/2015_10_23.pdf
2026-02-25 11:22:52,850 INFO [depth=3] Crawling: https://elections.maryland.gov/pdf/minutes/2015_10_15.pdf
2026-02-25 11:22:53,899 INFO [depth=3] Crawling: https://elections.maryland.gov/pdf/minutes/2015_09.pdf
2026-02-25 11:22:55,153 INFO [depth=3] Crawling: https://elections.maryland.gov/pdf/minutes/2015_08.pdf
2026-02-25 11:22:56,176 INFO [depth=3] Crawling: https://elections.maryland.gov/pdf/minutes/2015_07.pdf
2026-02-25 11:22:57,464 INFO [depth=3] Crawling: https://elections.maryland.gov/pdf/minutes/2015_05.pdf
2026-02-25 11:22:58,567 INFO [depth=3] Crawling: https://elections.maryland.gov/pdf/minutes/2015_04.pdf
2026-02-25 11:22:59,952 INFO [depth=3] Crawling: https://elections.maryland.gov/pdf/minutes/2015_03.pdf
2026-02-25 11:23:01,084 INFO [depth=3] Crawling: https://elections.maryland.gov/pdf/minutes/2015_01.pdf
2026-02-25 11:23:02,197 INFO [depth=3] Crawling: https://elections.maryland.gov/pdf/minutes/2014_12.pdf
2026-02-25 11:23:03,501 INFO [depth=3] Crawling: https://elections.maryland.gov/pdf/minutes/2014_10.pdf
2026-02-25 11:23:04,604 INFO [depth=3] Crawling: https://elections.maryland.gov/pdf/minutes/2014_09.pdf
2026-02-25 11:23:05,814 INFO [depth=3] Crawling: https://elections.maryland.gov/pdf/minutes/2014_08.pdf
2026-02-25 11:23:06,959 INFO [depth=3] Crawling: https://elections.maryland.gov/pdf/minutes/2014_07.pdf
2026-02-25 11:23:08,033 INFO [depth=3] Crawling: https://elections.maryland.gov/pdf/minutes/2014_04.pdf
2026-02-25 11:23:09,255 INFO [depth=3] Crawling: https://elections.maryland.gov/pdf/minutes/2014_03.pdf
2026-02-25 11:23:10,379 INFO [depth=3] Crawling: https://elections.maryland.gov/pdf/minutes/2014_02.pdf
2026-02-25 11:23:11,558 INFO [depth=3] Crawling: https://elections.maryland.gov/pdf/minutes/2014_01.pdf
2026-02-25 11:23:12,802 INFO [depth=3] Crawling: https://elections.maryland.gov/pdf/minutes/2013_11.pdf
2026-02-25 11:23:13,839 INFO [depth=3] Crawling: https://elections.maryland.gov/pdf/minutes/2013_09.pdf
2026-02-25 11:23:15,918 INFO [depth=3] Crawling: https://elections.maryland.gov/pdf/minutes/2013_08.pdf
2026-02-25 11:23:17,136 INFO [depth=3] Crawling: https://elections.maryland.gov/pdf/minutes/2013_07.pdf
2026-02-25 11:23:19,232 INFO [depth=3] Crawling: https://elections.maryland.gov/pdf/minutes/2013_05.pdf
2026-02-25 11:23:20,338 INFO [depth=3] Crawling: https://elections.maryland.gov/pdf/minutes/2013_04.pdf
2026-02-25 11:23:21,478 INFO [depth=3] Crawling: https://elections.maryland.gov/pdf/minutes/2013_03.pdf
2026-02-25 11:23:22,570 INFO [depth=3] Crawling: https://elections.maryland.gov/pdf/minutes/2013_01.pdf
2026-02-25 11:23:23,647 INFO [depth=3] Crawling: https://elections.maryland.gov/pdf/minutes/2012_12.pdf
2026-02-25 11:23:24,741 INFO [depth=3] Crawling: https://elections.maryland.gov/pdf/minutes/2012_10.pdf
2026-02-25 11:23:26,235 INFO [depth=3] Crawling: https://elections.maryland.gov/pdf/minutes/2012_09.pdf
2026-02-25 11:23:27,252 INFO [depth=3] Crawling: https://elections.maryland.gov/pdf/minutes/2012_08.pdf
2026-02-25 11:23:28,369 INFO [depth=3] Crawling: https://elections.maryland.gov/pdf/minutes/2012_06.pdf
2026-02-25 11:23:29,558 INFO [depth=3] Crawling: https://elections.maryland.gov/pdf/minutes/2012_5.pdf
2026-02-25 11:23:31,093 INFO [depth=3] Crawling: https://elections.maryland.gov/pdf/minutes/2012_3.pdf
2026-02-25 11:23:32,184 INFO [depth=3] Crawling: https://elections.maryland.gov/pdf/minutes/2012_2.pdf
2026-02-25 11:23:33,338 INFO [depth=3] Crawling: https://elections.maryland.gov/pdf/minutes/2011_12.pdf
2026-02-25 11:23:34,415 INFO [depth=3] Crawling: https://elections.maryland.gov/pdf/minutes/2011_11.pdf
2026-02-25 11:23:35,558 INFO [depth=3] Crawling: https://elections.maryland.gov/pdf/minutes/2011_09.pdf
2026-02-25 11:23:36,619 INFO [depth=3] Crawling: https://elections.maryland.gov/pdf/minutes/2011_08.pdf
2026-02-25 11:23:37,647 INFO [depth=3] Crawling: https://elections.maryland.gov/pdf/minutes/2011_07.pdf
2026-02-25 11:23:38,696 INFO [depth=3] Crawling: https://elections.maryland.gov/pdf/minutes/2011_06.pdf
2026-02-25 11:23:39,752 INFO [depth=3] Crawling: https://elections.maryland.gov/pdf/minutes/2011_04.pdf
2026-02-25 11:23:40,799 INFO [depth=3] Crawling: https://elections.maryland.gov/pdf/minutes/2011_03.pdf
2026-02-25 11:23:42,956 INFO [depth=3] Crawling: https://elections.maryland.gov/pdf/minutes/2011_02.pdf
2026-02-25 11:23:44,486 INFO [depth=3] Crawling: https://elections.maryland.gov/pdf/minutes/2010_12.pdf
2026-02-25 11:23:45,480 INFO [depth=3] Crawling: https://elections.maryland.gov/pdf/minutes/2010_09.pdf
2026-02-25 11:23:46,525 INFO [depth=3] Crawling: https://elections.maryland.gov/pdf/minutes/2010_08.pdf
2026-02-25 11:23:47,568 INFO [depth=3] Crawling: https://elections.maryland.gov/pdf/minutes/2010_06.pdf
2026-02-25 11:23:48,721 INFO [depth=3] Crawling: https://elections.maryland.gov/pdf/minutes/2010_04.pdf
2026-02-25 11:23:49,895 INFO [depth=3] Crawling: https://elections.maryland.gov/pdf/minutes/2010_03.pdf
2026-02-25 11:23:51,027 INFO [depth=3] Crawling: https://elections.maryland.gov/pdf/minutes/2010_02.pdf
2026-02-25 11:23:52,203 INFO [depth=3] Crawling: https://elections.maryland.gov/pdf/minutes/2010_01.pdf
2026-02-25 11:23:53,206 INFO [depth=3] Crawling: https://elections.maryland.gov/pdf/minutes/2009_12.pdf
2026-02-25 11:23:54,260 INFO [depth=3] Crawling: https://elections.maryland.gov/pdf/minutes/2009_10.pdf
2026-02-25 11:23:55,542 INFO [depth=3] Crawling: https://elections.maryland.gov/pdf/minutes/2009_09.pdf
2026-02-25 11:23:56,526 INFO [depth=3] Crawling: https://elections.maryland.gov/pdf/minutes/2009_07.pdf
2026-02-25 11:23:57,541 INFO [depth=3] Crawling: https://elections.maryland.gov/pdf/minutes/2009_05.pdf
2026-02-25 11:23:58,594 INFO [depth=3] Crawling: https://elections.maryland.gov/pdf/minutes/2009_04.pdf
2026-02-25 11:23:59,680 INFO [depth=3] Crawling: https://elections.maryland.gov/pdf/minutes/2009_03.pdf
2026-02-25 11:24:00,718 INFO [depth=3] Crawling: https://elections.maryland.gov/pdf/minutes/2008_12.pdf
2026-02-25 11:24:01,838 INFO [depth=3] Crawling: https://elections.maryland.gov/pdf/minutes/2008_10.pdf
2026-02-25 11:24:02,938 INFO [depth=3] Crawling: https://elections.maryland.gov/pdf/minutes/2008_09.pdf
2026-02-25 11:24:04,231 INFO [depth=3] Crawling: https://elections.maryland.gov/pdf/minutes/2008_08.pdf
2026-02-25 11:24:05,215 INFO [depth=3] Crawling: https://elections.maryland.gov/pdf/minutes/2008_07.pdf
2026-02-25 11:24:06,261 INFO [depth=3] Crawling: https://elections.maryland.gov/pdf/minutes/2008_05.pdf
2026-02-25 11:24:07,378 INFO [depth=3] Crawling: https://elections.maryland.gov/pdf/minutes/2008_04.pdf
2026-02-25 11:24:08,486 INFO [depth=3] Crawling: https://elections.maryland.gov/pdf/minutes/2008_02.pdf
2026-02-25 11:24:09,562 INFO [depth=3] Crawling: https://elections.maryland.gov/pdf/minutes/2008_01.pdf
2026-02-25 11:24:10,691 INFO [depth=3] Crawling: https://elections.maryland.gov/pdf/minutes/2007_12.pdf
2026-02-25 11:24:11,952 INFO [depth=3] Crawling: https://elections.maryland.gov/pdf/minutes/2007_11.pdf
2026-02-25 11:24:13,050 INFO [depth=3] Crawling: https://elections.maryland.gov/pdf/minutes/2007_10.pdf
2026-02-25 11:24:14,171 INFO [depth=3] Crawling: https://elections.maryland.gov/pdf/minutes/2007_08.pdf
2026-02-25 11:24:15,434 INFO [depth=3] Crawling: https://elections.maryland.gov/pdf/minutes/2007_07.pdf
2026-02-25 11:24:16,520 INFO [depth=3] Crawling: https://elections.maryland.gov/pdf/minutes/2007_05.pdf
2026-02-25 11:24:17,590 INFO [depth=3] Crawling: https://elections.maryland.gov/pdf/minutes/2007_04.pdf
2026-02-25 11:24:18,707 INFO [depth=3] Crawling: https://elections.maryland.gov/pdf/minutes/2007_03.pdf
2026-02-25 11:24:19,764 INFO [depth=3] Crawling: https://elections.maryland.gov/pdf/minutes/2007_02.pdf
2026-02-25 11:24:20,871 INFO [depth=3] Crawling: https://elections.maryland.gov/pdf/minutes/2007_01.pdf
2026-02-25 11:24:21,917 INFO [depth=3] Crawling: https://elections.maryland.gov/pdf/minutes/2006_11.pdf
2026-02-25 11:24:23,068 INFO [depth=3] Crawling: https://elections.maryland.gov/pdf/minutes/2006_10.pdf
2026-02-25 11:24:24,182 INFO [depth=3] Crawling: https://elections.maryland.gov/pdf/minutes/2006_09.pdf
2026-02-25 11:24:25,219 INFO [depth=3] Crawling: https://elections.maryland.gov/pdf/minutes/2006_08.pdf
2026-02-25 11:24:26,219 INFO [depth=3] Crawling: https://elections.maryland.gov/pdf/Minutes_07-24-2006.pdf
2026-02-25 11:24:27,230 INFO [depth=3] Crawling: https://elections.maryland.gov/pdf/Minutes_07-06-2006.pdf
2026-02-25 11:24:28,253 INFO [depth=3] Crawling: https://elections.maryland.gov/pdf/Minutes_06-2006.pdf
2026-02-25 11:24:29,318 INFO [depth=3] Crawling: https://elections.maryland.gov/pdf/pollbook_briefing_5-31.pdf
2026-02-25 11:24:30,374 INFO [depth=3] Crawling: https://elections.maryland.gov/pdf/Minutes_05-2006.pdf
2026-02-25 11:24:31,397 INFO [depth=3] Crawling: https://elections.maryland.gov/pdf/Minutes_3-06.pdf
2026-02-25 11:24:32,369 INFO [depth=3] Crawling: https://elections.maryland.gov/pdf/Minutes_2-06.pdf
2026-02-25 11:24:33,652 INFO [depth=3] Crawling: https://elections.maryland.gov/pdf/Minutes_01-19-2006.pdf
2026-02-25 11:24:34,763 INFO [depth=3] Crawling: https://elections.maryland.gov/pdf/Minutes_12-05.pdf
2026-02-25 11:24:36,081 INFO [depth=3] Crawling: https://elections.maryland.gov/pdf/Nov_2005.pdf
2026-02-25 11:24:37,652 INFO [depth=3] Crawling: https://elections.maryland.gov/pdf/minutes/10-05_Minutes.pdf
2026-02-25 11:24:38,867 INFO [depth=3] Crawling: https://elections.maryland.gov/pdf/Minutes0805.pdf
2026-02-25 11:24:40,164 INFO [depth=3] Crawling: https://elections.maryland.gov/pdf/Minutes_07-05.pdf
2026-02-25 11:24:41,194 INFO [depth=3] Crawling: https://elections.maryland.gov/pdf/minutes_June-13-2005-final.pdf
2026-02-25 11:24:42,635 INFO [depth=3] Crawling: https://elections.maryland.gov/pdf/minutes/2005_04.pdf
2026-02-25 11:24:43,706 INFO [depth=3] Crawling: https://elections.maryland.gov/pdf/minutes/2005_03_revised.pdf
2026-02-25 11:24:45,121 INFO [depth=3] Crawling: https://elections.maryland.gov/pdf/minutes/2005_02.pdf
2026-02-25 11:24:46,174 INFO [depth=3] Crawling: https://elections.maryland.gov/pdf/minutes/2005_01.pdf
2026-02-25 11:24:47,242 INFO [depth=3] Crawling: https://elections.maryland.gov/pdf/minutes/2004_11_Revised.pdf
2026-02-25 11:24:48,274 INFO [depth=3] Crawling: https://elections.maryland.gov/pdf/minutes/2004_10.pdf
2026-02-25 11:24:49,366 INFO [depth=3] Crawling: https://elections.maryland.gov/pdf/minutes/2004_09.pdf
2026-02-25 11:24:50,785 INFO [depth=3] Crawling: https://elections.maryland.gov/pdf/Minutes_08102004.pdf
2026-02-25 11:24:52,062 INFO [depth=3] Crawling: https://elections.maryland.gov/pdf/minutes/2004_07.pdf
2026-02-25 11:24:53,019 INFO [depth=3] Crawling: https://elections.maryland.gov/pdf/minutes/2004_05.pdf
2026-02-25 11:24:54,101 INFO [depth=3] Crawling: https://elections.maryland.gov/pdf/minutes/2004_04.pdf
2026-02-25 11:24:55,235 INFO [depth=3] Crawling: https://elections.maryland.gov/pdf/minutes/2004_03.pdf
2026-02-25 11:24:56,274 INFO [depth=3] Crawling: https://elections.maryland.gov/pdf/minutes/2004_02.pdf
2026-02-25 11:24:57,331 INFO [depth=3] Crawling: https://elections.maryland.gov/pdf/minutes/2004_01.pdf
2026-02-25 11:24:58,543 INFO [depth=3] Crawling: https://elections.maryland.gov/pdf/minutes/2003_12.pdf
2026-02-25 11:24:59,525 INFO [depth=3] Crawling: https://elections.maryland.gov/pdf/minutes/2003_11.pdf
2026-02-25 11:25:00,585 INFO [depth=3] Crawling: https://elections.maryland.gov/pdf/minutes/2003_10.pdf
2026-02-25 11:25:01,924 INFO [depth=3] Crawling: https://elections.maryland.gov/pdf/minutes/2003_09.pdf
2026-02-25 11:25:03,018 INFO [depth=3] Crawling: https://elections.maryland.gov/pdf/minutes/2003_08.pdf
2026-02-25 11:25:04,204 INFO [depth=3] Crawling: https://elections.maryland.gov/pdf/minutes/2003_07.pdf
2026-02-25 11:25:05,283 INFO [depth=3] Crawling: https://elections.maryland.gov/pdf/SBEAPPL.pdf
2026-02-25 11:25:06,329 INFO [depth=3] Crawling: https://elections.maryland.gov/voter_registration/purchase_lists.html
2026-02-25 11:25:06,532 INFO HTTP 404 — marking failed: https://elections.maryland.gov/voter_registration/purchase_lists.html
2026-02-25 11:25:06,532 INFO [depth=3] Crawling: https://elections.maryland.gov/forms/documents/Confidentiality Request Form.pdf
2026-02-25 11:25:08,104 INFO [depth=3] Crawling: https://businessdisclosure-elections.maryland.gov/
2026-02-25 11:25:08,733 WARNING discarding data: None
2026-02-25 11:25:09,496 INFO [depth=3] Crawling: https://elections.maryland.gov/forms/documents/Affidavit_Limited.pdf
2026-02-25 11:25:10,664 INFO [depth=3] Crawling: https://elections.maryland.gov/forms/documents/Affidavit of Designation.pdf
2026-02-25 11:25:11,800 INFO [depth=3] Crawling: https://elections.maryland.gov/pdf/summary_guide/ccr.pdf
2026-02-25 11:25:12,974 INFO [depth=3] Crawling: https://elections.maryland.gov/pdf/summary_guide/ft.pdf
2026-02-25 11:25:14,083 INFO [depth=3] Crawling: https://elections.maryland.gov/pdf/summary_guide/coaot.pdf
2026-02-25 11:25:15,274 INFO [depth=3] Crawling: https://elections.maryland.gov/pdf/summary_guide/coo.pdf
2026-02-25 11:25:16,562 INFO [depth=3] Crawling: https://elections.maryland.gov/pdf/summary_guide/rocot.pdf
2026-02-25 11:25:17,679 INFO [depth=3] Crawling: https://elections.maryland.gov/pdf/summary_guide/cfrsp.pdf
2026-02-25 11:25:18,716 INFO [depth=3] Crawling: https://elections.maryland.gov/pdf/summary_guide/s1.pdf
2026-02-25 11:25:19,801 INFO [depth=3] Crawling: https://elections.maryland.gov/pdf/summary_guide/s1a.pdf
2026-02-25 11:25:20,841 INFO [depth=3] Crawling: https://elections.maryland.gov/pdf/summary_guide/s1b.pdf
2026-02-25 11:25:21,957 INFO [depth=3] Crawling: https://elections.maryland.gov/pdf/summary_guide/s2.pdf
2026-02-25 11:25:22,961 INFO [depth=3] Crawling: https://elections.maryland.gov/pdf/summary_guide/s3.pdf
2026-02-25 11:25:23,967 INFO [depth=3] Crawling: https://elections.maryland.gov/pdf/summary_guide/s4.pdf
2026-02-25 11:25:25,024 INFO [depth=3] Crawling: https://elections.maryland.gov/pdf/summary_guide/aodf.pdf
2026-02-25 11:25:26,125 INFO [depth=3] Crawling: https://elections.maryland.gov/pdf/summary_guide/sd.pdf
2026-02-25 11:25:27,114 INFO [depth=3] Crawling: https://elections.maryland.gov/forms/documents/Price_List_CCF.pdf
2026-02-25 11:25:28,201 INFO [depth=3] Crawling: https://elections.maryland.gov/pdf/Request_for_Accessible_Polling_Place.pdf
2026-02-25 11:25:29,347 INFO [depth=3] Crawling: https://elections.maryland.gov/pdf/election_results_copies.pdf
2026-02-25 11:25:30,455 INFO [depth=3] Crawling: https://elections.maryland.gov/elections/printed_copies.html
2026-02-25 11:25:31,383 INFO [depth=4] Crawling: http://www.elections.maryland.gov/about/board_archive.html
2026-02-25 11:25:32,776 INFO [depth=4] Crawling: http://www.elections.maryland.gov/about/social_media.html
2026-02-25 11:25:33,773 INFO [depth=4] Crawling: http://www.elections.maryland.gov/about/state-links.html
2026-02-25 11:25:34,767 INFO [depth=4] Crawling: http://www.elections.maryland.gov/about/federal-links.html
2026-02-25 11:25:35,151 INFO Trafilatura returned 40 words for http://www.elections.maryland.gov/about/federal-links.html; BS4 fallback got 73
2026-02-25 11:25:35,923 INFO [depth=4] Crawling: http://www.elections.maryland.gov/about/directions.html
2026-02-25 11:25:36,169 INFO Trafilatura returned 41 words for http://www.elections.maryland.gov/about/directions.html; BS4 fallback got 80
2026-02-25 11:25:36,943 INFO [depth=4] Crawling: http://www.elections.maryland.gov/about/feedback.html
2026-02-25 11:25:37,233 INFO Trafilatura returned 40 words for http://www.elections.maryland.gov/about/feedback.html; BS4 fallback got 52
2026-02-25 11:25:38,008 INFO [depth=4] Crawling: http://elections.maryland.gov/voter_services/OLVR_Welcome_and_Navigation_transcript.html
2026-02-25 11:25:38,990 INFO [depth=4] Crawling: http://elections.maryland.gov/voter_registration/students.html
2026-02-25 11:25:40,042 INFO [depth=4] Crawling: http://elections.maryland.gov/voter_registration/list_maintenance.html
2026-02-25 11:25:41,349 INFO [depth=4] Crawling: http://elections.maryland.gov/voter_registration/data.html
2026-02-25 11:25:42,432 INFO [depth=4] Crawling: http://elections.maryland.gov/get_involved/high_school_contest.html
2026-02-25 11:25:43,435 INFO [depth=4] Crawling: http://elections.maryland.gov/voter_registration/documents/Online Voter Cancellation Form.pdf
2026-02-25 11:25:44,746 INFO [depth=4] Crawling: https://www.elections.maryland.gov/index.html
2026-02-25 11:25:45,799 INFO [depth=4] Crawling: https://www.elections.maryland.gov/voting/index.html
2026-02-25 11:25:46,779 INFO [depth=4] Crawling: https://www.elections.maryland.gov/voting/early_voting.html
2026-02-25 11:25:47,751 INFO [depth=4] Crawling: https://www.elections.maryland.gov/voting/election_day_questions.html
2026-02-25 11:25:48,692 INFO [depth=4] Crawling: https://www.elections.maryland.gov/voting/primary.html
2026-02-25 11:25:49,590 INFO [depth=4] Crawling: https://www.elections.maryland.gov/voting_system/index.html
2026-02-25 11:25:50,631 INFO [depth=4] Crawling: https://www.elections.maryland.gov/overseas_voters/index.html
2026-02-25 11:25:51,574 INFO [depth=4] Crawling: https://www.elections.maryland.gov/voter_registration/index.html
2026-02-25 11:25:52,534 INFO [depth=4] Crawling: https://www.elections.maryland.gov/voter_registration/nvra.html
2026-02-25 11:25:53,493 INFO [depth=4] Crawling: https://www.elections.maryland.gov/voter_registration/application.html
2026-02-25 11:25:54,462 INFO [depth=4] Crawling: https://www.elections.maryland.gov/voter_registration/stats.html
2026-02-25 11:25:55,665 INFO [depth=4] Crawling: https://www.elections.maryland.gov/candidacy/index.html
2026-02-25 11:25:56,585 INFO [depth=4] Crawling: https://www.elections.maryland.gov/candidacy/requirements.html
2026-02-25 11:25:57,567 INFO [depth=4] Crawling: https://www.elections.maryland.gov/candidacy/qualifications.html
2026-02-25 11:25:58,500 INFO [depth=4] Crawling: https://www.elections.maryland.gov/candidacy/ballot.html
2026-02-25 11:25:59,414 INFO [depth=4] Crawling: https://www.elections.maryland.gov/press_room/index.html
2026-02-25 11:26:00,511 INFO [depth=4] Crawling: https://www.elections.maryland.gov/press_room/reports.html
2026-02-25 11:26:01,416 INFO [depth=4] Crawling: https://www.elections.maryland.gov/press_room/rumor_control.html
2026-02-25 11:26:02,373 INFO [depth=4] Crawling: https://www.elections.maryland.gov/elections/municipal_results.html
2026-02-25 11:26:03,530 INFO [depth=4] Crawling: https://www.elections.maryland.gov/elections/districts.html
2026-02-25 11:26:04,432 INFO [depth=4] Crawling: https://www.elections.maryland.gov/elections/electoral_college.html
2026-02-25 11:26:05,374 INFO [depth=4] Crawling: https://www.elections.maryland.gov/get_involved/index.html
2026-02-25 11:26:06,248 INFO [depth=4] Crawling: https://www.elections.maryland.gov/get_involved/teachers.html
2026-02-25 11:26:07,188 INFO [depth=4] Crawling: https://www.elections.maryland.gov/get_involved/students.html
2026-02-25 11:26:08,124 INFO [depth=4] Crawling: https://www.elections.maryland.gov/get_involved/dis-misinformation.html
2026-02-25 11:26:08,311 INFO Trafilatura returned 40 words for https://www.elections.maryland.gov/get_involved/dis-misinformation.html; BS4 fallback got 47
2026-02-25 11:26:09,084 INFO [depth=4] Crawling: https://www.elections.maryland.gov/about/index.html
2026-02-25 11:26:10,034 INFO [depth=4] Crawling: https://www.elections.maryland.gov/about/board.html
2026-02-25 11:26:11,003 INFO [depth=4] Crawling: https://www.elections.maryland.gov/about/contact.html
2026-02-25 11:26:12,006 INFO [depth=4] Crawling: https://www.elections.maryland.gov/about/county_boards.html
2026-02-25 11:26:13,018 INFO [depth=4] Crawling: https://www.elections.maryland.gov/forms/index.html
2026-02-25 11:26:13,177 INFO Trafilatura returned 42 words for https://www.elections.maryland.gov/forms/index.html; BS4 fallback got 57
2026-02-25 11:26:13,952 INFO [depth=4] Crawling: https://www.elections.maryland.gov/about/election_security.html
2026-02-25 11:26:14,960 INFO [depth=4] Crawling: https://www.elections.maryland.gov/about/pia.html
2026-02-25 11:26:15,936 INFO [depth=4] Crawling: https://www.elections.maryland.gov/laws_and_regs/index.html
2026-02-25 11:26:16,904 INFO [depth=4] Crawling: https://www.elections.maryland.gov/laws_and_regs/federal_law.html
2026-02-25 11:26:17,881 INFO [depth=4] Crawling: https://www.elections.maryland.gov/laws_and_regs/election_law.html
2026-02-25 11:26:18,801 INFO [depth=4] Crawling: https://www.elections.maryland.gov/laws_and_regs/regulations.html
2026-02-25 11:26:19,718 INFO [depth=4] Crawling: https://www.elections.maryland.gov/laws_and_regs/sbe_policy.html
2026-02-25 11:26:19,893 INFO Trafilatura returned 40 words for https://www.elections.maryland.gov/laws_and_regs/sbe_policy.html; BS4 fallback got 53
2026-02-25 11:26:20,661 INFO [depth=4] Crawling: https://www.elections.maryland.gov/voting/accessibility.html
2026-02-25 11:26:21,659 INFO [depth=4] Crawling: https://www.elections.maryland.gov/voting/address.html
2026-02-25 11:26:22,530 INFO [depth=4] Crawling: https://www.elections.maryland.gov/voting/canvassing.html
2026-02-25 11:26:23,460 INFO [depth=4] Crawling: https://www.elections.maryland.gov/voting/provisional_voting.html
2026-02-25 11:26:24,369 INFO [depth=4] Crawling: https://www.elections.maryland.gov/voting/recount.html
2026-02-25 11:26:25,277 INFO [depth=4] Crawling: https://www.elections.maryland.gov/voting/redistricting.html
2026-02-25 11:26:26,165 INFO [depth=4] Crawling: https://www.elections.maryland.gov/voting/documents/Mail_In_Ballot_Application-English.pdf
2026-02-25 11:26:27,390 INFO [depth=4] Crawling: https://www.elections.maryland.gov/voting/documents/Mail_In_Ballot_Application-Spanish.pdf
2026-02-25 11:26:28,418 INFO [depth=4] Crawling: https://www.elections.maryland.gov/voting/documents/Mail_In_Ballot_Application-Amharic.pdf
2026-02-25 11:26:30,665 INFO [depth=4] Crawling: https://www.elections.maryland.gov/voting/documents/Mail_In_Ballot_Application-Korean.pdf
2026-02-25 11:26:31,636 INFO [depth=4] Crawling: https://www.elections.maryland.gov/voting/documents/Mail_In_Ballot_Application-Traditional_Chinese.pdf
2026-02-25 11:26:32,684 INFO [depth=4] Crawling: https://www.elections.maryland.gov/voting/documents/Mail_In_Ballot_Application-Simplified_Chinese.pdf
2026-02-25 11:26:33,785 INFO [depth=4] Crawling: https://www.elections.maryland.gov/voting/documents/Mail_In_Ballot_Application-Vietnamese.pdf
2026-02-25 11:26:34,861 INFO [depth=4] Crawling: https://www.elections.maryland.gov/voting/documents/Designation_of_Agent_Form_Mail-In_Ballot_English.pdf
2026-02-25 11:26:35,893 INFO [depth=4] Crawling: https://www.elections.maryland.gov/voting/documents/2010_Designation_of_Agent_Form_Spanish.pdf
2026-02-25 11:26:36,941 INFO [depth=4] Crawling: https://www.elections.maryland.gov/privacy.html
2026-02-25 11:26:37,853 INFO [depth=4] Crawling: https://www.elections.maryland.gov/accessibility.html
2026-02-25 11:26:38,826 INFO [depth=4] Crawling: https://www.elections.maryland.gov/cdn-cgi/l/email-protection
2026-02-25 11:26:39,690 INFO [depth=4] Crawling: http://elections.maryland.gov
2026-02-25 11:26:40,719 INFO [depth=4] Crawling: http://www.elections.maryland.gov/voting/accessibility.html
2026-02-25 11:26:41,709 INFO [depth=4] Crawling: http://www.elections.maryland.gov/voting/address.html
2026-02-25 11:26:42,732 INFO [depth=4] Crawling: http://www.elections.maryland.gov/voting/canvassing.html
2026-02-25 11:26:43,703 INFO [depth=4] Crawling: http://www.elections.maryland.gov/voting/provisional_voting.html
2026-02-25 11:26:44,769 INFO [depth=4] Crawling: http://www.elections.maryland.gov/voting/recount.html
2026-02-25 11:26:45,773 INFO [depth=4] Crawling: http://www.elections.maryland.gov/voting/redistricting.html
2026-02-25 11:26:46,804 INFO [depth=4] Crawling: http://www.elections.maryland.gov/voting/documents/HowMDVotes.pdf
2026-02-25 11:26:48,278 INFO [depth=4] Crawling: http://www.elections.maryland.gov/voting/documents/HowMDVotes_Spanish.pdf
2026-02-25 11:26:49,412 INFO [depth=4] Crawling: http://www.elections.maryland.gov/get_involved/challenger_watcher.html
2026-02-25 11:26:50,470 INFO [depth=4] Crawling: http://www.elections.maryland.gov/voting/documents/Mail_In_Ballot_Application-English.pdf
2026-02-25 11:26:52,265 INFO [depth=4] Crawling: http://www.elections.maryland.gov/voting/documents/Mail_In_Ballot_Application-Spanish.pdf
2026-02-25 11:26:53,348 INFO [depth=4] Crawling: http://www.elections.maryland.gov/voting/documents/Mail_In_Ballot_Application-Amharic.pdf
2026-02-25 11:26:54,585 INFO [depth=4] Crawling: http://www.elections.maryland.gov/voting/documents/Mail_In_Ballot_Application-Korean.pdf
2026-02-25 11:26:55,721 INFO [depth=4] Crawling: http://www.elections.maryland.gov/voting/documents/Mail_In_Ballot_Application-Traditional_Chinese.pdf
2026-02-25 11:26:56,826 INFO [depth=4] Crawling: http://www.elections.maryland.gov/voting/documents/Mail_In_Ballot_Application-Simplified_Chinese.pdf
2026-02-25 11:26:57,989 INFO [depth=4] Crawling: http://www.elections.maryland.gov/voting/documents/Mail_In_Ballot_Application-Vietnamese.pdf
2026-02-25 11:26:59,236 INFO [depth=4] Crawling: http://www.elections.maryland.gov/voting/documents/Designation_of_Agent_Form_Mail-In_Ballot_English.pdf
2026-02-25 11:27:00,298 INFO [depth=4] Crawling: http://www.elections.maryland.gov/voting/documents/2010_Designation_of_Agent_Form_Spanish.pdf
2026-02-25 11:27:01,520 INFO [depth=4] Crawling: http://www.elections.maryland.gov/voting_system/learn_about_the_new_voting_system.html
2026-02-25 11:27:02,809 INFO [depth=4] Crawling: http://www.elections.maryland.gov/voting_system/how_to_vote.html
2026-02-25 11:27:03,789 INFO [depth=4] Crawling: http://www.elections.maryland.gov/voting_system/ballot_audit_plan.html
2026-02-25 11:27:04,819 INFO [depth=4] Crawling: http://www.elections.maryland.gov/voting_system/voting_equipment.html
2026-02-25 11:27:05,814 INFO [depth=4] Crawling: http://www.elections.maryland.gov/voting_system/procurement.html
2026-02-25 11:27:06,864 INFO [depth=4] Crawling: http://www.elections.maryland.gov/overseas_voters/voter_registration.html
2026-02-25 11:27:08,013 INFO [depth=4] Crawling: http://www.elections.maryland.gov/overseas_voters/absentee.html
2026-02-25 11:27:09,018 INFO [depth=4] Crawling: http://www.elections.maryland.gov/overseas_voters/other_information.html
2026-02-25 11:27:10,092 INFO [depth=4] Crawling: http://www.elections.maryland.gov/voter_registration/students.html
2026-02-25 11:27:11,118 INFO [depth=4] Crawling: http://www.elections.maryland.gov/voter_registration/list_maintenance.html
2026-02-25 11:27:12,161 INFO [depth=4] Crawling: http://www.elections.maryland.gov/voter_registration/data.html
2026-02-25 11:27:13,206 INFO [depth=4] Crawling: http://www.elections.maryland.gov/voter_registration/documents/Online Voter Cancellation Form.pdf
2026-02-25 11:27:14,346 INFO [depth=4] Crawling: http://www.elections.maryland.gov/voter_registration/documents/NVRA_Power_Point_Training.pptx
2026-02-25 11:27:14,767 ERROR parsed tree length: 1, wrong data type or not valid HTML
2026-02-25 11:27:14,775 ERROR parsed tree length: 1, wrong data type or not valid HTML
2026-02-25 11:27:14,776 ERROR empty HTML tree: None
2026-02-25 11:27:14,776 WARNING discarding data: None
2026-02-25 11:27:15,566 INFO [depth=4] Crawling: http://www.elections.maryland.gov/voter_registration/documents/Waiting Room Poster.pdf
2026-02-25 11:27:16,745 INFO [depth=4] Crawling: http://www.elections.maryland.gov/voter_registration/documents/transmittal form.doc
2026-02-25 11:27:17,898 INFO [depth=4] Crawling: http://www.elections.maryland.gov/voter_registration/documents/sample declination form.doc
2026-02-25 11:27:19,624 INFO [depth=4] Crawling: http://www.elections.maryland.gov/voter_registration/documents/VRA-English.pdf
2026-02-25 11:27:20,979 INFO [depth=4] Crawling: http://www.elections.maryland.gov/voter_registration/documents/VRA-Spanish.pdf
2026-02-25 11:27:22,723 INFO [depth=4] Crawling: http://www.elections.maryland.gov/voter_registration/documents/VRA-Amharic.pdf
2026-02-25 11:27:24,163 INFO [depth=4] Crawling: http://www.elections.maryland.gov/voter_registration/documents/VRA-TraditionalChinese.pdf
2026-02-25 11:27:25,412 INFO [depth=4] Crawling: http://www.elections.maryland.gov/voter_registration/documents/VRA-SimplifiedChinese.pdf
2026-02-25 11:27:26,529 INFO [depth=4] Crawling: http://www.elections.maryland.gov/voter_registration/documents/VRA-Vietnamese.pdf
2026-02-25 11:27:27,748 INFO [depth=4] Crawling: http://www.elections.maryland.gov/pdf/vrar/MSR-2026_01.pdf
2026-02-25 11:27:29,017 INFO [depth=4] Crawling: http://www.elections.maryland.gov/pdf/vrar/MSR-2025_01.pdf
2026-02-25 11:27:30,446 INFO [depth=4] Crawling: http://www.elections.maryland.gov/pdf/vrar/MSR-2025_02.pdf
2026-02-25 11:27:31,679 INFO [depth=4] Crawling: http://www.elections.maryland.gov/pdf/vrar/MSR-2025_03.pdf
2026-02-25 11:27:32,872 INFO [depth=4] Crawling: http://www.elections.maryland.gov/pdf/vrar/MSR-2025_04.pdf
2026-02-25 11:27:34,216 INFO [depth=4] Crawling: http://www.elections.maryland.gov/pdf/vrar/MSR-2025_05.pdf
2026-02-25 11:27:35,651 INFO [depth=4] Crawling: http://www.elections.maryland.gov/pdf/vrar/MSR-2025_06.pdf
2026-02-25 11:27:36,912 INFO [depth=4] Crawling: http://www.elections.maryland.gov/pdf/vrar/MSR-2025_07.pdf
2026-02-25 11:27:38,322 INFO [depth=4] Crawling: http://www.elections.maryland.gov/pdf/vrar/MSR-2025_08.pdf
2026-02-25 11:27:39,551 INFO [depth=4] Crawling: http://www.elections.maryland.gov/pdf/vrar/MSR-2025_09.pdf
2026-02-25 11:27:40,928 INFO [depth=4] Crawling: http://www.elections.maryland.gov/pdf/vrar/MSR-2025_10.pdf
2026-02-25 11:27:42,139 INFO [depth=4] Crawling: http://www.elections.maryland.gov/pdf/vrar/MSR-2025_11.pdf
2026-02-25 11:27:43,426 INFO [depth=4] Crawling: http://www.elections.maryland.gov/pdf/vrar/MSR-2025_12.pdf
2026-02-25 11:27:44,927 INFO [depth=4] Crawling: http://www.elections.maryland.gov/pdf/vrar/MSR-2024_01.pdf
2026-02-25 11:27:46,175 INFO [depth=4] Crawling: http://www.elections.maryland.gov/pdf/vrar/MSR-2024_02.pdf
2026-02-25 11:27:47,389 INFO [depth=4] Crawling: http://www.elections.maryland.gov/pdf/vrar/MSR-2024_03.pdf
2026-02-25 11:27:48,845 INFO [depth=4] Crawling: http://www.elections.maryland.gov/pdf/vrar/MSR-2024_04.pdf
2026-02-25 11:27:50,298 INFO [depth=4] Crawling: http://www.elections.maryland.gov/pdf/vrar/MSR-2024_05.pdf
2026-02-25 11:27:51,708 INFO [depth=4] Crawling: http://www.elections.maryland.gov/pdf/vrar/MSR-2024_06.pdf
2026-02-25 11:27:52,978 INFO [depth=4] Crawling: http://www.elections.maryland.gov/pdf/vrar/MSR-2024_07.pdf
2026-02-25 11:27:54,613 INFO [depth=4] Crawling: http://www.elections.maryland.gov/pdf/vrar/MSR-2024_08.pdf
2026-02-25 11:27:57,265 INFO [depth=4] Crawling: http://www.elections.maryland.gov/pdf/vrar/MSR-2024_09.pdf
2026-02-25 11:27:59,830 INFO [depth=4] Crawling: http://www.elections.maryland.gov/pdf/vrar/MSR-2024_10.pdf
2026-02-25 11:28:01,117 INFO [depth=4] Crawling: http://www.elections.maryland.gov/pdf/vrar/MSR-2024_11.pdf
2026-02-25 11:28:02,280 INFO [depth=4] Crawling: http://www.elections.maryland.gov/pdf/vrar/MSR-2024_12.pdf
2026-02-25 11:28:03,841 INFO [depth=4] Crawling: http://www.elections.maryland.gov/pdf/vrar/MSR-2024.pdf
2026-02-25 11:28:05,157 INFO [depth=4] Crawling: http://www.elections.maryland.gov/pdf/vrar/MSR-2023_01.pdf
2026-02-25 11:28:06,539 INFO [depth=4] Crawling: http://www.elections.maryland.gov/pdf/vrar/MSR-2023_02.pdf
2026-02-25 11:28:07,810 INFO [depth=4] Crawling: http://www.elections.maryland.gov/pdf/vrar/MSR-2023_03.pdf
2026-02-25 11:28:10,227 INFO [depth=4] Crawling: http://www.elections.maryland.gov/pdf/vrar/MSR-2023_04.pdf
2026-02-25 11:28:11,690 INFO [depth=4] Crawling: http://www.elections.maryland.gov/pdf/vrar/MSR-2023_05.pdf
2026-02-25 11:28:12,945 INFO [depth=4] Crawling: http://www.elections.maryland.gov/pdf/vrar/MSR-2023_06.pdf
2026-02-25 11:28:14,298 INFO [depth=4] Crawling: http://www.elections.maryland.gov/pdf/vrar/MSR-2023_07.pdf
2026-02-25 11:28:15,509 INFO [depth=4] Crawling: http://www.elections.maryland.gov/pdf/vrar/MSR-2023_08.pdf
2026-02-25 11:28:16,965 INFO [depth=4] Crawling: http://www.elections.maryland.gov/pdf/vrar/MSR-2023_09.pdf
2026-02-25 11:28:18,982 INFO [depth=4] Crawling: http://www.elections.maryland.gov/pdf/vrar/MSR-2023_10.pdf
2026-02-25 11:28:20,262 INFO [depth=4] Crawling: http://www.elections.maryland.gov/pdf/vrar/MSR-2023_11.pdf
2026-02-25 11:28:22,552 INFO [depth=4] Crawling: http://www.elections.maryland.gov/pdf/vrar/MSR-2023_12.pdf
2026-02-25 11:28:23,890 INFO [depth=4] Crawling: http://www.elections.maryland.gov/pdf/vrar/MSR-2023.pdf
2026-02-25 11:28:25,173 INFO [depth=4] Crawling: http://www.elections.maryland.gov/pdf/vrar/MSR-2022_01.pdf
2026-02-25 11:28:26,373 INFO [depth=4] Crawling: http://www.elections.maryland.gov/pdf/vrar/MSR-2022_02.pdf
2026-02-25 11:28:27,638 INFO [depth=4] Crawling: http://www.elections.maryland.gov/pdf/vrar/MSR-2022_03.pdf
2026-02-25 11:28:28,916 INFO [depth=4] Crawling: http://www.elections.maryland.gov/pdf/vrar/MSR-2022_04.pdf
2026-02-25 11:28:30,134 INFO [depth=4] Crawling: http://www.elections.maryland.gov/pdf/vrar/MSR-2022_05.pdf
2026-02-25 11:28:31,765 INFO [depth=4] Crawling: http://www.elections.maryland.gov/pdf/vrar/MSR-2022_06.pdf
2026-02-25 11:28:33,032 INFO [depth=4] Crawling: http://www.elections.maryland.gov/pdf/vrar/MSR-2022_07.pdf
2026-02-25 11:28:34,317 INFO [depth=4] Crawling: http://www.elections.maryland.gov/pdf/vrar/MSR-2022_08.pdf
2026-02-25 11:28:35,467 INFO [depth=4] Crawling: http://www.elections.maryland.gov/pdf/vrar/MSR-2022_09.pdf
2026-02-25 11:28:36,782 INFO [depth=4] Crawling: http://www.elections.maryland.gov/pdf/vrar/MSR-2022_10.pdf
2026-02-25 11:28:38,663 INFO [depth=4] Crawling: http://www.elections.maryland.gov/pdf/vrar/MSR-2022_11.pdf
2026-02-25 11:28:39,999 INFO [depth=4] Crawling: http://www.elections.maryland.gov/pdf/vrar/MSR-2022_12.pdf
2026-02-25 11:28:41,240 INFO [depth=4] Crawling: http://www.elections.maryland.gov/pdf/vrar/MSR-2022.pdf
2026-02-25 11:28:42,457 INFO [depth=4] Crawling: http://www.elections.maryland.gov/pdf/vrar/MSR-2021_01.pdf
2026-02-25 11:28:43,626 INFO [depth=4] Crawling: http://www.elections.maryland.gov/pdf/vrar/MSR-2021_02.pdf
2026-02-25 11:28:45,319 INFO [depth=4] Crawling: http://www.elections.maryland.gov/pdf/vrar/MSR-2021_03.pdf
2026-02-25 11:28:46,556 INFO [depth=4] Crawling: http://www.elections.maryland.gov/pdf/vrar/MSR-2021_04.pdf
2026-02-25 11:28:47,678 INFO [depth=4] Crawling: http://www.elections.maryland.gov/pdf/vrar/MSR-2021_05.pdf
2026-02-25 11:28:48,870 INFO [depth=4] Crawling: http://www.elections.maryland.gov/pdf/vrar/MSR-2021_06.pdf
2026-02-25 11:28:50,146 INFO [depth=4] Crawling: http://www.elections.maryland.gov/pdf/vrar/MSR-2021_07.pdf
2026-02-25 11:28:51,354 INFO [depth=4] Crawling: http://www.elections.maryland.gov/pdf/vrar/MSR-2021_08.pdf
2026-02-25 11:28:52,689 INFO [depth=4] Crawling: http://www.elections.maryland.gov/pdf/vrar/MSR-2021_09.pdf
2026-02-25 11:28:53,858 INFO [depth=4] Crawling: http://www.elections.maryland.gov/pdf/vrar/MSR-2021_10.pdf
2026-02-25 11:28:56,113 INFO [depth=4] Crawling: http://www.elections.maryland.gov/pdf/vrar/MSR-2021_11.pdf
2026-02-25 11:28:57,454 INFO [depth=4] Crawling: http://www.elections.maryland.gov/pdf/vrar/MSR-2021_12.pdf
2026-02-25 11:28:58,679 INFO [depth=4] Crawling: http://www.elections.maryland.gov/pdf/vrar/MSR-2021.pdf
2026-02-25 11:29:00,073 INFO [depth=4] Crawling: http://www.elections.maryland.gov/pdf/vrar/MSR-2020_01.pdf
2026-02-25 11:29:01,388 INFO [depth=4] Crawling: http://www.elections.maryland.gov/pdf/vrar/MSR-2020_02.pdf
2026-02-25 11:29:02,744 INFO [depth=4] Crawling: http://www.elections.maryland.gov/pdf/vrar/MSR-2020_03.pdf
2026-02-25 11:29:04,163 INFO [depth=4] Crawling: http://www.elections.maryland.gov/pdf/vrar/MSR-2020_04.pdf
2026-02-25 11:29:05,440 INFO [depth=4] Crawling: http://www.elections.maryland.gov/pdf/vrar/MSR-2020_05.pdf
2026-02-25 11:29:06,779 INFO [depth=4] Crawling: http://www.elections.maryland.gov/pdf/vrar/MSR-2020_06.pdf
2026-02-25 11:29:08,097 INFO [depth=4] Crawling: http://www.elections.maryland.gov/pdf/vrar/MSR-2020_07.pdf
2026-02-25 11:29:09,374 INFO [depth=4] Crawling: http://www.elections.maryland.gov/pdf/vrar/MSR-2020_08.pdf
2026-02-25 11:29:10,606 INFO [depth=4] Crawling: http://www.elections.maryland.gov/pdf/vrar/MSR-2020_09.pdf
2026-02-25 11:29:11,813 INFO [depth=4] Crawling: http://www.elections.maryland.gov/pdf/vrar/MSR-2020_10.pdf
2026-02-25 11:29:12,995 INFO [depth=4] Crawling: http://www.elections.maryland.gov/pdf/vrar/MSR-2020_11.pdf
2026-02-25 11:29:14,207 INFO [depth=4] Crawling: http://www.elections.maryland.gov/pdf/vrar/MSR-2020_12.pdf
2026-02-25 11:29:15,613 INFO [depth=4] Crawling: http://www.elections.maryland.gov/pdf/vrar/MSR-2020.pdf
2026-02-25 11:29:16,907 INFO [depth=4] Crawling: http://www.elections.maryland.gov/pdf/vrar/MSR-2019_01.pdf
2026-02-25 11:29:18,262 INFO [depth=4] Crawling: http://www.elections.maryland.gov/pdf/vrar/MSR-2019_02.pdf
2026-02-25 11:29:19,730 INFO [depth=4] Crawling: http://www.elections.maryland.gov/pdf/vrar/MSR-2019_03.pdf
2026-02-25 11:29:21,015 INFO [depth=4] Crawling: http://www.elections.maryland.gov/pdf/vrar/MSR-2019_04.pdf
2026-02-25 11:29:22,332 INFO [depth=4] Crawling: http://www.elections.maryland.gov/pdf/vrar/MSR-2019_05.pdf
2026-02-25 11:29:23,474 INFO [depth=4] Crawling: http://www.elections.maryland.gov/pdf/vrar/MSR-2019_06.pdf
2026-02-25 11:29:24,913 INFO [depth=4] Crawling: http://www.elections.maryland.gov/pdf/vrar/MSR-2019_07.pdf
2026-02-25 11:29:26,205 INFO [depth=4] Crawling: http://www.elections.maryland.gov/pdf/vrar/MSR-2019_08.pdf
2026-02-25 11:29:27,712 INFO [depth=4] Crawling: http://www.elections.maryland.gov/pdf/vrar/MSR-2019_09.pdf
2026-02-25 11:29:29,184 INFO [depth=4] Crawling: http://www.elections.maryland.gov/pdf/vrar/MSR-2019_10.pdf
2026-02-25 11:29:30,679 INFO [depth=4] Crawling: http://www.elections.maryland.gov/pdf/vrar/MSR-2019_11.pdf
2026-02-25 11:29:31,899 INFO [depth=4] Crawling: http://www.elections.maryland.gov/pdf/vrar/MSR-2019_12.pdf
2026-02-25 11:29:33,373 INFO [depth=4] Crawling: http://www.elections.maryland.gov/pdf/vrar/MSR-2019.pdf
2026-02-25 11:29:34,824 INFO [depth=4] Crawling: http://www.elections.maryland.gov/pdf/vrar/MSR-2018_01.pdf
2026-02-25 11:29:36,125 INFO [depth=4] Crawling: http://www.elections.maryland.gov/pdf/vrar/MSR-2018_02.pdf
2026-02-25 11:29:37,242 INFO [depth=4] Crawling: http://www.elections.maryland.gov/pdf/vrar/MSR-2018_03.pdf
2026-02-25 11:29:39,030 INFO [depth=4] Crawling: http://www.elections.maryland.gov/pdf/vrar/MSR-2018_04.pdf
2026-02-25 11:29:40,252 INFO [depth=4] Crawling: http://www.elections.maryland.gov/pdf/vrar/MSR-2018_05.pdf
2026-02-25 11:29:41,405 INFO [depth=4] Crawling: http://www.elections.maryland.gov/pdf/vrar/MSR-2018_06.pdf
2026-02-25 11:29:42,605 INFO [depth=4] Crawling: http://www.elections.maryland.gov/pdf/vrar/MSR-2018_07.pdf
2026-02-25 11:29:43,843 INFO [depth=4] Crawling: http://www.elections.maryland.gov/pdf/vrar/MSR-2018_08.pdf
2026-02-25 11:29:45,028 INFO [depth=4] Crawling: http://www.elections.maryland.gov/pdf/vrar/MSR-2018_09.pdf
2026-02-25 11:29:46,906 INFO [depth=4] Crawling: http://www.elections.maryland.gov/pdf/vrar/MSR-2018_10.pdf
2026-02-25 11:29:48,340 INFO [depth=4] Crawling: http://www.elections.maryland.gov/pdf/vrar/MSR-2018_11.pdf
2026-02-25 11:29:50,399 INFO [depth=4] Crawling: http://www.elections.maryland.gov/pdf/vrar/MSR-2018_12.pdf
2026-02-25 11:29:51,637 INFO [depth=4] Crawling: http://www.elections.maryland.gov/pdf/vrar/MSR-2018.pdf
2026-02-25 11:29:53,185 INFO [depth=4] Crawling: http://www.elections.maryland.gov/pdf/vrar/MSR-2017_01.pdf
2026-02-25 11:29:54,732 INFO [depth=4] Crawling: http://www.elections.maryland.gov/pdf/vrar/MSR-2017_02.pdf
2026-02-25 11:29:56,075 INFO [depth=4] Crawling: http://www.elections.maryland.gov/pdf/vrar/MSR-2017_03.pdf
2026-02-25 11:29:57,312 INFO [depth=4] Crawling: http://www.elections.maryland.gov/pdf/vrar/MSR-2017_04.pdf
2026-02-25 11:29:58,420 INFO [depth=4] Crawling: http://www.elections.maryland.gov/pdf/vrar/MSR-2017_05.pdf
2026-02-25 11:29:59,691 INFO [depth=4] Crawling: http://www.elections.maryland.gov/pdf/vrar/MSR-2017_06.pdf
2026-02-25 11:30:01,026 INFO [depth=4] Crawling: http://www.elections.maryland.gov/pdf/vrar/MSR-2017_07.pdf
2026-02-25 11:30:02,367 INFO [depth=4] Crawling: http://www.elections.maryland.gov/pdf/vrar/MSR-2017_08.pdf
2026-02-25 11:30:04,232 INFO [depth=4] Crawling: http://www.elections.maryland.gov/pdf/vrar/MSR-2017_09.pdf
2026-02-25 11:30:05,462 INFO [depth=4] Crawling: http://www.elections.maryland.gov/pdf/vrar/MSR-2017_10.pdf
2026-02-25 11:30:06,849 INFO [depth=4] Crawling: http://www.elections.maryland.gov/pdf/vrar/MSR-2017_11.pdf
2026-02-25 11:30:08,535 INFO [depth=4] Crawling: http://www.elections.maryland.gov/pdf/vrar/MSR-2017_12.pdf
2026-02-25 11:30:09,862 INFO [depth=4] Crawling: http://www.elections.maryland.gov/pdf/vrar/MSR-2017.pdf
2026-02-25 11:30:11,390 INFO [depth=4] Crawling: http://www.elections.maryland.gov/pdf/vrar/MSR-2016_01.pdf
2026-02-25 11:30:12,696 INFO [depth=4] Crawling: http://www.elections.maryland.gov/pdf/vrar/MSR-2016_02.pdf
2026-02-25 11:30:14,807 INFO [depth=4] Crawling: http://www.elections.maryland.gov/pdf/vrar/MSR-2016_03.pdf
2026-02-25 11:30:16,369 INFO [depth=4] Crawling: http://www.elections.maryland.gov/pdf/vrar/MSR-2016_04.pdf
2026-02-25 11:30:17,795 INFO [depth=4] Crawling: http://www.elections.maryland.gov/pdf/vrar/MSR-2016_05.pdf
2026-02-25 11:30:19,099 INFO [depth=4] Crawling: http://www.elections.maryland.gov/pdf/vrar/MSR-2016_06.pdf
2026-02-25 11:30:20,435 INFO [depth=4] Crawling: http://www.elections.maryland.gov/pdf/vrar/MSR-2016_07.pdf
2026-02-25 11:30:21,779 INFO [depth=4] Crawling: http://www.elections.maryland.gov/pdf/vrar/MSR-2016_08.pdf
2026-02-25 11:30:22,991 INFO [depth=4] Crawling: http://www.elections.maryland.gov/pdf/vrar/MSR-2016_09.pdf
2026-02-25 11:30:24,465 INFO [depth=4] Crawling: http://www.elections.maryland.gov/pdf/vrar/MSR-2016_10.pdf
2026-02-25 11:30:25,808 INFO [depth=4] Crawling: http://www.elections.maryland.gov/pdf/vrar/MSR-2016_11.pdf
2026-02-25 11:30:27,113 INFO [depth=4] Crawling: http://www.elections.maryland.gov/pdf/vrar/MSR-2016_12.pdf
2026-02-25 11:30:28,547 INFO [depth=4] Crawling: http://www.elections.maryland.gov/pdf/vrar/MSR-2016.pdf
2026-02-25 11:30:29,980 INFO [depth=4] Crawling: http://www.elections.maryland.gov/pdf/vrar/MSR-2015_01.pdf
2026-02-25 11:30:31,354 INFO [depth=4] Crawling: http://www.elections.maryland.gov/pdf/vrar/MSR-2015_02.pdf
2026-02-25 11:30:32,612 INFO [depth=4] Crawling: http://www.elections.maryland.gov/pdf/vrar/MSR-2015_03.pdf
2026-02-25 11:30:33,799 INFO [depth=4] Crawling: http://www.elections.maryland.gov/pdf/vrar/MSR-2015_04.pdf
2026-02-25 11:30:35,248 INFO [depth=4] Crawling: http://www.elections.maryland.gov/pdf/vrar/MSR-2015_05.pdf
2026-02-25 11:30:36,738 INFO [depth=4] Crawling: http://www.elections.maryland.gov/pdf/vrar/MSR-2015_06.pdf
2026-02-25 11:30:37,980 INFO [depth=4] Crawling: http://www.elections.maryland.gov/pdf/vrar/MSR-2015_07.pdf
2026-02-25 11:30:39,249 INFO [depth=4] Crawling: http://www.elections.maryland.gov/pdf/vrar/MSR-2015_08.pdf
2026-02-25 11:30:40,578 INFO [depth=4] Crawling: http://www.elections.maryland.gov/pdf/vrar/MSR-2015_09.pdf
2026-02-25 11:30:41,877 INFO [depth=4] Crawling: http://www.elections.maryland.gov/pdf/vrar/MSR-2015_10.pdf
2026-02-25 11:30:43,246 INFO [depth=4] Crawling: http://www.elections.maryland.gov/pdf/vrar/MSR-2015_11.pdf
2026-02-25 11:30:44,875 INFO [depth=4] Crawling: http://www.elections.maryland.gov/pdf/vrar/MSR-2015_12.pdf
2026-02-25 11:30:46,896 INFO [depth=4] Crawling: http://www.elections.maryland.gov/pdf/vrar/MSR-2015.pdf
2026-02-25 11:30:48,253 INFO [depth=4] Crawling: http://www.elections.maryland.gov/pdf/vrar/MSR-2014_01.pdf
2026-02-25 11:30:49,533 INFO [depth=4] Crawling: http://www.elections.maryland.gov/pdf/vrar/MSR-2014_02.pdf
2026-02-25 11:30:50,789 INFO [depth=4] Crawling: http://www.elections.maryland.gov/pdf/vrar/MSR-2014_03.pdf
2026-02-25 11:30:52,070 INFO [depth=4] Crawling: http://www.elections.maryland.gov/pdf/vrar/MSR-2014_04.pdf
2026-02-25 11:30:53,363 INFO [depth=4] Crawling: http://www.elections.maryland.gov/pdf/vrar/MSR-2014_05.pdf
2026-02-25 11:30:54,621 INFO [depth=4] Crawling: http://www.elections.maryland.gov/pdf/vrar/MSR-2014_06.pdf
2026-02-25 11:30:56,132 INFO [depth=4] Crawling: http://www.elections.maryland.gov/pdf/vrar/MSR-2014_07.pdf
2026-02-25 11:30:57,513 INFO [depth=4] Crawling: http://www.elections.maryland.gov/pdf/vrar/MSR-2014_08.pdf
2026-02-25 11:30:59,831 INFO [depth=4] Crawling: http://www.elections.maryland.gov/pdf/vrar/MSR-2014_09.pdf
2026-02-25 11:31:01,220 INFO [depth=4] Crawling: http://www.elections.maryland.gov/pdf/vrar/MSR-2014_10.pdf
2026-02-25 11:31:02,737 INFO [depth=4] Crawling: http://www.elections.maryland.gov/pdf/vrar/MSR-2014_11.pdf
2026-02-25 11:31:04,526 INFO [depth=4] Crawling: http://www.elections.maryland.gov/pdf/vrar/MSR-2014_12.pdf
2026-02-25 11:31:05,766 INFO [depth=4] Crawling: http://www.elections.maryland.gov/pdf/vrar/MSR-2014.pdf
2026-02-25 11:31:07,080 INFO [depth=4] Crawling: http://www.elections.maryland.gov/pdf/vrar/MSR-2013_01.pdf
2026-02-25 11:31:08,609 INFO [depth=4] Crawling: http://www.elections.maryland.gov/pdf/vrar/MSR-2013_02.pdf
2026-02-25 11:31:10,066 INFO [depth=4] Crawling: http://www.elections.maryland.gov/pdf/vrar/MSR-2013_03.pdf
2026-02-25 11:31:11,907 INFO [depth=4] Crawling: http://www.elections.maryland.gov/pdf/vrar/MSR-2013_04.pdf
2026-02-25 11:31:13,045 INFO [depth=4] Crawling: http://www.elections.maryland.gov/pdf/vrar/MSR-2013_05.pdf
2026-02-25 11:31:14,377 INFO [depth=4] Crawling: http://www.elections.maryland.gov/pdf/vrar/MSR-2013_06.pdf
2026-02-25 11:31:15,778 INFO [depth=4] Crawling: http://www.elections.maryland.gov/pdf/vrar/MSR-2013_07.pdf
2026-02-25 11:31:16,976 INFO [depth=4] Crawling: http://www.elections.maryland.gov/pdf/vrar/MSR-2013_08.pdf
2026-02-25 11:31:18,350 INFO [depth=4] Crawling: http://www.elections.maryland.gov/pdf/vrar/MSR-2013_09.pdf
2026-02-25 11:31:19,947 INFO [depth=4] Crawling: http://www.elections.maryland.gov/pdf/vrar/MSR-2013_10.pdf
2026-02-25 11:31:21,573 INFO [depth=4] Crawling: http://www.elections.maryland.gov/pdf/vrar/MSR-2013_11.pdf
2026-02-25 11:31:22,795 INFO [depth=4] Crawling: http://www.elections.maryland.gov/pdf/vrar/MSR-2013_12.pdf
2026-02-25 11:31:24,049 INFO [depth=4] Crawling: http://www.elections.maryland.gov/pdf/vrar/MSR-2013.pdf
2026-02-25 11:31:25,733 INFO [depth=4] Crawling: http://www.elections.maryland.gov/pdf/vrar/MSR-2012_01.pdf
2026-02-25 11:31:27,041 INFO [depth=4] Crawling: http://www.elections.maryland.gov/pdf/vrar/MSR-2012_02.pdf
2026-02-25 11:31:28,280 INFO [depth=4] Crawling: http://www.elections.maryland.gov/pdf/vrar/MSR-2012_03.pdf
2026-02-25 11:31:29,462 INFO [depth=4] Crawling: http://www.elections.maryland.gov/pdf/vrar/MSR-2012_04.pdf
2026-02-25 11:31:30,773 INFO [depth=4] Crawling: http://www.elections.maryland.gov/pdf/vrar/MSR-2012_05.pdf
2026-02-25 11:31:32,564 INFO [depth=4] Crawling: http://www.elections.maryland.gov/pdf/vrar/MSR-2012_06.pdf
2026-02-25 11:31:33,881 INFO [depth=4] Crawling: http://www.elections.maryland.gov/pdf/vrar/MSR-2012_07.pdf
2026-02-25 11:31:35,155 INFO [depth=4] Crawling: http://www.elections.maryland.gov/pdf/vrar/MSR-2012_08.pdf
2026-02-25 11:31:36,468 INFO [depth=4] Crawling: http://www.elections.maryland.gov/pdf/vrar/MSR-2012_09.pdf
2026-02-25 11:31:37,846 INFO [depth=4] Crawling: http://www.elections.maryland.gov/pdf/vrar/MSR-2012_10.pdf
2026-02-25 11:31:39,171 INFO [depth=4] Crawling: http://www.elections.maryland.gov/pdf/vrar/MSR-2012_11.pdf
2026-02-25 11:31:40,437 INFO [depth=4] Crawling: http://www.elections.maryland.gov/pdf/vrar/MSR-2012_12.pdf
2026-02-25 11:31:41,720 INFO [depth=4] Crawling: http://www.elections.maryland.gov/pdf/vrar/MSR-2012.pdf
2026-02-25 11:31:42,851 INFO [depth=4] Crawling: http://www.elections.maryland.gov/pdf/vrar/MSR-2011_01.pdf
2026-02-25 11:31:44,458 INFO [depth=4] Crawling: http://www.elections.maryland.gov/pdf/vrar/MSR-2011_02.pdf
2026-02-25 11:31:45,821 INFO [depth=4] Crawling: http://www.elections.maryland.gov/pdf/vrar/MSR-2011_03.pdf
2026-02-25 11:31:47,187 INFO [depth=4] Crawling: http://www.elections.maryland.gov/pdf/vrar/MSR-2011_04.pdf
2026-02-25 11:31:48,838 INFO [depth=4] Crawling: http://www.elections.maryland.gov/pdf/vrar/MSR-2011_05.pdf
2026-02-25 11:31:50,043 INFO [depth=4] Crawling: http://www.elections.maryland.gov/pdf/vrar/MSR-2011_06.pdf
2026-02-25 11:31:51,257 INFO [depth=4] Crawling: http://www.elections.maryland.gov/pdf/vrar/MSR-2011_07.pdf
2026-02-25 11:31:52,402 INFO [depth=4] Crawling: http://www.elections.maryland.gov/pdf/vrar/MSR-2011_08.pdf
2026-02-25 11:31:53,579 INFO [depth=4] Crawling: http://www.elections.maryland.gov/pdf/vrar/MSR-2011_09.pdf
2026-02-25 11:31:54,896 INFO [depth=4] Crawling: http://www.elections.maryland.gov/pdf/vrar/MSR-2011_10.pdf
2026-02-25 11:31:56,167 INFO [depth=4] Crawling: http://www.elections.maryland.gov/pdf/vrar/MSR-2011_11.pdf
2026-02-25 11:31:57,404 INFO [depth=4] Crawling: http://www.elections.maryland.gov/pdf/vrar/MSR-2011_12.pdf
2026-02-25 11:31:58,618 INFO [depth=4] Crawling: http://www.elections.maryland.gov/pdf/vrar/MSR-2011.pdf
2026-02-25 11:31:59,836 INFO [depth=4] Crawling: http://www.elections.maryland.gov/pdf/vrar/MSR-2010_01.pdf
2026-02-25 11:32:01,032 INFO [depth=4] Crawling: http://www.elections.maryland.gov/pdf/vrar/MSR-2010_02.pdf
2026-02-25 11:32:02,191 INFO [depth=4] Crawling: http://www.elections.maryland.gov/pdf/vrar/MSR-2010_03.pdf
2026-02-25 11:32:03,487 INFO [depth=4] Crawling: http://www.elections.maryland.gov/pdf/vrar/MSR-2010_04.pdf
2026-02-25 11:32:04,928 INFO [depth=4] Crawling: http://www.elections.maryland.gov/pdf/vrar/MSR-2010_05.pdf
2026-02-25 11:32:06,207 INFO [depth=4] Crawling: http://www.elections.maryland.gov/pdf/vrar/MSR-2010_06.pdf
2026-02-25 11:32:07,379 INFO [depth=4] Crawling: http://www.elections.maryland.gov/pdf/vrar/MSR-2010_07.pdf
2026-02-25 11:32:08,570 INFO [depth=4] Crawling: http://www.elections.maryland.gov/pdf/vrar/MSR-2010_08.pdf
2026-02-25 11:32:09,782 INFO [depth=4] Crawling: http://www.elections.maryland.gov/pdf/vrar/MSR-2010_09.pdf
2026-02-25 11:32:11,806 INFO [depth=4] Crawling: http://www.elections.maryland.gov/pdf/vrar/MSR-2010_10.pdf
2026-02-25 11:32:13,063 INFO [depth=4] Crawling: http://www.elections.maryland.gov/pdf/vrar/MSR-2010_11.pdf
2026-02-25 11:32:14,697 INFO [depth=4] Crawling: http://www.elections.maryland.gov/pdf/vrar/MSR-2010_12.pdf
2026-02-25 11:32:15,970 INFO [depth=4] Crawling: http://www.elections.maryland.gov/pdf/vrar/MSR-2010.pdf
2026-02-25 11:32:17,261 INFO [depth=4] Crawling: http://www.elections.maryland.gov/pdf/vrar/MSR-2009_01.pdf
2026-02-25 11:32:18,757 INFO [depth=4] Crawling: http://www.elections.maryland.gov/pdf/vrar/MSR-2009_02.pdf
2026-02-25 11:32:20,091 INFO [depth=4] Crawling: http://www.elections.maryland.gov/pdf/vrar/MSR-2009_03.pdf
2026-02-25 11:32:21,546 INFO [depth=4] Crawling: http://www.elections.maryland.gov/pdf/vrar/MSR-2009_04.pdf
2026-02-25 11:32:22,952 INFO [depth=4] Crawling: http://www.elections.maryland.gov/pdf/vrar/MSR-2009_05.pdf
2026-02-25 11:32:24,237 INFO [depth=4] Crawling: http://www.elections.maryland.gov/pdf/vrar/MSR-2009_06.pdf
2026-02-25 11:32:25,899 INFO [depth=4] Crawling: http://www.elections.maryland.gov/pdf/vrar/MSR-2009_07.pdf
2026-02-25 11:32:27,630 INFO [depth=4] Crawling: http://www.elections.maryland.gov/pdf/vrar/MSR-2009_08.pdf
2026-02-25 11:32:29,219 INFO [depth=4] Crawling: http://www.elections.maryland.gov/pdf/vrar/MSR-2009_09.pdf
2026-02-25 11:32:30,552 INFO [depth=4] Crawling: http://www.elections.maryland.gov/pdf/vrar/MSR-2009_10.pdf
2026-02-25 11:32:31,660 INFO [depth=4] Crawling: http://www.elections.maryland.gov/pdf/vrar/MSR-2009_11.pdf
2026-02-25 11:32:32,870 INFO [depth=4] Crawling: http://www.elections.maryland.gov/pdf/vrar/MSR-2009_12.pdf
2026-02-25 11:32:34,182 INFO [depth=4] Crawling: http://www.elections.maryland.gov/pdf/vrar/MSR-2009.pdf
2026-02-25 11:32:35,472 INFO [depth=4] Crawling: http://www.elections.maryland.gov/pdf/vrar/MSR-2008_01.pdf
2026-02-25 11:32:36,861 INFO [depth=4] Crawling: http://www.elections.maryland.gov/pdf/vrar/MSR-2008_02.pdf
2026-02-25 11:32:38,167 INFO [depth=4] Crawling: http://www.elections.maryland.gov/pdf/vrar/MSR-2008_03.pdf
2026-02-25 11:32:39,275 INFO [depth=4] Crawling: http://www.elections.maryland.gov/pdf/vrar/MSR-2008_04.pdf
2026-02-25 11:32:40,491 INFO [depth=4] Crawling: http://www.elections.maryland.gov/pdf/vrar/MSR-2008_05.pdf
2026-02-25 11:32:41,696 INFO [depth=4] Crawling: http://www.elections.maryland.gov/pdf/vrar/MSR-2008_06.pdf
2026-02-25 11:32:42,946 INFO [depth=4] Crawling: http://www.elections.maryland.gov/pdf/vrar/MSR-2008_07.pdf
2026-02-25 11:32:44,157 INFO [depth=4] Crawling: http://www.elections.maryland.gov/pdf/vrar/MSR-2008_08.pdf
2026-02-25 11:32:45,362 INFO [depth=4] Crawling: http://www.elections.maryland.gov/pdf/vrar/MSR-2008_09.pdf
2026-02-25 11:32:46,585 INFO [depth=4] Crawling: http://www.elections.maryland.gov/pdf/vrar/MSR-2008_10.pdf
2026-02-25 11:32:47,898 INFO [depth=4] Crawling: http://www.elections.maryland.gov/pdf/vrar/MSR-2008_11.pdf
2026-02-25 11:32:49,810 INFO [depth=4] Crawling: http://www.elections.maryland.gov/pdf/vrar/MSR-2008_12.pdf
2026-02-25 11:32:50,902 INFO [depth=4] Crawling: http://www.elections.maryland.gov/pdf/vrar/MSR-2008.pdf
2026-02-25 11:32:52,085 INFO [depth=4] Crawling: http://www.elections.maryland.gov/pdf/vrar/MSR-2007_01.pdf
2026-02-25 11:32:53,583 INFO [depth=4] Crawling: http://www.elections.maryland.gov/pdf/vrar/MSR-2007_02.pdf
2026-02-25 11:32:55,078 INFO [depth=4] Crawling: http://www.elections.maryland.gov/pdf/vrar/MSR-2007_03.pdf
2026-02-25 11:32:56,249 INFO [depth=4] Crawling: http://www.elections.maryland.gov/pdf/vrar/MSR-2007_04.pdf
2026-02-25 11:32:57,818 INFO [depth=4] Crawling: http://www.elections.maryland.gov/pdf/vrar/MSR-2007_05.pdf
2026-02-25 11:32:59,263 INFO [depth=4] Crawling: http://www.elections.maryland.gov/pdf/vrar/MSR-2007_06.pdf
2026-02-25 11:33:00,558 INFO [depth=4] Crawling: http://www.elections.maryland.gov/pdf/vrar/MSR-2007_07.pdf
2026-02-25 11:33:01,744 INFO [depth=4] Crawling: http://www.elections.maryland.gov/pdf/vrar/MSR-2007_08.pdf
2026-02-25 11:33:02,909 INFO [depth=4] Crawling: http://www.elections.maryland.gov/pdf/vrar/MSR-2007_09.pdf
2026-02-25 11:33:04,540 INFO [depth=4] Crawling: http://www.elections.maryland.gov/pdf/vrar/MSR-2007_10.pdf
2026-02-25 11:33:05,702 INFO [depth=4] Crawling: http://www.elections.maryland.gov/pdf/vrar/MSR-2007_11.pdf
2026-02-25 11:33:07,029 INFO [depth=4] Crawling: http://www.elections.maryland.gov/pdf/vrar/MSR-2007_12.pdf
2026-02-25 11:33:08,170 INFO [depth=4] Crawling: http://www.elections.maryland.gov/pdf/vrar/MSR-2007.pdf
2026-02-25 11:33:09,403 INFO [depth=4] Crawling: http://www.elections.maryland.gov/pdf/vrar/MSR-2006_01.pdf
2026-02-25 11:33:11,348 INFO [depth=4] Crawling: http://www.elections.maryland.gov/pdf/vrar/MSR-2006_02.pdf
2026-02-25 11:33:12,604 INFO [depth=4] Crawling: http://www.elections.maryland.gov/pdf/vrar/MSR-2006_03.pdf
2026-02-25 11:33:13,773 INFO [depth=4] Crawling: http://www.elections.maryland.gov/pdf/vrar/MSR-2006_04.pdf
2026-02-25 11:33:14,958 INFO [depth=4] Crawling: http://www.elections.maryland.gov/pdf/vrar/MSR-2006_05.pdf
2026-02-25 11:33:16,546 INFO [depth=4] Crawling: http://www.elections.maryland.gov/pdf/vrar/MSR-2006_06.pdf
2026-02-25 11:33:17,929 INFO [depth=4] Crawling: http://www.elections.maryland.gov/pdf/vrar/MSR-2006_07.pdf
2026-02-25 11:33:19,099 INFO [depth=4] Crawling: http://www.elections.maryland.gov/pdf/vrar/MSR-2006_08.pdf
2026-02-25 11:33:20,328 INFO [depth=4] Crawling: http://www.elections.maryland.gov/pdf/vrar/MSR-2006_09.pdf
2026-02-25 11:33:21,529 INFO [depth=4] Crawling: http://www.elections.maryland.gov/pdf/vrar/MSR-2006_10.pdf
2026-02-25 11:33:22,679 INFO [depth=4] Crawling: http://www.elections.maryland.gov/pdf/vrar/MSR-2006_11.pdf
2026-02-25 11:33:24,114 INFO [depth=4] Crawling: http://www.elections.maryland.gov/pdf/vrar/MSR-2006_12.pdf
2026-02-25 11:33:25,341 INFO [depth=4] Crawling: http://www.elections.maryland.gov/pdf/vrar/MSR-2006.pdf
2026-02-25 11:33:27,178 INFO [depth=4] Crawling: http://www.elections.maryland.gov/pdf/vrar/MSR-2005_01.pdf
2026-02-25 11:33:29,146 INFO [depth=4] Crawling: http://www.elections.maryland.gov/pdf/vrar/MSR-2005_02.pdf
2026-02-25 11:33:30,753 INFO [depth=4] Crawling: http://www.elections.maryland.gov/pdf/vrar/MSR-2005_03.pdf
2026-02-25 11:33:32,140 INFO [depth=4] Crawling: http://www.elections.maryland.gov/pdf/vrar/MSR-2005_04.pdf
2026-02-25 11:33:33,431 INFO [depth=4] Crawling: http://www.elections.maryland.gov/pdf/vrar/MSR-2005_05.pdf
2026-02-25 11:33:34,674 INFO [depth=4] Crawling: http://www.elections.maryland.gov/pdf/vrar/MSR-2005_06.pdf
2026-02-25 11:33:36,068 INFO [depth=4] Crawling: http://www.elections.maryland.gov/pdf/vrar/MSR-2005_07.pdf
2026-02-25 11:33:37,380 INFO [depth=4] Crawling: http://www.elections.maryland.gov/pdf/vrar/MSR-2005_08.pdf
2026-02-25 11:33:39,578 INFO [depth=4] Crawling: http://www.elections.maryland.gov/pdf/vrar/MSR-2005_09.pdf
2026-02-25 11:33:40,783 INFO [depth=4] Crawling: http://www.elections.maryland.gov/pdf/vrar/MSR-2005_10.pdf
2026-02-25 11:33:41,963 INFO [depth=4] Crawling: http://www.elections.maryland.gov/pdf/vrar/MSR-2005_11.pdf
2026-02-25 11:33:43,100 INFO [depth=4] Crawling: http://www.elections.maryland.gov/pdf/vrar/MSR-2005_12.pdf
2026-02-25 11:33:44,507 INFO [depth=4] Crawling: http://www.elections.maryland.gov/pdf/vrar/MSR-2005.pdf
2026-02-25 11:33:45,873 INFO [depth=4] Crawling: http://www.elections.maryland.gov/pdf/vrar/MSR-2004_01.pdf
2026-02-25 11:33:47,117 INFO [depth=4] Crawling: http://www.elections.maryland.gov/pdf/vrar/MSR-2004_02.pdf
2026-02-25 11:33:48,214 INFO [depth=4] Crawling: http://www.elections.maryland.gov/pdf/vrar/MSR-2004_03.pdf
2026-02-25 11:33:49,617 INFO [depth=4] Crawling: http://www.elections.maryland.gov/pdf/vrar/MSR-2004_04.pdf
2026-02-25 11:33:50,929 INFO [depth=4] Crawling: http://www.elections.maryland.gov/pdf/vrar/MSR-2004_05.pdf
2026-02-25 11:33:52,186 INFO [depth=4] Crawling: http://www.elections.maryland.gov/pdf/vrar/MSR-2004_06.pdf
2026-02-25 11:33:53,408 INFO [depth=4] Crawling: http://www.elections.maryland.gov/pdf/vrar/MSR-2004_07.pdf
2026-02-25 11:33:55,126 INFO [depth=4] Crawling: http://www.elections.maryland.gov/pdf/vrar/MSR-2004_08.pdf
2026-02-25 11:33:56,388 INFO [depth=4] Crawling: http://www.elections.maryland.gov/pdf/vrar/MSR-2004_09.pdf
2026-02-25 11:33:57,658 INFO [depth=4] Crawling: http://www.elections.maryland.gov/pdf/vrar/MSR-2004_10.pdf
2026-02-25 11:33:59,163 INFO [depth=4] Crawling: http://www.elections.maryland.gov/pdf/vrar/MSR-2004_11.pdf
2026-02-25 11:34:00,340 INFO [depth=4] Crawling: http://www.elections.maryland.gov/pdf/vrar/MSR-2004_12.pdf
2026-02-25 11:34:01,414 INFO [depth=4] Crawling: http://www.elections.maryland.gov/pdf/vrar/MSR-2004.pdf
2026-02-25 11:34:02,698 INFO [depth=4] Crawling: http://www.elections.maryland.gov/pdf/vrar/MSR-2003_01.pdf
2026-02-25 11:34:03,982 INFO [depth=4] Crawling: http://www.elections.maryland.gov/pdf/vrar/MSR-2003_02.pdf
2026-02-25 11:34:05,307 INFO [depth=4] Crawling: http://www.elections.maryland.gov/pdf/vrar/MSR-2003_03.pdf
2026-02-25 11:34:06,540 INFO [depth=4] Crawling: http://www.elections.maryland.gov/pdf/vrar/MSR-2003_04.pdf
2026-02-25 11:34:07,740 INFO [depth=4] Crawling: http://www.elections.maryland.gov/pdf/vrar/MSR-2003_05.pdf
2026-02-25 11:34:08,937 INFO [depth=4] Crawling: http://www.elections.maryland.gov/pdf/vrar/MSR-2003_06.pdf
2026-02-25 11:34:10,078 INFO [depth=4] Crawling: http://www.elections.maryland.gov/pdf/vrar/MSR-2003_07.pdf
2026-02-25 11:34:11,622 INFO [depth=4] Crawling: http://www.elections.maryland.gov/pdf/vrar/MSR-2003_08.pdf
2026-02-25 11:34:12,929 INFO [depth=4] Crawling: http://www.elections.maryland.gov/pdf/vrar/MSR-2003_09.pdf
2026-02-25 11:34:14,317 INFO [depth=4] Crawling: http://www.elections.maryland.gov/pdf/vrar/MSR-2003_10.pdf
2026-02-25 11:34:15,461 INFO [depth=4] Crawling: http://www.elections.maryland.gov/pdf/vrar/MSR-2003_11.pdf
2026-02-25 11:34:17,083 INFO [depth=4] Crawling: http://www.elections.maryland.gov/pdf/vrar/MSR-2003_12.pdf
2026-02-25 11:34:18,515 INFO [depth=4] Crawling: http://www.elections.maryland.gov/pdf/vrar/MSR-2003.pdf
2026-02-25 11:34:19,818 INFO [depth=4] Crawling: http://www.elections.maryland.gov/pdf/vrar/MSR-2002_01.pdf
2026-02-25 11:34:21,395 INFO [depth=4] Crawling: http://www.elections.maryland.gov/pdf/vrar/MSR-2002_02.pdf
2026-02-25 11:34:22,687 INFO [depth=4] Crawling: http://www.elections.maryland.gov/pdf/vrar/MSR-2002_03.pdf
2026-02-25 11:34:23,983 INFO [depth=4] Crawling: http://www.elections.maryland.gov/pdf/vrar/MSR-2002_04.pdf
2026-02-25 11:34:25,540 INFO [depth=4] Crawling: http://www.elections.maryland.gov/pdf/vrar/MSR-2002_05.pdf
2026-02-25 11:34:26,745 INFO [depth=4] Crawling: http://www.elections.maryland.gov/pdf/vrar/MSR-2002_06.pdf
2026-02-25 11:34:27,836 INFO [depth=4] Crawling: http://www.elections.maryland.gov/pdf/vrar/MSR-2002_07.pdf
2026-02-25 11:34:28,952 INFO [depth=4] Crawling: http://www.elections.maryland.gov/pdf/vrar/MSR-2002_08.pdf
2026-02-25 11:34:30,067 INFO [depth=4] Crawling: http://www.elections.maryland.gov/pdf/vrar/MSR-2002_09.pdf
2026-02-25 11:34:31,164 INFO [depth=4] Crawling: http://www.elections.maryland.gov/pdf/vrar/MSR-2002_10.pdf
2026-02-25 11:34:32,328 INFO [depth=4] Crawling: http://www.elections.maryland.gov/pdf/vrar/MSR-2002_11.pdf
2026-02-25 11:34:33,566 INFO [depth=4] Crawling: http://www.elections.maryland.gov/pdf/vrar/MSR-2002_12.pdf
2026-02-25 11:34:34,794 INFO [depth=4] Crawling: http://www.elections.maryland.gov/pdf/vrar/MSR-2002.pdf
2026-02-25 11:34:36,145 INFO [depth=4] Crawling: http://www.elections.maryland.gov/pdf/vrar/MSR-2001_01.pdf
2026-02-25 11:34:37,251 INFO [depth=4] Crawling: http://www.elections.maryland.gov/pdf/vrar/MSR-2001_02.pdf
2026-02-25 11:34:38,470 INFO [depth=4] Crawling: http://www.elections.maryland.gov/pdf/vrar/MSR-2001_03.pdf
2026-02-25 11:34:39,651 INFO [depth=4] Crawling: http://www.elections.maryland.gov/pdf/vrar/MSR-2001_04.pdf
2026-02-25 11:34:40,812 INFO [depth=4] Crawling: http://www.elections.maryland.gov/pdf/vrar/MSR-2001_05.pdf
2026-02-25 11:34:42,118 INFO [depth=4] Crawling: http://www.elections.maryland.gov/pdf/vrar/MSR-2001_06.pdf
2026-02-25 11:34:43,408 INFO [depth=4] Crawling: http://www.elections.maryland.gov/pdf/vrar/MSR-2001_07.pdf
2026-02-25 11:34:44,539 INFO [depth=4] Crawling: http://www.elections.maryland.gov/pdf/vrar/MSR-2001_08.pdf
2026-02-25 11:34:45,742 INFO [depth=4] Crawling: http://www.elections.maryland.gov/pdf/vrar/MSR-2001_09.pdf
2026-02-25 11:34:46,991 INFO [depth=4] Crawling: http://www.elections.maryland.gov/pdf/vrar/MSR-2001_10.pdf
2026-02-25 11:34:48,156 INFO [depth=4] Crawling: http://www.elections.maryland.gov/pdf/vrar/MSR-2001_11.pdf
2026-02-25 11:34:49,396 INFO [depth=4] Crawling: http://www.elections.maryland.gov/pdf/vrar/MSR-2001_12.pdf
2026-02-25 11:34:50,851 INFO [depth=4] Crawling: http://www.elections.maryland.gov/pdf/vrar/MSR-2001.pdf
2026-02-25 11:34:51,999 INFO [depth=4] Crawling: http://www.elections.maryland.gov/pdf/vrar/MSR-2000_01.pdf
2026-02-25 11:34:53,178 INFO [depth=4] Crawling: http://www.elections.maryland.gov/pdf/vrar/MSR-2000_02.pdf
2026-02-25 11:34:54,431 INFO [depth=4] Crawling: http://www.elections.maryland.gov/pdf/vrar/MSR-2000_03.pdf
2026-02-25 11:34:55,547 INFO [depth=4] Crawling: http://www.elections.maryland.gov/pdf/vrar/MSR-2000_04.pdf
2026-02-25 11:34:57,023 INFO [depth=4] Crawling: http://www.elections.maryland.gov/pdf/vrar/MSR-2000_05.pdf
2026-02-25 11:34:58,229 INFO [depth=4] Crawling: http://www.elections.maryland.gov/pdf/vrar/MSR-2000_06.pdf
2026-02-25 11:34:59,352 INFO [depth=4] Crawling: http://www.elections.maryland.gov/pdf/vrar/MSR-2000_07.pdf
2026-02-25 11:35:00,614 INFO [depth=4] Crawling: http://www.elections.maryland.gov/pdf/vrar/MSR-2000_08.pdf
2026-02-25 11:35:01,847 INFO [depth=4] Crawling: http://www.elections.maryland.gov/pdf/vrar/MSR-2000_09.pdf
2026-02-25 11:35:03,118 INFO [depth=4] Crawling: http://www.elections.maryland.gov/pdf/vrar/MSR-2000_10.pdf
2026-02-25 11:35:04,358 INFO [depth=4] Crawling: http://www.elections.maryland.gov/pdf/vrar/MSR-2000_11.pdf
2026-02-25 11:35:05,558 INFO [depth=4] Crawling: http://www.elections.maryland.gov/pdf/vrar/MSR-2000_12.pdf
2026-02-25 11:35:06,827 INFO [depth=4] Crawling: http://www.elections.maryland.gov/pdf/vrar/MSR-2000.pdf
2026-02-25 11:35:08,035 INFO [depth=4] Crawling: http://www.elections.maryland.gov/press_room/2024_stats/PG24/Eligible Active Voters by County - PG24.pdf
2026-02-25 11:35:09,250 INFO [depth=4] Crawling: http://www.elections.maryland.gov/press_room/2024_stats/PG24/Eligible Active Voters by Congressional - PG24.pdf
2026-02-25 11:35:10,391 INFO [depth=4] Crawling: http://www.elections.maryland.gov/press_room/2024_stats/PG24/Eligible Active Voters by Legislative - PG24.pdf
2026-02-25 11:35:11,870 INFO [depth=4] Crawling: http://www.elections.maryland.gov/press_room/2024_stats/PG24/Eligible Active Voters by Councilmanic - PG24.pdf
2026-02-25 11:35:13,058 INFO [depth=4] Crawling: http://www.elections.maryland.gov/press_room/2024_stats/PG24/Eligible Active Voters by County - PG24.xlsx
2026-02-25 11:35:14,080 INFO [depth=4] Crawling: http://www.elections.maryland.gov/press_room/2024_stats/PG24/Eligible Active Voters by Congressional - PG24.xlsx
2026-02-25 11:35:15,070 INFO [depth=4] Crawling: http://www.elections.maryland.gov/press_room/2024_stats/PG24/Eligible Active Voters by Legislative - PG24.xlsx
2026-02-25 11:35:16,045 INFO [depth=4] Crawling: http://www.elections.maryland.gov/press_room/2024_stats/PG24/Eligible Active Voters by Councilmanic - PG24.xlsx
2026-02-25 11:35:17,057 INFO [depth=4] Crawling: http://www.elections.maryland.gov/press_room/2024_stats/Eligible Active Voters by County - PP24.pdf
2026-02-25 11:35:18,364 INFO [depth=4] Crawling: http://www.elections.maryland.gov/press_room/2024_stats/Eligible Active Voters by Congressional - PP24.pdf
2026-02-25 11:35:19,635 INFO [depth=4] Crawling: http://www.elections.maryland.gov/press_room/2024_stats/Eligible Active Voters by Legislative - PP24.pdf
2026-02-25 11:35:21,102 INFO [depth=4] Crawling: http://www.elections.maryland.gov/press_room/2024_stats/Eligible Active Voters by Councilmanic - PP24.pdf
2026-02-25 11:35:22,257 INFO [depth=4] Crawling: http://www.elections.maryland.gov/press_room/2024_stats/Eligible Active Voters by County - PP24.xlsx
2026-02-25 11:35:23,774 INFO [depth=4] Crawling: http://www.elections.maryland.gov/press_room/2024_stats/Eligible Active Voters by Congressional - PP24.xlsx
2026-02-25 11:35:25,638 INFO [depth=4] Crawling: http://www.elections.maryland.gov/press_room/2024_stats/Eligible Active Voters by Legislative - PP24.xlsx
2026-02-25 11:35:28,779 INFO [depth=4] Crawling: http://www.elections.maryland.gov/press_room/2024_stats/Eligible Active Voters by Councilmanic - PP24.xlsx
2026-02-25 11:35:29,989 INFO [depth=4] Crawling: http://www.elections.maryland.gov/press_room/2022_stats/GG22/Eligible Active Voters by County - GG22.pdf
2026-02-25 11:35:31,634 INFO [depth=4] Crawling: http://www.elections.maryland.gov/press_room/2022_stats/GG22/Eligible Active Voters by Congressional - GG22.pdf
2026-02-25 11:35:32,957 INFO [depth=4] Crawling: http://www.elections.maryland.gov/press_room/2022_stats/GG22/Eligible Active Voters by Legislative - GG22.pdf
2026-02-25 11:35:34,190 INFO [depth=4] Crawling: http://www.elections.maryland.gov/press_room/2022_stats/GG22/Eligible Active Voters by Councilmanic - GG22.pdf
2026-02-25 11:35:35,613 INFO [depth=4] Crawling: http://www.elections.maryland.gov/press_room/2022_stats/GG22/Eligible Active Voters by County - GG22.xlsx
2026-02-25 11:35:36,618 INFO [depth=4] Crawling: http://www.elections.maryland.gov/press_room/2022_stats/GG22/Eligible Active Voters by Congressional - GG22.xlsx
2026-02-25 11:35:37,659 INFO [depth=4] Crawling: http://www.elections.maryland.gov/press_room/2022_stats/GG22/Eligible Active Voters by Legislative - GG22.xlsx
2026-02-25 11:35:38,927 INFO [depth=4] Crawling: http://www.elections.maryland.gov/press_room/2022_stats/GG22/Eligible Active Voters by Councilmanic - GG22.xlsx
2026-02-25 11:35:39,992 INFO [depth=4] Crawling: http://www.elections.maryland.gov/press_room/2022_stats/Eligible Active Voters by County - GP22.pdf
2026-02-25 11:35:41,305 INFO [depth=4] Crawling: http://www.elections.maryland.gov/press_room/2022_stats/Eligible Active Voters by Congressional - GP22.pdf
2026-02-25 11:35:42,537 INFO [depth=4] Crawling: http://www.elections.maryland.gov/press_room/2022_stats/Eligible Active Voters by Legislative - GP22.pdf
2026-02-25 11:35:43,862 INFO [depth=4] Crawling: http://www.elections.maryland.gov/press_room/2022_stats/Eligible Active Voters by Councilmanic - GP22.pdf
2026-02-25 11:35:45,159 INFO [depth=4] Crawling: http://www.elections.maryland.gov/press_room/2022_stats/Eligible Active Voters by County - GP22.xlsx
2026-02-25 11:35:46,113 INFO [depth=4] Crawling: http://www.elections.maryland.gov/press_room/2022_stats/Eligible Active Voters by Congressional - GP22.xlsx
2026-02-25 11:35:47,113 INFO [depth=4] Crawling: http://www.elections.maryland.gov/press_room/2022_stats/Eligible Active Voters by Legislative - GP22.xlsx
2026-02-25 11:35:48,137 INFO [depth=4] Crawling: http://www.elections.maryland.gov/press_room/2022_stats/Eligible Active Voters by Councilmanic - GP22.xlsx
2026-02-25 11:35:49,234 INFO [depth=4] Crawling: http://www.elections.maryland.gov/press_room/2020_stats/Eligible Active Voters by County - PG20.pdf
2026-02-25 11:35:50,486 INFO [depth=4] Crawling: http://www.elections.maryland.gov/press_room/2020_stats/Eligible Active Voters by Congressional - PG20.pdf
2026-02-25 11:35:51,795 INFO [depth=4] Crawling: http://www.elections.maryland.gov/press_room/2020_stats/Eligible Active Voters by Legislative - PG20.pdf
2026-02-25 11:35:53,155 INFO [depth=4] Crawling: http://www.elections.maryland.gov/press_room/2020_stats/Eligible Active Voters by Councilmanic - PG20.pdf
2026-02-25 11:35:54,401 INFO [depth=4] Crawling: http://www.elections.maryland.gov/press_room/2020_stats/Eligible Active Voters by County - PG20.xlsx
2026-02-25 11:35:55,494 INFO [depth=4] Crawling: http://www.elections.maryland.gov/press_room/2020_stats/Eligible Active Voters by Congressional - PG20.xlsx
2026-02-25 11:35:56,500 INFO [depth=4] Crawling: http://www.elections.maryland.gov/press_room/2020_stats/Eligible Active Voters by Legislative - PG20.xlsx
2026-02-25 11:35:57,470 INFO [depth=4] Crawling: http://www.elections.maryland.gov/press_room/2020_stats/Eligible Active Voters by Councilmanic - PG20.xlsx
2026-02-25 11:35:58,403 INFO [depth=4] Crawling: http://www.elections.maryland.gov/press_room/2020_stats/Eligible Active Voters by County - Weekly.pdf
2026-02-25 11:35:59,974 INFO [depth=4] Crawling: http://www.elections.maryland.gov/press_room/2020_stats/Eligible Active Voters by Congressional - Weekly.pdf
2026-02-25 11:36:01,299 INFO [depth=4] Crawling: http://www.elections.maryland.gov/press_room/2020_stats/Eligible Active Voters by Legislative - Weekly.pdf
2026-02-25 11:36:02,547 INFO [depth=4] Crawling: http://www.elections.maryland.gov/press_room/2020_stats/Eligible Active Voters by County - Weekly.xlsx
2026-02-25 11:36:04,413 INFO [depth=4] Crawling: http://www.elections.maryland.gov/press_room/2020_stats/Eligible Active Voters by Congressional - Weekly.xlsx
2026-02-25 11:36:05,597 INFO [depth=4] Crawling: http://www.elections.maryland.gov/voter_registration/2020_stats/Eligible Active Voters by Legislative - Weekly.xlsx
2026-02-25 11:36:05,801 INFO HTTP 404 — marking failed: http://www.elections.maryland.gov/voter_registration/2020_stats/Eligible Active Voters by Legislative - Weekly.xlsx
2026-02-25 11:36:05,802 INFO [depth=4] Crawling: http://www.elections.maryland.gov/press_room/2018_stats/GG18_Eligible_Active_Voters_by_County.pdf
2026-02-25 11:36:07,047 INFO [depth=4] Crawling: http://www.elections.maryland.gov/press_room/2018_stats/GG18_Eligible_Active_Voters_by_Congressional.pdf
2026-02-25 11:36:08,370 INFO [depth=4] Crawling: http://www.elections.maryland.gov/press_room/2018_stats/GG18_Eligible_Active_Voters_by_Legislative.pdf
2026-02-25 11:36:09,638 INFO [depth=4] Crawling: http://www.elections.maryland.gov/press_room/2018_stats/GG18_Eligible_Active_Voters_by_County.xlsx
2026-02-25 11:36:10,788 INFO [depth=4] Crawling: http://www.elections.maryland.gov/press_room/2018_stats/GG18_Eligible_Active_Voters_by_Congressional.xlsx
2026-02-25 11:36:11,843 INFO [depth=4] Crawling: http://www.elections.maryland.gov/press_room/2018_stats/GG18_Eligible_Active_Voters_by_Legislative.xlsx
2026-02-25 11:36:13,084 INFO [depth=4] Crawling: http://www.elections.maryland.gov/press_room/2018_stats/GP18_Eligible_Active_Voters_by_County.pdf
2026-02-25 11:36:14,310 INFO [depth=4] Crawling: http://www.elections.maryland.gov/press_room/2018_stats/GP18_Eligible_Active_Voters_by_Congressional.pdf
2026-02-25 11:36:15,715 INFO [depth=4] Crawling: http://www.elections.maryland.gov/press_room/2018_stats/GP18_Eligible_Active_Voters_by_Legislative.pdf
2026-02-25 11:36:16,984 INFO [depth=4] Crawling: http://www.elections.maryland.gov/press_room/2018_stats/GP18_Eligible_Active_Voters_by_County.xlsx
2026-02-25 11:36:17,998 INFO [depth=4] Crawling: http://www.elections.maryland.gov/press_room/2018_stats/GP18_Eligible_Active_Voters_by_Congressional.xlsx
2026-02-25 11:36:19,089 INFO [depth=4] Crawling: http://www.elections.maryland.gov/press_room/2018_stats/GP18_Eligible_Active_Voters_by_Legislative.xlsx
2026-02-25 11:36:20,129 INFO [depth=4] Crawling: http://www.elections.maryland.gov/press_room/2016_stats/PG16_Eligible_Active_Voters_by_County.pdf
2026-02-25 11:36:21,428 INFO [depth=4] Crawling: http://www.elections.maryland.gov/press_room/2016_stats/PG16_Eligible_Active_Voters_by_Congressional.pdf
2026-02-25 11:36:22,725 INFO [depth=4] Crawling: http://www.elections.maryland.gov/press_room/2016_stats/PG16_Eligible_Active_Voters_by_Legislative.pdf
2026-02-25 11:36:24,740 INFO [depth=4] Crawling: http://www.elections.maryland.gov/press_room/2016_stats/PG16_Eligible_Active_Voters_by_County.xlsx
2026-02-25 11:36:25,812 INFO [depth=4] Crawling: http://www.elections.maryland.gov/press_room/2016_stats/PG16_Eligible_Active_Voters_by_Congressional.xlsx
2026-02-25 11:36:26,933 INFO [depth=4] Crawling: http://www.elections.maryland.gov/press_room/2016_stats/PG16_Eligible_Active_Voters_by_Legislative.xlsx
2026-02-25 11:36:28,112 INFO [depth=4] Crawling: http://www.elections.maryland.gov/press_room/2016_stats/PrecinctRegisterCounts_ByCounty.pdf
2026-02-25 11:36:29,320 INFO [depth=4] Crawling: http://www.elections.maryland.gov/press_room/2016_stats/PrecinctRegisterCounts_ByCongressionalDistrict.pdf
2026-02-25 11:36:30,506 INFO [depth=4] Crawling: http://www.elections.maryland.gov/press_room/2016_stats/PrecinctRegisterCounts_ByLegislativeDistrict.pdf
2026-02-25 11:36:32,689 INFO [depth=4] Crawling: http://www.elections.maryland.gov/press_room/2016_stats/PrecinctRegisterCounts_ByCounty.xlsx
2026-02-25 11:36:33,656 INFO [depth=4] Crawling: http://www.elections.maryland.gov/press_room/2016_stats/PrecinctRegisterCounts_ByCongressionalDistrict.xlsx
2026-02-25 11:36:34,703 INFO [depth=4] Crawling: http://www.elections.maryland.gov/press_room/2016_stats/PrecinctRegisterCounts_ByLegislativeDistrict.xlsx
2026-02-25 11:36:35,750 INFO [depth=4] Crawling: http://www.elections.maryland.gov/press_room/2014_stats/PrecinctRegisterCounts_ByCounty_GG14.pdf
2026-02-25 11:36:36,919 INFO [depth=4] Crawling: http://www.elections.maryland.gov/press_room/2014_stats/PrecinctRegisterCounts_ByCongressionalDistrict_GG14_GG14.pdf
2026-02-25 11:36:38,265 INFO [depth=4] Crawling: http://www.elections.maryland.gov/press_room/2014_stats/PrecinctRegisterCounts_ByLegislativeDistrict_GG14.pdf
2026-02-25 11:36:39,545 INFO [depth=4] Crawling: http://www.elections.maryland.gov/press_room/2014_stats/PrecinctRegisterCounts_ByCounty_GG14.xls
2026-02-25 11:36:40,789 INFO [depth=4] Crawling: http://www.elections.maryland.gov/press_room/2014_stats/PrecinctRegisterCounts_ByCongressionalDistrict_GG14.xls
2026-02-25 11:36:41,932 INFO [depth=4] Crawling: http://www.elections.maryland.gov/press_room/2014_stats/PrecinctRegisterCounts_ByLegislativeDistrict_GG14.xls
2026-02-25 11:36:42,912 INFO [depth=4] Crawling: http://www.elections.maryland.gov/press_room/2014_stats/PrecinctRegisterCounts_ByCounty.pdf
2026-02-25 11:36:44,446 INFO [depth=4] Crawling: http://www.elections.maryland.gov/press_room/2014_stats/PrecinctRegisterCounts_ByCongressionalDistrict.pdf
2026-02-25 11:36:45,979 INFO [depth=4] Crawling: http://www.elections.maryland.gov/press_room/2014_stats/PrecinctRegisterCounts_ByLegislativeDistrict.pdf
2026-02-25 11:36:47,179 INFO [depth=4] Crawling: http://www.elections.maryland.gov/press_room/2014_stats/PrecinctRegisterCounts_ByCounty.xls
2026-02-25 11:36:48,180 INFO [depth=4] Crawling: http://www.elections.maryland.gov/press_room/2014_stats/PrecinctRegisterCounts_ByCongressionalDistrict.xls
2026-02-25 11:36:49,146 INFO [depth=4] Crawling: http://www.elections.maryland.gov/press_room/2014_stats/PrecinctRegisterCounts_ByLegislativeDistrict.xls
2026-02-25 11:36:50,112 INFO [depth=4] Crawling: http://www.elections.maryland.gov/press_room/documents/PG12/PrecinctRegisterCounts/Statewide.pdf
2026-02-25 11:36:51,392 INFO [depth=4] Crawling: http://www.elections.maryland.gov/press_room/documents/PG12/PrecinctRegisterCounts/byprecinct.xls
2026-02-25 11:36:52,525 INFO [depth=4] Crawling: http://www.elections.maryland.gov/press_room/documents/PG12/PrecinctRegisterCounts/allegany.pdf
2026-02-25 11:36:53,798 INFO [depth=4] Crawling: http://www.elections.maryland.gov/press_room/documents/PG12/PrecinctRegisterCounts/aa.pdf
2026-02-25 11:36:55,153 INFO [depth=4] Crawling: http://www.elections.maryland.gov/press_room/documents/PG12/PrecinctRegisterCounts/bcity.pdf
2026-02-25 11:36:56,391 INFO [depth=4] Crawling: http://www.elections.maryland.gov/press_room/documents/PG12/PrecinctRegisterCounts/bcounty.pdf
2026-02-25 11:36:57,641 INFO [depth=4] Crawling: http://www.elections.maryland.gov/press_room/documents/PG12/PrecinctRegisterCounts/calvert.pdf
2026-02-25 11:36:58,824 INFO [depth=4] Crawling: http://www.elections.maryland.gov/press_room/documents/PG12/PrecinctRegisterCounts/caroline.pdf
2026-02-25 11:37:00,032 INFO [depth=4] Crawling: http://www.elections.maryland.gov/press_room/documents/PG12/PrecinctRegisterCounts/carroll.pdf
2026-02-25 11:37:01,336 INFO [depth=4] Crawling: http://www.elections.maryland.gov/press_room/documents/PG12/PrecinctRegisterCounts/cecil.pdf
2026-02-25 11:37:02,712 INFO [depth=4] Crawling: http://www.elections.maryland.gov/press_room/documents/PG12/PrecinctRegisterCounts/charles.pdf
2026-02-25 11:37:04,177 INFO [depth=4] Crawling: http://www.elections.maryland.gov/press_room/documents/PG12/PrecinctRegisterCounts/dorchester.pdf
2026-02-25 11:37:05,469 INFO [depth=4] Crawling: http://www.elections.maryland.gov/press_room/documents/PG12/PrecinctRegisterCounts/frederick.pdf
2026-02-25 11:37:06,797 INFO [depth=4] Crawling: http://www.elections.maryland.gov/press_room/documents/PG12/PrecinctRegisterCounts/garrett.pdf
2026-02-25 11:37:08,081 INFO [depth=4] Crawling: http://www.elections.maryland.gov/press_room/documents/PG12/PrecinctRegisterCounts/harford.pdf
2026-02-25 11:37:09,401 INFO [depth=4] Crawling: http://www.elections.maryland.gov/press_room/documents/PG12/PrecinctRegisterCounts/howard.pdf
2026-02-25 11:37:10,879 INFO [depth=4] Crawling: http://www.elections.maryland.gov/press_room/documents/PG12/PrecinctRegisterCounts/kent.pdf
2026-02-25 11:37:12,499 INFO [depth=4] Crawling: http://www.elections.maryland.gov/press_room/documents/PG12/PrecinctRegisterCounts/montgomery.pdf
2026-02-25 11:37:13,755 INFO [depth=4] Crawling: http://www.elections.maryland.gov/press_room/documents/PG12/PrecinctRegisterCounts/pg.pdf
2026-02-25 11:37:15,394 INFO [depth=4] Crawling: http://www.elections.maryland.gov/press_room/documents/PG12/PrecinctRegisterCounts/qa.pdf
2026-02-25 11:37:16,522 INFO [depth=4] Crawling: http://www.elections.maryland.gov/press_room/documents/PG12/PrecinctRegisterCounts/sm.pdf
2026-02-25 11:37:18,395 INFO [depth=4] Crawling: http://www.elections.maryland.gov/press_room/documents/PG12/PrecinctRegisterCounts/somerset.pdf
2026-02-25 11:37:20,317 INFO [depth=4] Crawling: http://www.elections.maryland.gov/press_room/documents/PG12/PrecinctRegisterCounts/talbot.pdf
2026-02-25 11:37:21,535 INFO [depth=4] Crawling: http://www.elections.maryland.gov/press_room/documents/PG12/PrecinctRegisterCounts/washington.pdf
2026-02-25 11:37:22,833 INFO [depth=4] Crawling: http://www.elections.maryland.gov/press_room/documents/PG12/PrecinctRegisterCounts/wicomico.pdf
2026-02-25 11:37:24,164 INFO [depth=4] Crawling: http://www.elections.maryland.gov/press_room/documents/PG12/PrecinctRegisterCounts/worcester.pdf
2026-02-25 11:37:25,454 INFO [depth=4] Crawling: http://www.elections.maryland.gov/press_room/documents/PP12/PrecinctRegisterCounts/statewide.pdf
2026-02-25 11:37:26,690 INFO [depth=4] Crawling: http://www.elections.maryland.gov/press_room/documents/PP12/PrecinctRegisterCounts/byprecinct.xls
2026-02-25 11:37:28,179 INFO [depth=4] Crawling: http://www.elections.maryland.gov/press_room/documents/PP12/PrecinctRegisterCounts/allegany.pdf
2026-02-25 11:37:29,442 INFO [depth=4] Crawling: http://www.elections.maryland.gov/press_room/documents/PP12/PrecinctRegisterCounts/aa.pdf
2026-02-25 11:37:30,680 INFO [depth=4] Crawling: http://www.elections.maryland.gov/press_room/documents/PP12/PrecinctRegisterCounts/bcity.pdf
2026-02-25 11:37:32,401 INFO [depth=4] Crawling: http://www.elections.maryland.gov/press_room/documents/PP12/PrecinctRegisterCounts/bcounty.pdf
2026-02-25 11:37:33,629 INFO [depth=4] Crawling: http://www.elections.maryland.gov/press_room/documents/PP12/PrecinctRegisterCounts/calvert.pdf
2026-02-25 11:37:34,874 INFO [depth=4] Crawling: http://www.elections.maryland.gov/press_room/documents/PP12/PrecinctRegisterCounts/caroline.pdf
2026-02-25 11:37:36,233 INFO [depth=4] Crawling: http://www.elections.maryland.gov/press_room/documents/PP12/PrecinctRegisterCounts/carroll.pdf
2026-02-25 11:37:37,638 INFO [depth=4] Crawling: http://www.elections.maryland.gov/press_room/documents/PP12/PrecinctRegisterCounts/cecil.pdf
2026-02-25 11:37:39,223 INFO [depth=4] Crawling: http://www.elections.maryland.gov/press_room/documents/PP12/PrecinctRegisterCounts/charles.pdf
2026-02-25 11:37:40,989 INFO [depth=4] Crawling: http://www.elections.maryland.gov/press_room/documents/PP12/PrecinctRegisterCounts/dorchester.pdf
2026-02-25 11:37:42,587 INFO [depth=4] Crawling: http://www.elections.maryland.gov/press_room/documents/PP12/PrecinctRegisterCounts/frederick.pdf
2026-02-25 11:37:43,828 INFO [depth=4] Crawling: http://www.elections.maryland.gov/press_room/documents/PP12/PrecinctRegisterCounts/garrett.pdf
2026-02-25 11:37:45,024 INFO [depth=4] Crawling: http://www.elections.maryland.gov/press_room/documents/PP12/PrecinctRegisterCounts/harford.pdf
2026-02-25 11:37:46,362 INFO [depth=4] Crawling: http://www.elections.maryland.gov/press_room/documents/PP12/PrecinctRegisterCounts/howard.pdf
2026-02-25 11:37:48,387 INFO [depth=4] Crawling: http://www.elections.maryland.gov/press_room/documents/PP12/PrecinctRegisterCounts/kent.pdf
2026-02-25 11:37:49,534 INFO [depth=4] Crawling: http://www.elections.maryland.gov/press_room/documents/PP12/PrecinctRegisterCounts/montgomery.pdf
2026-02-25 11:37:51,026 INFO [depth=4] Crawling: http://www.elections.maryland.gov/press_room/documents/PP12/PrecinctRegisterCounts/pg.pdf
2026-02-25 11:37:52,453 INFO [depth=4] Crawling: http://www.elections.maryland.gov/press_room/documents/PP12/PrecinctRegisterCounts/qa.pdf
2026-02-25 11:37:53,747 INFO [depth=4] Crawling: http://www.elections.maryland.gov/press_room/documents/PP12/PrecinctRegisterCounts/sm.pdf
2026-02-25 11:37:55,060 INFO [depth=4] Crawling: http://www.elections.maryland.gov/press_room/documents/PP12/PrecinctRegisterCounts/somerset.pdf
2026-02-25 11:37:56,279 INFO [depth=4] Crawling: http://www.elections.maryland.gov/press_room/documents/PP12/PrecinctRegisterCounts/talbot.pdf
2026-02-25 11:37:57,450 INFO [depth=4] Crawling: http://www.elections.maryland.gov/press_room/documents/PP12/PrecinctRegisterCounts/washington.pdf
2026-02-25 11:37:58,863 INFO [depth=4] Crawling: http://www.elections.maryland.gov/press_room/documents/PP12/PrecinctRegisterCounts/wicomico.pdf
2026-02-25 11:38:00,364 INFO [depth=4] Crawling: http://www.elections.maryland.gov/press_room/documents/PP12/PrecinctRegisterCounts/worcester.pdf
2026-02-25 11:38:02,023 INFO [depth=4] Crawling: http://www.elections.maryland.gov/voter_registration/documents/precinctregistercounts_bcp11.pdf
2026-02-25 11:38:04,623 INFO [depth=4] Crawling: http://www.elections.maryland.gov/voter_registration/documents/precinctregistercounts_byprecinct.xls
2026-02-25 11:38:05,602 INFO [depth=4] Crawling: http://www.elections.maryland.gov/voter_registration/archive_bydistricts.html
2026-02-25 11:38:06,751 INFO [depth=4] Crawling: http://www.elections.maryland.gov/candidacy/documents/SOO.pdf
2026-02-25 11:38:08,033 INFO [depth=4] Crawling: http://www.elections.maryland.gov/candidacy/documents/local_candidate_filing_packages.pdf
2026-02-25 11:38:09,911 INFO [depth=4] Crawling: http://www.elections.maryland.gov/candidacy/documents/DeclarationofIntenttoSeekNominationbyPetition.pdf
2026-02-25 11:38:11,890 INFO [depth=4] Crawling: http://www.elections.maryland.gov/candidacy/documents/Voter_Counts_for_Petitions.pdf
2026-02-25 11:38:13,435 INFO [depth=4] Crawling: http://www.elections.maryland.gov/candidacy/ccf.sbe@maryland.gov
2026-02-25 11:38:13,999 INFO HTTP 404 — marking failed: http://www.elections.maryland.gov/candidacy/ccf.sbe@maryland.gov
2026-02-25 11:38:14,001 INFO [depth=4] Crawling: http://www.elections.maryland.gov/candidacy/documents/Write_In_Candidate_Information_2016_final.pdf
2026-02-25 11:38:16,435 INFO [depth=4] Crawling: http://www.elections.maryland.gov/forms/petitions.html
2026-02-25 11:38:18,560 INFO [depth=4] Crawling: http://www.elections.maryland.gov/candidacy/candidate_filing.html
2026-02-25 11:38:19,535 INFO [depth=4] Crawling: http://www.elections.maryland.gov/press_room/Dis-Misinformation.html
2026-02-25 11:38:20,533 INFO [depth=4] Crawling: http://www.elections.maryland.gov/press_room/documents/2026/US_Dept_of_Homeland_Security-Elections_Release.pdf
2026-02-25 11:38:22,289 INFO [depth=4] Crawling: http://www.elections.maryland.gov/press_room/documents/2026/MD_State_Administrator_of_Elections_Addresses_MisDisinformation_of_Nationalization_of_Elections.pdf
2026-02-25 11:38:23,505 INFO [depth=4] Crawling: http://www.elections.maryland.gov/press_room/documents/2026/MSBE_Launches_Modernized_Campaign_Finance_Reporting_Systems.pdf
2026-02-25 11:38:24,822 INFO [depth=4] Crawling: http://www.elections.maryland.gov/press_room/documents/2026/USPS_Policy_Change_Press_Release.pdf
2026-02-25 11:38:26,134 INFO [depth=4] Crawling: http://www.elections.maryland.gov/press_room/2026_stats/PMIBs/Report_Per_Abs_Monthly.pdf
2026-02-25 11:38:27,366 INFO [depth=4] Crawling: http://www.elections.maryland.gov/press_room/2026_stats/PMIBs/Report_Per_Abs_Monthly.xlsx
2026-02-25 11:38:28,463 INFO [depth=4] Crawling: http://www.elections.maryland.gov/press_room/documents/2025/Defenders_of_Democracy_2025_Final.pdf
2026-02-25 11:38:29,674 INFO [depth=4] Crawling: http://www.elections.maryland.gov/press_room/documents/2025/2025-09-30-Non-Citizen_Inquiry.pdf
2026-02-25 11:38:30,910 INFO [depth=4] Crawling: http://www.elections.maryland.gov/press_room/documents/2025/SBE_domestic_violence_awareness_2025.pdf
2026-02-25 11:38:32,383 INFO [depth=4] Crawling: http://www.elections.maryland.gov/press_room/documents/2025/SBE_national_voter_registration_day_2025.pdf
2026-02-25 11:38:33,590 INFO [depth=4] Crawling: http://www.elections.maryland.gov/press_room/documents/2025/SBE_Creates_High_School_Senior_Voter_Registration_Contest_SP_9.2025.pdf
2026-02-25 11:38:34,854 INFO [depth=4] Crawling: http://www.elections.maryland.gov/press_room/documents/2025/SBE Clearie Award_FINAL.pdf
2026-02-25 11:38:36,179 INFO [depth=4] Crawling: http://www.elections.maryland.gov/press_room/documents/2025/Jones Retirement Announcement 4.3.25.pdf
2026-02-25 11:38:37,435 INFO [depth=4] Crawling: http://www.elections.maryland.gov/press_room/documents/2025/Statement_on_Executive_Order_3-26-2025.pdf
2026-02-25 11:38:38,636 INFO [depth=4] Crawling: http://www.elections.maryland.gov/press_room/documents/2025/Maryland State Board of Elections Highlights Key Voting Information 2025 Special Election_FINAL_.pdf
2026-02-25 11:38:40,130 INFO [depth=4] Crawling: http://www.elections.maryland.gov/press_room/documents/2025/SBE_PR Informacion Clave Elecciones Especiales PG County_ES_1.2025.pdf
2026-02-25 11:38:41,400 INFO [depth=4] Crawling: http://www.elections.maryland.gov/press_room/2025_stats/PMIBs/Report_Per_Abs_Monthly.pdf
2026-02-25 11:38:42,603 INFO [depth=4] Crawling: http://www.elections.maryland.gov/press_room/2025_stats/PMIBs/Report_Per_Abs_Monthly.xlsx
2026-02-25 11:38:43,670 INFO [depth=4] Crawling: http://www.elections.maryland.gov/press_room/2024_stats/SPG25/ZOfficial by Party and County_GP22Only.pdf
2026-02-25 11:38:46,043 INFO [depth=4] Crawling: http://www.elections.maryland.gov/press_room/2024_stats/SPG25/ZOfficial by Party and County_GP22Only.xlsx
2026-02-25 11:38:47,002 INFO [depth=4] Crawling: http://www.elections.maryland.gov/press_room/2024_stats/SPG25/ZOfficial by Party and Congressional_GP22Only.pdf
2026-02-25 11:38:48,242 INFO [depth=4] Crawling: http://www.elections.maryland.gov/press_room/2024_stats/SPG25/ZOfficial by Party and Congressional_GP22Only.xlsx
2026-02-25 11:38:49,277 INFO [depth=4] Crawling: http://www.elections.maryland.gov/press_room/2024_stats/SPG25/ZOfficial by Party and Legislative_GP22Only.pdf
2026-02-25 11:38:50,480 INFO [depth=4] Crawling: http://www.elections.maryland.gov/press_room/2024_stats/SPG25/ZOfficial by Party and Legislative_GP22Only.xlsx
2026-02-25 11:38:51,573 INFO [depth=4] Crawling: http://www.elections.maryland.gov/press_room/2024_stats/SPG25/ZOfficial by Party and Precinct_GP22Only.csv
2026-02-25 11:38:52,734 INFO [depth=4] Crawling: http://www.elections.maryland.gov/press_room/2024_stats/SPG25/ZOfficial_CountyAndCanvass_GP22Only.pdf
2026-02-25 11:38:54,030 INFO [depth=4] Crawling: http://www.elections.maryland.gov/press_room/2024_stats/SPG25/ZOfficial_VotesAcceptedBy_CountyAndCanvass_GP22Only.pdf
2026-02-25 11:38:55,260 INFO [depth=4] Crawling: http://www.elections.maryland.gov/press_room/2024_stats/SPG25/ZOfficial Vote-By-Mail Voting(NEW)_GP22Only.pdf
2026-02-25 11:38:56,444 INFO [depth=4] Crawling: http://www.elections.maryland.gov/press_room/2024_stats/SPG25/ZOfficial Provisional Voting_GP22Only.pdf
2026-02-25 11:38:57,703 INFO [depth=4] Crawling: http://www.elections.maryland.gov/press_room/2024_stats/SPG25/Mail-in Ballot Request Counts with Chart.pdf
2026-02-25 11:38:59,158 INFO [depth=4] Crawling: http://www.elections.maryland.gov/press_room/2024_stats/SPG25/Mail-in Ballot Request Counts with Chart.xlsx
2026-02-25 11:39:00,169 INFO [depth=4] Crawling: http://www.elections.maryland.gov/press_room/2024_stats/SPG25/Absentees Sent and Returned by County.pdf
2026-02-25 11:39:01,395 INFO [depth=4] Crawling: http://www.elections.maryland.gov/press_room/2024_stats/SPG25/Absentees Sent and Returned by County.xlsx
2026-02-25 11:39:02,417 INFO [depth=4] Crawling: http://www.elections.maryland.gov/press_room/2024_stats/SPG25/Absentees Sent and Returned by Congressional.pdf
2026-02-25 11:39:03,553 INFO [depth=4] Crawling: http://www.elections.maryland.gov/press_room/2024_stats/SPG25/Absentees Sent and Returned by Congressional.xlsx
2026-02-25 11:39:04,567 INFO [depth=4] Crawling: http://www.elections.maryland.gov/press_room/2024_stats/SPG25/Absentees Sent and Returned by Legislative.pdf
2026-02-25 11:39:05,883 INFO [depth=4] Crawling: http://www.elections.maryland.gov/press_room/2024_stats/SPG25/Absentees Sent and Returned by Legislative.xlsx
2026-02-25 11:39:06,864 INFO [depth=4] Crawling: http://www.elections.maryland.gov/press_room/2024_stats/SPG25/Eligible Active Voters by County - SPG25.pdf
2026-02-25 11:39:08,202 INFO [depth=4] Crawling: http://www.elections.maryland.gov/press_room/2024_stats/SPG25/Eligible Active Voters by Congressional - SPG25.pdf
2026-02-25 11:39:09,844 INFO [depth=4] Crawling: http://www.elections.maryland.gov/press_room/2024_stats/SPG25/Eligible Active Voters by Legislative - SPG25.pdf
2026-02-25 11:39:11,209 INFO [depth=4] Crawling: http://www.elections.maryland.gov/press_room/2024_stats/SPG25/Eligible Active Voters by Councilmanic - SPG25.pdf
2026-02-25 11:39:12,436 INFO [depth=4] Crawling: http://www.elections.maryland.gov/press_room/2024_stats/SPG25/Eligible Active Voters by County - SPG25.xlsx
2026-02-25 11:39:13,499 INFO [depth=4] Crawling: http://www.elections.maryland.gov/press_room/2024_stats/SPG25/Eligible Active Voters by Congressional - SPG25.xlsx
2026-02-25 11:39:14,436 INFO [depth=4] Crawling: http://www.elections.maryland.gov/press_room/2024_stats/SPG25/Eligible Active Voters by Legislative - SPG25.xlsx
2026-02-25 11:39:15,362 INFO [depth=4] Crawling: http://www.elections.maryland.gov/press_room/2024_stats/SPG25/Eligible Active Voters by Councilmanic - SPG25.xlsx
2026-02-25 11:39:16,453 INFO [depth=4] Crawling: http://www.elections.maryland.gov/press_room/2024_stats/SPG25/Eligible Inactive Voters - SPG25.pdf
2026-02-25 11:39:17,820 INFO [depth=4] Crawling: http://www.elections.maryland.gov/press_room/2024_stats/SPG25/Eligible Inactive Voters - SPG25.xlsx
2026-02-25 11:39:18,788 INFO [depth=4] Crawling: http://www.elections.maryland.gov/press_room/2024_stats/SPG25/EarlyVoting by Congressional District.pdf
2026-02-25 11:39:20,001 INFO [depth=4] Crawling: http://www.elections.maryland.gov/press_room/2024_stats/SPG25/EarlyVoting  by Legislative District.pdf
2026-02-25 11:39:21,298 INFO [depth=4] Crawling: http://www.elections.maryland.gov/press_room/2024_stats/SPG25/EarlyVoting  by Councilmanic District.pdf
2026-02-25 11:39:22,703 INFO [depth=4] Crawling: http://www.elections.maryland.gov/press_room/2024_stats/SPG25/EarlyVoting by County.pdf
2026-02-25 11:39:25,062 INFO [depth=4] Crawling: http://www.elections.maryland.gov/press_room/2024_stats/SPG25/EarlyVoting  by Party.pdf
2026-02-25 11:39:26,252 INFO [depth=4] Crawling: http://www.elections.maryland.gov/press_room/2024_stats/SPG25/EarlyVoting  by Location.pdf
2026-02-25 11:39:27,768 INFO [depth=4] Crawling: http://www.elections.maryland.gov/press_room/2024_stats/SPG25/EarlyVoting RAW data.csv
2026-02-25 11:39:28,862 INFO [depth=4] Crawling: http://www.elections.maryland.gov/press_room/2024_stats/SPG25/SameDayRegistration by Congressional District.pdf
2026-02-25 11:39:30,029 INFO [depth=4] Crawling: http://www.elections.maryland.gov/press_room/2024_stats/SPG25/SameDayRegistration by Legislative District.pdf
2026-02-25 11:39:31,173 INFO [depth=4] Crawling: http://www.elections.maryland.gov/press_room/2024_stats/SPG25/SameDayRegistration by Councilmanic District.pdf
2026-02-25 11:39:32,418 INFO [depth=4] Crawling: http://www.elections.maryland.gov/press_room/2024_stats/SPG25/SameDayRegistration by County.pdf
2026-02-25 11:39:33,570 INFO [depth=4] Crawling: http://www.elections.maryland.gov/press_room/2024_stats/SPG25/SameDayRegistration by Party.pdf
2026-02-25 11:39:34,796 INFO [depth=4] Crawling: http://www.elections.maryland.gov/press_room/2024_stats/SPG25/SameDayRegistration by Location.pdf
2026-02-25 11:39:35,959 INFO [depth=4] Crawling: http://www.elections.maryland.gov/press_room/2024_stats/SPG25/SameDayRegistration RAW data.csv
2026-02-25 11:39:36,929 INFO [depth=4] Crawling: http://www.elections.maryland.gov/press_room/2024_stats/SPP25/Official by Party and County.pdf
2026-02-25 11:39:38,303 INFO [depth=4] Crawling: http://www.elections.maryland.gov/press_room/2024_stats/SPP25/Official by Party and County.xlsx
2026-02-25 11:39:39,257 INFO [depth=4] Crawling: http://www.elections.maryland.gov/press_room/2024_stats/SPP25/Official by Party and Congressional.pdf
2026-02-25 11:39:40,529 INFO [depth=4] Crawling: http://www.elections.maryland.gov/press_room/2024_stats/SPP25/Official by Party and Congressional.xlsx
2026-02-25 11:39:41,519 INFO [depth=4] Crawling: http://www.elections.maryland.gov/press_room/2024_stats/SPP25/Official by Party and Legislative.pdf
2026-02-25 11:39:42,668 INFO [depth=4] Crawling: http://www.elections.maryland.gov/press_room/2024_stats/SPP25/Official by Party and Legislative.xlsx
2026-02-25 11:39:43,680 INFO [depth=4] Crawling: http://www.elections.maryland.gov/press_room/2024_stats/SPP25/Official by Party and Precinct.csv
2026-02-25 11:39:44,673 INFO [depth=4] Crawling: http://www.elections.maryland.gov/press_room/2024_stats/SPP25/Official_CountyAndCanvass.pdf
2026-02-25 11:39:45,938 INFO [depth=4] Crawling: http://www.elections.maryland.gov/press_room/2024_stats/SPP25/Official_VotesAcceptedBy_CountyAndCanvass.pdf
2026-02-25 11:39:47,251 INFO [depth=4] Crawling: http://www.elections.maryland.gov/press_room/2024_stats/SPP25/Official Vote-By-Mail Voting(NEW).pdf
2026-02-25 11:39:48,445 INFO [depth=4] Crawling: http://www.elections.maryland.gov/press_room/2024_stats/SPP25/Official Provisional Voting.pdf
2026-02-25 11:39:50,001 INFO [depth=4] Crawling: http://www.elections.maryland.gov/press_room/2024_stats/SPP25/Mail-in Ballot Request Counts with Chart.pdf
2026-02-25 11:39:51,152 INFO [depth=4] Crawling: http://www.elections.maryland.gov/press_room/2024_stats/SPP25/Mail-in Ballot Request Counts with Chart.xlsx
2026-02-25 11:39:52,103 INFO [depth=4] Crawling: http://www.elections.maryland.gov/press_room/2024_stats/SPP25/Absentees Sent and Returned by County.pdf
2026-02-25 11:39:53,343 INFO [depth=4] Crawling: http://www.elections.maryland.gov/press_room/2024_stats/SPP25/Absentees Sent and Returned by County.xlsx
2026-02-25 11:39:54,320 INFO [depth=4] Crawling: http://www.elections.maryland.gov/press_room/2024_stats/SPP25/Absentees Sent and Returned by Congressional.pdf
2026-02-25 11:39:55,654 INFO [depth=4] Crawling: http://www.elections.maryland.gov/press_room/2024_stats/SPP25/Absentees Sent and Returned by Congressional.xlsx
2026-02-25 11:39:56,705 INFO [depth=4] Crawling: http://www.elections.maryland.gov/press_room/2024_stats/SPP25/Absentees Sent and Returned by Legislative.pdf
2026-02-25 11:39:57,990 INFO [depth=4] Crawling: http://www.elections.maryland.gov/press_room/2024_stats/SPP25/Absentees Sent and Returned by Legislative.xlsx
2026-02-25 11:39:59,012 INFO [depth=4] Crawling: http://www.elections.maryland.gov/press_room/2024_stats/SPP25/Eligible Active Voters by County - SPP25.pdf
2026-02-25 11:40:00,180 INFO [depth=4] Crawling: http://www.elections.maryland.gov/press_room/2024_stats/SPP25/Eligible Active Voters by Congressional - SPP25.pdf
2026-02-25 11:40:01,421 INFO [depth=4] Crawling: http://www.elections.maryland.gov/press_room/2024_stats/SPP25/Eligible Active Voters by Legislative - SPP25.pdf
2026-02-25 11:40:02,819 INFO [depth=4] Crawling: http://www.elections.maryland.gov/press_room/2024_stats/SPP25/Eligible Active Voters by Councilmanic - SPP25.pdf
2026-02-25 11:40:04,115 INFO [depth=4] Crawling: http://www.elections.maryland.gov/press_room/2024_stats/SPP25/Eligible Active Voters by County - SPP25.xlsx
2026-02-25 11:40:05,269 INFO [depth=4] Crawling: http://www.elections.maryland.gov/press_room/2024_stats/SPP25/Eligible Active Voters by Congressional - SPP25.xlsx
2026-02-25 11:40:06,372 INFO [depth=4] Crawling: http://www.elections.maryland.gov/press_room/2024_stats/SPP25/Eligible Active Voters by Legislative - SPP25.xlsx
2026-02-25 11:40:07,423 INFO [depth=4] Crawling: http://www.elections.maryland.gov/press_room/2024_stats/SPP25/Eligible Active Voters by Councilmanic - SPP25.xlsx
2026-02-25 11:40:08,345 INFO [depth=4] Crawling: http://www.elections.maryland.gov/press_room/2024_stats/SPP25/Eligible Inactive Voters - SPP25.pdf
2026-02-25 11:40:09,659 INFO [depth=4] Crawling: http://www.elections.maryland.gov/press_room/2024_stats/SPP25/Eligible Inactive Voters - SPP25.xlsx
2026-02-25 11:40:10,751 INFO [depth=4] Crawling: http://www.elections.maryland.gov/press_room/2024_stats/SPP25/EarlyVoting by Congressional District.pdf
2026-02-25 11:40:11,916 INFO [depth=4] Crawling: http://www.elections.maryland.gov/press_room/2024_stats/SPP25/EarlyVoting  by Legislative District.pdf
2026-02-25 11:40:13,438 INFO [depth=4] Crawling: http://www.elections.maryland.gov/press_room/2024_stats/SPP25/EarlyVoting  by Councilmanic District.pdf
2026-02-25 11:40:14,725 INFO [depth=4] Crawling: http://www.elections.maryland.gov/press_room/2024_stats/SPP25/EarlyVoting by County.pdf
2026-02-25 11:40:16,124 INFO [depth=4] Crawling: http://www.elections.maryland.gov/press_room/2024_stats/SPP25/EarlyVoting  by Party.pdf
2026-02-25 11:40:17,595 INFO [depth=4] Crawling: http://www.elections.maryland.gov/press_room/2024_stats/SPP25/EarlyVoting  by Location.pdf
2026-02-25 11:40:19,138 INFO [depth=4] Crawling: http://www.elections.maryland.gov/press_room/2024_stats/SPP25/EarlyVoting RAW data.csv
2026-02-25 11:40:20,462 INFO [depth=4] Crawling: http://www.elections.maryland.gov/press_room/2024_stats/SPP25/SameDayRegistration by Congressional District.pdf
2026-02-25 11:40:21,756 INFO [depth=4] Crawling: http://www.elections.maryland.gov/press_room/2024_stats/SPP25/SameDayRegistration by Legislative District.pdf
2026-02-25 11:40:22,995 INFO [depth=4] Crawling: http://www.elections.maryland.gov/press_room/2024_stats/SPP25/SameDayRegistration by Councilmanic District.pdf
2026-02-25 11:40:24,349 INFO [depth=4] Crawling: http://www.elections.maryland.gov/press_room/2024_stats/SPP25/SameDayRegistration by County.pdf
2026-02-25 11:40:25,590 INFO [depth=4] Crawling: http://www.elections.maryland.gov/press_room/2024_stats/SPP25/SameDayRegistration by Party.pdf
2026-02-25 11:40:26,721 INFO [depth=4] Crawling: http://www.elections.maryland.gov/press_room/2024_stats/SPP25/SameDayRegistration by Location.pdf
2026-02-25 11:40:28,263 INFO [depth=4] Crawling: http://www.elections.maryland.gov/press_room/2024_stats/SPP25/SameDayRegistration RAW data.csv
2026-02-25 11:40:29,461 INFO [depth=4] Crawling: http://www.elections.maryland.gov/press_room/documents/Electoral Vote Final 12.17.24.pdf
2026-02-25 11:40:30,712 INFO [depth=4] Crawling: http://www.elections.maryland.gov/press_room/documents/post election media availability 11-9-2024.pdf
2026-02-25 11:40:31,894 INFO [depth=4] Crawling: http://www.elections.maryland.gov/press_room/documents/Administrador de Elecciones en Maryland tendra encuentro con medios_SP_11.2024.pdf
2026-02-25 11:40:33,067 INFO [depth=4] Crawling: http://www.elections.maryland.gov/press_room/documents/SBE Statement Cerification Process 11_8_24.pdf
2026-02-25 11:40:34,326 INFO [depth=4] Crawling: http://www.elections.maryland.gov/press_room/documents/Statement by the State Administrator of Elections_SP_11.2024.pdf
2026-02-25 11:40:36,018 INFO [depth=4] Crawling: http://www.elections.maryland.gov/press_room/documents/mail-in ballot canvass continues 11 2024 final.pdf
2026-02-25 11:40:37,393 INFO [depth=4] Crawling: http://www.elections.maryland.gov/press_room/2024_stats/BMD misinformation 11.4.2024.pdf
2026-02-25 11:40:38,660 INFO [depth=4] Crawling: http://www.elections.maryland.gov/press_room/documents/Declaracion sobre informacion incorrecta sobre dispositivo de marcado de papeletas_SP_11.2024.pdf
2026-02-25 11:40:39,949 INFO [depth=4] Crawling: http://www.elections.maryland.gov/press_room/documents/Election Day Tomorrow 11.4.24.pdf
2026-02-25 11:40:41,407 INFO [depth=4] Crawling: http://www.elections.maryland.gov/press_room/documents/MaÃ±ana, 5 de noviembre, es el Dia de las Elecciones_SP_11.2024.pdf
2026-02-25 11:40:41,972 INFO HTTP 404 — marking failed: http://www.elections.maryland.gov/press_room/documents/MaÃ±ana, 5 de noviembre, es el Dia de las Elecciones_SP_11.2024.pdf
2026-02-25 11:40:41,974 INFO [depth=4] Crawling: http://www.elections.maryland.gov/press_room/documents/2024 election hero day 11 4 2024 final.pdf
2026-02-25 11:40:43,187 INFO [depth=4] Crawling: http://www.elections.maryland.gov/press_room/2024_stats/SBE Honra a Trabajadores Electorales en el Dia del Heroe Electoral_SP_11.2024.pdf
2026-02-25 11:40:44,379 INFO [depth=4] Crawling: http://www.elections.maryland.gov/press_room/documents/2024 EV Ends.pdf
2026-02-25 11:40:45,746 INFO [depth=4] Crawling: http://www.elections.maryland.gov/press_room/documents/VotaciÃ³n Anticipada Finaliza 31 Octubre en Elecciones Generales_SP_10.2024.pdf
2026-02-25 11:40:46,214 INFO HTTP 404 — marking failed: http://www.elections.maryland.gov/press_room/documents/VotaciÃ³n Anticipada Finaliza 31 Octubre en Elecciones Generales_SP_10.2024.pdf
2026-02-25 11:40:46,215 INFO [depth=4] Crawling: http://www.elections.maryland.gov/press_room/documents/2024 general ballot request deadline 10 2024 FINAL.pdf
2026-02-25 11:40:47,506 INFO [depth=4] Crawling: http://www.elections.maryland.gov/press_room/documents/Queda Poco Tiempo para Solicitar una Papeleta de Voto por Correo_SP_10.2024.pdf
2026-02-25 11:40:48,775 INFO [depth=4] Crawling: http://www.elections.maryland.gov/press_room/documents/2024 general early voting reminder 10 2024.pdf
2026-02-25 11:40:50,197 INFO [depth=4] Crawling: http://www.elections.maryland.gov/press_room/documents/Votacion Anticipada en Persona Comienza el Jueves 24 de Octubre_SP_10.2024.pdf
2026-02-25 11:40:51,476 INFO [depth=4] Crawling: http://www.elections.maryland.gov/press_room/documents/2024 General MIB Canvass 10.14.2024.pdf
2026-02-25 11:40:52,602 INFO [depth=4] Crawling: http://www.elections.maryland.gov/press_room/documents/Maryland Comienza Escrutinio de Papeletas de Voto por Correo_SP_10.2024.pdf
2026-02-25 11:40:53,796 INFO [depth=4] Crawling: http://www.elections.maryland.gov/press_room/documents/SBE cyber awareness 2024 (002).pdf
2026-02-25 11:40:55,206 INFO [depth=4] Crawling: http://www.elections.maryland.gov/press_room/documents/PR MD SBE advierte a electores sobre difusiÃ³n de informacion falsa sobre el registro electoral_10.2024.pdf
2026-02-25 11:40:55,653 INFO HTTP 404 — marking failed: http://www.elections.maryland.gov/press_room/documents/PR MD SBE advierte a electores sobre difusiÃ³n de informacion falsa sobre el registro electoral_10.2024.pdf
2026-02-25 11:40:55,653 INFO [depth=4] Crawling: http://www.elections.maryland.gov/press_room/documents/Notice of Statewide Canvass Dates PG24.pdf
2026-02-25 11:40:56,934 INFO [depth=4] Crawling: http://www.elections.maryland.gov/press_room/documents/SBE 2024 general advance registration deadline.pdf
2026-02-25 11:40:58,203 INFO [depth=4] Crawling: http://www.elections.maryland.gov/press_room/documents/PR Fecha limite para el registro anticipado de votantes es el 15 de octubre_SP_10.2024.pdf
2026-02-25 11:40:59,684 INFO [depth=4] Crawling: http://www.elections.maryland.gov/press_room/documents/SBE domestic violence awareness 2024 FINAL.pdf
2026-02-25 11:41:01,256 INFO [depth=4] Crawling: http://www.elections.maryland.gov/press_room/documents/PR SBE recuerda importancia de programas de confidencialidad del votante en MD_SP_10.2024.pdf
2026-02-25 11:41:02,480 INFO [depth=4] Crawling: http://www.elections.maryland.gov/press_room/documents/SBE Election Judge Statement_FINAL (1).pdf
2026-02-25 11:41:03,940 INFO [depth=4] Crawling: http://www.elections.maryland.gov/press_room/documents/Declaracion del Administrador de MD SBE Jared DeMarinis sobre reclutamiento y asignaciÃ³n de jueces electorales.pdf
2026-02-25 11:41:04,426 INFO HTTP 404 — marking failed: http://www.elections.maryland.gov/press_room/documents/Declaracion del Administrador de MD SBE Jared DeMarinis sobre reclutamiento y asignaciÃ³n de jueces electorales.pdf
2026-02-25 11:41:04,428 INFO [depth=4] Crawling: http://www.elections.maryland.gov/press_room/documents/SBE general election 3 ways to vote.pdf
2026-02-25 11:41:05,701 INFO [depth=4] Crawling: http://www.elections.maryland.gov/press_room/documents/PR_SBE informa fechas limite e informacion clave para Elecciones Generales 2024_SP_9.2024.pdf
2026-02-25 11:41:06,896 INFO [depth=4] Crawling: http://www.elections.maryland.gov/press_room/Election Judges for PG2024.pdf
2026-02-25 11:41:08,286 INFO [depth=4] Crawling: http://www.elections.maryland.gov/press_room/documents/SBE mail in ballot dopbox install 9 19 2024 FINAL.pdf
2026-02-25 11:41:09,569 INFO [depth=4] Crawling: http://www.elections.maryland.gov/press_room/documents/PR_SBE Mas de 660,000 papeletas de voto estan siendo enviadas a electores de Maryland_SP_9.2024.pdf
2026-02-25 11:41:10,804 INFO [depth=4] Crawling: http://www.elections.maryland.gov/press_room/documents/SBE national voter registration day 2024_FINAL.pdf
2026-02-25 11:41:11,989 INFO [depth=4] Crawling: http://www.elections.maryland.gov/press_room/documents/SBE_PR MD SBE Invita a los Electores a Registrarse para Votar_SP_9.2024.pdf
2026-02-25 11:41:13,323 INFO [depth=4] Crawling: http://www.elections.maryland.gov/press_room/documents/SBE text scam 9 6 24 FINAL.pdf
2026-02-25 11:41:14,645 INFO [depth=4] Crawling: http://www.elections.maryland.gov/press_room/documents/Junta Electoral del Estado de Maryland Advierte sobre Estafas por Texto_SPA_9.2024.pdf
2026-02-25 11:41:15,823 INFO [depth=4] Crawling: http://www.elections.maryland.gov/press_room/documents/SBE General Certified Ballot Review 2024_FINAL.pdf
2026-02-25 11:41:17,062 INFO [depth=4] Crawling: http://www.elections.maryland.gov/press_room/documents/SBE_PR MD SBE Publica Boletas de la Eleccion Presidencial 2024 para Revision_SP_9.2024.pdf
2026-02-25 11:41:18,233 INFO [depth=4] Crawling: http://www.elections.maryland.gov/press_room/documents/SBE National Poll Worker Recruitment Day FINAL.pdf
2026-02-25 11:41:19,390 INFO [depth=4] Crawling: http://www.elections.maryland.gov/press_room/documents/SBE_PR SBE Invita a Marylanders a ser Jueces Electorales en Elecciones_SP_8.2024.pdf
2026-02-25 11:41:20,663 INFO [depth=4] Crawling: http://www.elections.maryland.gov/press_room/documents/PG Special Election Final.pdf
2026-02-25 11:41:21,900 INFO [depth=4] Crawling: http://www.elections.maryland.gov/press_room/documents/SBE_PR PG tendra Eleccion Primaria especial antes de Elecciones Presidenciales 2024_SP_7.2024.pdf
2026-02-25 11:41:23,278 INFO [depth=4] Crawling: http://www.elections.maryland.gov/press_room/documents/Special Primary Ballot Certified 7.6.2024.pdf
2026-02-25 11:41:24,703 INFO [depth=4] Crawling: http://www.elections.maryland.gov/press_room/documents/SBE_PR Certificada la boleta para elecciones primarias especiales del condado PG (1).pdf
2026-02-25 11:41:25,945 INFO [depth=4] Crawling: http://www.elections.maryland.gov/press_room/documents/Certification of Results 6.14.2024 (1).pdf
2026-02-25 11:41:27,204 INFO [depth=4] Crawling: http://www.elections.maryland.gov/press_room/documents/SBE_PR Junta Estatal de Conteo de Votos Certifica Resultados de las Elecciones Federales y Estatales.pdf
2026-02-25 11:41:28,523 INFO [depth=4] Crawling: http://www.elections.maryland.gov/press_room/documents/PG County Release.pdf
2026-02-25 11:41:30,023 INFO [depth=4] Crawling: http://www.elections.maryland.gov/press_room/documents/SBE_PR Junta Electoral del Condado de Prince George's Recertifica Resultados Luego de Discrepancia.pdf
2026-02-25 11:41:30,564 INFO HTTP 404 — marking failed: http://www.elections.maryland.gov/press_room/documents/SBE_PR Junta Electoral del Condado de Prince George's Recertifica Resultados Luego de Discrepancia.pdf
2026-02-25 11:41:30,565 INFO [depth=4] Crawling: http://www.elections.maryland.gov/press_room/documents/Vote Discrepancy Release FINAL.pdf
2026-02-25 11:41:31,811 INFO [depth=4] Crawling: http://www.elections.maryland.gov/press_room/documents/SBE Junta Electoral de Ciudad de Baltimore Actualizan Informacion sobre Diferencia de Votos.pdf
2026-02-25 11:41:32,996 INFO [depth=4] Crawling: http://www.elections.maryland.gov/press_room/documents/Election Results Baltimore City Final .pdf
2026-02-25 11:41:34,196 INFO [depth=4] Crawling: http://www.elections.maryland.gov/press_room/documents/SBE Maryland Comienza las Auditorias de los Resultados de las Elecciones.pdf
2026-02-25 11:41:35,616 INFO [depth=4] Crawling: http://www.elections.maryland.gov/press_room/documents/primary election schedule results 2024.pdf
2026-02-25 11:41:36,886 INFO [depth=4] Crawling: http://www.elections.maryland.gov/press_room/documents/SBE_PR_Junta Electoral de Maryland Presenta Programa de PublicaciÃ³n de Resultados de las Elecciones.pdf
2026-02-25 11:41:37,418 INFO HTTP 404 — marking failed: http://www.elections.maryland.gov/press_room/documents/SBE_PR_Junta Electoral de Maryland Presenta Programa de PublicaciÃ³n de Resultados de las Elecciones.pdf
2026-02-25 11:41:37,420 INFO [depth=4] Crawling: http://www.elections.maryland.gov/press_room/documents/Primary Election Day is Tomorrow FINAL (1).pdf
2026-02-25 11:41:38,876 INFO [depth=4] Crawling: http://www.elections.maryland.gov/press_room/documents/SBE_PR_Manana 14 de mayo es el Dia de la Eleccion Primaria Presidencial en Maryland.pdf
2026-02-25 11:41:40,029 INFO [depth=4] Crawling: http://www.elections.maryland.gov/press_room/documents/2024 Voter Intimidation Guidance Memo.pdf
2026-02-25 11:41:41,319 INFO [depth=4] Crawling: http://www.elections.maryland.gov/press_room/documents/Early Voting Ends Tomorrow.FINAL.pdf
2026-02-25 11:41:42,556 INFO [depth=4] Crawling: http://www.elections.maryland.gov/press_room/documents/El 9 de Mayo es el Ultimo Dia de Votacion Anticipada para las Elecciones Primarias de Maryland.pdf
2026-02-25 11:41:44,138 INFO [depth=4] Crawling: http://www.elections.maryland.gov/press_room/documents/Candidate Withdrawl Release_Final.pdf
2026-02-25 11:41:45,599 INFO [depth=4] Crawling: http://www.elections.maryland.gov/press_room/documents/SBE Explica Como se Procesan las Boletas Entregadas Antes que un Candidato Retire su Candidatura.pdf
2026-02-25 11:41:47,234 INFO [depth=4] Crawling: http://www.elections.maryland.gov/press_room/documents/mail in ballot deadline primary 2024 final.pdf
2026-02-25 11:41:48,496 INFO [depth=4] Crawling: http://www.elections.maryland.gov/press_room/documents/SBE Se Acerca la Fecha Para Solicitar su Boleta de Voto por Correo.pdf
2026-02-25 11:41:49,820 INFO [depth=4] Crawling: http://www.elections.maryland.gov/press_room/documents/SBE primary voter registration in person FINAL.pdf
2026-02-25 11:41:51,229 INFO [depth=4] Crawling: http://www.elections.maryland.gov/press_room/documents/SBE Recuerda a Mayrlanders Sobre las Tres Formas de Votar en la Primaria.pdf
2026-02-25 11:41:53,046 INFO [depth=4] Crawling: http://www.elections.maryland.gov/press_room/documents/Maryland State Board of Elections Statement on Election Lawsuit 4 22 24.pdf
2026-02-25 11:41:55,095 INFO [depth=4] Crawling: http://www.elections.maryland.gov/press_room/documents/SBE_Junta Electoral de Maryland Realizo Presentacion a la Corte por Demanda Contra la ElecciÃ³n.pdf
2026-02-25 11:41:55,495 INFO HTTP 404 — marking failed: http://www.elections.maryland.gov/press_room/documents/SBE_Junta Electoral de Maryland Realizo Presentacion a la Corte por Demanda Contra la ElecciÃ³n.pdf
2026-02-25 11:41:55,496 INFO [depth=4] Crawling: http://www.elections.maryland.gov/press_room/documents/SBE Statement 4_9_24.pdf
2026-02-25 11:41:56,660 INFO [depth=4] Crawling: http://www.elections.maryland.gov/press_room/documents/SBE_PR_Firma de la ley de proteccion de los funcionarios electorales de 2024.pdf
2026-02-25 11:41:58,025 INFO [depth=4] Crawling: http://www.elections.maryland.gov/press_room/documents/SBE Key Primary Dates Press Release FINAL_ (1).pdf
2026-02-25 11:41:59,453 INFO [depth=4] Crawling: http://www.elections.maryland.gov/press_room/documents/SBE_PR_Fechas Clave Eleccion Primaria 2024.pdf
2026-02-25 11:42:00,971 INFO [depth=4] Crawling: http://www.elections.maryland.gov/press_room/documents/First Ballots Mailed Release3_29_w edits.pdf
2026-02-25 11:42:02,519 INFO [depth=4] Crawling: http://www.elections.maryland.gov/press_room/documents/SBE_PR_SBE Anuncia 600,000 Personas Solicitan Boletas Eleccion Primaria 2024.pdf
2026-02-25 11:42:03,827 INFO [depth=4] Crawling: http://www.elections.maryland.gov/press_room/documents/SBE Campaign Launch Release FINAL .pdf
2026-02-25 11:42:05,101 INFO [depth=4] Crawling: http://www.elections.maryland.gov/press_room/documents/SBE_Lanzamiento Campana Elecciones Primarias 2024.pdf
2026-02-25 11:42:06,323 INFO [depth=4] Crawling: http://www.elections.maryland.gov/press_room/documents/SBE Ballot Review FINAL.pdf
2026-02-25 11:42:07,516 INFO [depth=4] Crawling: http://www.elections.maryland.gov/press_room/documents/Resignation of Board Member Carlos Ayala.pdf
2026-02-25 11:42:09,157 INFO [depth=4] Crawling: http://www.elections.maryland.gov/press_room/2024_stats/PG24/EOC Report _ 2024 SBE Maryland General Election.pdf
2026-02-25 11:42:10,553 INFO [depth=4] Crawling: http://www.elections.maryland.gov/press_room/2024_stats/PG24/Official by Party and County.pdf
2026-02-25 11:42:11,820 INFO [depth=4] Crawling: http://www.elections.maryland.gov/press_room/2024_stats/PG24/Official by Party and County.xlsx
2026-02-25 11:42:13,039 INFO [depth=4] Crawling: http://www.elections.maryland.gov/press_room/2024_stats/PG24/Official by Party and Congressional.pdf
2026-02-25 11:42:14,346 INFO [depth=4] Crawling: http://www.elections.maryland.gov/press_room/2024_stats/PG24/Official by Party and Congressional.xlsx
2026-02-25 11:42:15,446 INFO [depth=4] Crawling: http://www.elections.maryland.gov/press_room/2024_stats/PG24/Official by Party and Legislative.pdf
2026-02-25 11:42:16,793 INFO [depth=4] Crawling: http://www.elections.maryland.gov/press_room/2024_stats/PG24/Official by Party and Legislative.xlsx
2026-02-25 11:42:17,845 INFO [depth=4] Crawling: http://www.elections.maryland.gov/press_room/2024_stats/PG24/Official by Party and Precinct.csv
2026-02-25 11:42:18,947 INFO [depth=4] Crawling: http://www.elections.maryland.gov/press_room/2024_stats/PG24/Official_CountyAndCanvass.pdf
2026-02-25 11:42:20,246 INFO [depth=4] Crawling: http://www.elections.maryland.gov/press_room/2024_stats/PG24/Official_VotesAcceptedBy_CountyAndCanvass.pdf
2026-02-25 11:42:21,553 INFO [depth=4] Crawling: http://www.elections.maryland.gov/press_room/2024_stats/PG24/Official Vote-By-Mail Voting(NEW).pdf
2026-02-25 11:42:23,010 INFO [depth=4] Crawling: http://www.elections.maryland.gov/press_room/2024_stats/PG24/Official Provisional Voting.pdf
2026-02-25 11:42:24,278 INFO [depth=4] Crawling: http://www.elections.maryland.gov/press_room/2024_stats/PG24/Mail-in Ballot Request Counts with Chart.pdf
2026-02-25 11:42:25,531 INFO [depth=4] Crawling: http://www.elections.maryland.gov/press_room/2024_stats/PG24/Mail-in Ballot Request Counts with Chart.xlsx
2026-02-25 11:42:26,564 INFO [depth=4] Crawling: http://www.elections.maryland.gov/press_room/2024_stats/PG24/Absentees Sent and Returned by County.pdf
2026-02-25 11:42:27,956 INFO [depth=4] Crawling: http://www.elections.maryland.gov/press_room/2024_stats/PG24/Absentees Sent and Returned by County.xlsx
2026-02-25 11:42:28,989 INFO [depth=4] Crawling: http://www.elections.maryland.gov/press_room/2024_stats/PG24/Absentees Sent and Returned by Congressional.pdf
2026-02-25 11:42:30,295 INFO [depth=4] Crawling: http://www.elections.maryland.gov/press_room/2024_stats/PG24/Absentees Sent and Returned by Congressional.xlsx
2026-02-25 11:42:31,290 INFO [depth=4] Crawling: http://www.elections.maryland.gov/press_room/2024_stats/PG24/Absentees Sent and Returned by Legislative.pdf
2026-02-25 11:42:32,635 INFO [depth=4] Crawling: http://www.elections.maryland.gov/press_room/2024_stats/PG24/Absentees Sent and Returned by Legislative.xlsx
2026-02-25 11:42:33,729 INFO [depth=4] Crawling: http://www.elections.maryland.gov/press_room/2024_stats/PG24/Eligible Inactive Voters - PG24.pdf
2026-02-25 11:42:34,904 INFO [depth=4] Crawling: http://www.elections.maryland.gov/press_room/2024_stats/PG24/Eligible Inactive Voters - PG24.xlsx
2026-02-25 11:42:35,901 INFO [depth=4] Crawling: http://www.elections.maryland.gov/press_room/2024_stats/PG24/EarlyVoting  by Party.pdf
2026-02-25 11:42:37,408 INFO [depth=4] Crawling: http://www.elections.maryland.gov/press_room/2024_stats/PG24/EarlyVoting by Congressional District.pdf
2026-02-25 11:42:38,680 INFO [depth=4] Crawling: http://www.elections.maryland.gov/press_room/2024_stats/PG24/EarlyVoting  by Legislative District.pdf
2026-02-25 11:42:39,918 INFO [depth=4] Crawling: http://www.elections.maryland.gov/press_room/2024_stats/PG24/EarlyVoting  by Councilmanic District.pdf
2026-02-25 11:42:41,460 INFO [depth=4] Crawling: http://www.elections.maryland.gov/press_room/2024_stats/PG24/EarlyVoting by County.pdf
2026-02-25 11:42:43,213 INFO [depth=4] Crawling: http://www.elections.maryland.gov/press_room/2024_stats/PG24/EarlyVoting  by Location.pdf
2026-02-25 11:42:44,436 INFO [depth=4] Crawling: http://www.elections.maryland.gov/press_room/2024_stats/PG24/EarlyVoting RAW data.csv
2026-02-25 11:42:45,467 INFO [depth=4] Crawling: http://www.elections.maryland.gov/press_room/2024_stats/PG24/SameDayRegistration by Party.pdf
2026-02-25 11:42:46,659 INFO [depth=4] Crawling: http://www.elections.maryland.gov/press_room/2024_stats/PG24/SameDayRegistration by Congressional District.pdf
2026-02-25 11:42:47,962 INFO [depth=4] Crawling: http://www.elections.maryland.gov/press_room/2024_stats/PG24/SameDayRegistration by Legislative District.pdf
2026-02-25 11:42:49,381 INFO [depth=4] Crawling: http://www.elections.maryland.gov/press_room/2024_stats/PG24/SameDayRegistration by Councilmanic District.pdf
2026-02-25 11:42:50,679 INFO [depth=4] Crawling: http://www.elections.maryland.gov/press_room/2024_stats/PG24/SameDayRegistration by County.pdf
2026-02-25 11:42:52,495 INFO [depth=4] Crawling: http://www.elections.maryland.gov/press_room/2024_stats/PG24/SameDayRegistration by Location.pdf
2026-02-25 11:42:53,814 INFO [depth=4] Crawling: http://www.elections.maryland.gov/press_room/2024_stats/PG24/SameDayRegistration RAW data.csv
2026-02-25 11:42:55,122 INFO [depth=4] Crawling: http://www.elections.maryland.gov/press_room/2024_stats/Official by Party and County.pdf
2026-02-25 11:42:56,355 INFO [depth=4] Crawling: http://www.elections.maryland.gov/press_room/2024_stats/Official by Party and County.xlsx
2026-02-25 11:42:57,373 INFO [depth=4] Crawling: http://www.elections.maryland.gov/press_room/2024_stats/Official by Party and Congressional.pdf
2026-02-25 11:42:58,647 INFO [depth=4] Crawling: http://www.elections.maryland.gov/press_room/2024_stats/Official by Party and Congressional.xlsx
2026-02-25 11:42:59,788 INFO [depth=4] Crawling: http://www.elections.maryland.gov/press_room/2024_stats/Official by Party and Legislative.pdf
2026-02-25 11:43:01,272 INFO [depth=4] Crawling: http://www.elections.maryland.gov/press_room/2024_stats/Official by Party and Legislative.xlsx
2026-02-25 11:43:02,236 INFO [depth=4] Crawling: http://www.elections.maryland.gov/press_room/2024_stats/Official by Party and Precinct.csv
2026-02-25 11:43:03,627 INFO [depth=4] Crawling: http://www.elections.maryland.gov/press_room/2024_stats/Official_CountyAndCanvass.pdf
2026-02-25 11:43:04,922 INFO [depth=4] Crawling: http://www.elections.maryland.gov/press_room/2024_stats/Official_VotesAcceptedBy_CountyAndCanvass.pdf
2026-02-25 11:43:06,299 INFO [depth=4] Crawling: http://www.elections.maryland.gov/press_room/2024_stats/Official Vote-By-Mail Voting(NEW).pdf
2026-02-25 11:43:07,606 INFO [depth=4] Crawling: http://www.elections.maryland.gov/press_room/2024_stats/Official Provisional Voting.pdf
2026-02-25 11:43:08,879 INFO [depth=4] Crawling: http://www.elections.maryland.gov/press_room/2024_stats/Mail-in Ballot Request Counts with Chart.pdf
2026-02-25 11:43:10,112 INFO [depth=4] Crawling: http://www.elections.maryland.gov/press_room/2024_stats/Mail-in Ballot Request Counts with Chart.xlsx
2026-02-25 11:43:11,114 INFO [depth=4] Crawling: http://www.elections.maryland.gov/press_room/2024_stats/Absentees Sent and Returned by County.pdf
2026-02-25 11:43:12,367 INFO [depth=4] Crawling: http://www.elections.maryland.gov/press_room/2024_stats/Absentees Sent and Returned by County.xlsx
2026-02-25 11:43:13,341 INFO [depth=4] Crawling: http://www.elections.maryland.gov/press_room/2024_stats/Absentees Sent and Returned by Congressional.pdf
2026-02-25 11:43:14,794 INFO [depth=4] Crawling: http://www.elections.maryland.gov/press_room/2024_stats/Absentees Sent and Returned by Congressional.xlsx
2026-02-25 11:43:15,783 INFO [depth=4] Crawling: http://www.elections.maryland.gov/press_room/2024_stats/Absentees Sent and Returned by Legislative.pdf
2026-02-25 11:43:17,046 INFO [depth=4] Crawling: http://www.elections.maryland.gov/press_room/2024_stats/Absentees Sent and Returned by Legislative.xlsx
2026-02-25 11:43:18,020 INFO [depth=4] Crawling: http://www.elections.maryland.gov/press_room/2024_stats/Eligible Inactive Voters - PP24.pdf
2026-02-25 11:43:19,595 INFO [depth=4] Crawling: http://www.elections.maryland.gov/press_room/2024_stats/Eligible Inactive Voters - PP24.xlsx
2026-02-25 11:43:20,738 INFO [depth=4] Crawling: http://www.elections.maryland.gov/press_room/2024_stats/EarlyVoting  by Party.pdf
2026-02-25 11:43:21,959 INFO [depth=4] Crawling: http://www.elections.maryland.gov/press_room/2024_stats/EarlyVoting by Congressional District.pdf
2026-02-25 11:43:23,220 INFO [depth=4] Crawling: http://www.elections.maryland.gov/press_room/2024_stats/EarlyVoting  by Legislative District.pdf
2026-02-25 11:43:24,535 INFO [depth=4] Crawling: http://www.elections.maryland.gov/press_room/2024_stats/EarlyVoting  by Councilmanic District.pdf
2026-02-25 11:43:25,952 INFO [depth=4] Crawling: http://www.elections.maryland.gov/press_room/2024_stats/EarlyVoting by County.pdf
2026-02-25 11:43:27,348 INFO [depth=4] Crawling: http://www.elections.maryland.gov/press_room/2024_stats/EarlyVoting  by Location.pdf
2026-02-25 11:43:30,046 INFO [depth=4] Crawling: http://www.elections.maryland.gov/press_room/2024_stats/EarlyVoting RAW data.csv
2026-02-25 11:43:31,030 INFO [depth=4] Crawling: http://www.elections.maryland.gov/press_room/2024_stats/SameDayRegistration by Party.pdf
2026-02-25 11:43:32,162 INFO [depth=4] Crawling: http://www.elections.maryland.gov/press_room/2024_stats/SameDayRegistration by Congressional District.pdf
2026-02-25 11:43:33,601 INFO [depth=4] Crawling: http://www.elections.maryland.gov/press_room/2024_stats/SameDayRegistration by Legislative District.pdf
2026-02-25 11:43:35,169 INFO [depth=4] Crawling: http://www.elections.maryland.gov/press_room/2024_stats/SameDayRegistration by Councilmanic District.pdf
2026-02-25 11:43:36,374 INFO [depth=4] Crawling: http://www.elections.maryland.gov/press_room/2024_stats/SameDayRegistration by County.pdf
2026-02-25 11:43:37,570 INFO [depth=4] Crawling: http://www.elections.maryland.gov/press_room/2024_stats/SameDayRegistration by Location.pdf
2026-02-25 11:43:38,746 INFO [depth=4] Crawling: http://www.elections.maryland.gov/press_room/2024_stats/SameDayRegistration RAW data.csv
2026-02-25 11:43:39,714 INFO [depth=4] Crawling: http://www.elections.maryland.gov/press_room/2024_stats/2024_primary_election_night_unofficial_turnout.pdf
2026-02-25 11:43:40,956 INFO [depth=4] Crawling: http://www.elections.maryland.gov/press_room/2024_stats/SPP24/Eligible Active Voters by County - SPP24.pdf
2026-02-25 11:43:42,125 INFO [depth=4] Crawling: http://www.elections.maryland.gov/press_room/2024_stats/SPP24/Eligible Active Voters by Congressional - SPP24.pdf
2026-02-25 11:43:43,370 INFO [depth=4] Crawling: http://www.elections.maryland.gov/press_room/2024_stats/SPP24/Eligible Active Voters by Legislative - SPP24.pdf
2026-02-25 11:43:44,602 INFO [depth=4] Crawling: http://www.elections.maryland.gov/press_room/2024_stats/SPP24/Eligible Active Voters by Councilmanic - SPP24.pdf
2026-02-25 11:43:46,221 INFO [depth=4] Crawling: http://www.elections.maryland.gov/press_room/2024_stats/SPP24/Eligible Active Voters by County - SPP24.xlsx
2026-02-25 11:43:47,252 INFO [depth=4] Crawling: http://www.elections.maryland.gov/press_room/2024_stats/SPP24/Eligible Active Voters by Congressional - SPP24.xlsx
2026-02-25 11:43:48,291 INFO [depth=4] Crawling: http://www.elections.maryland.gov/press_room/2024_stats/SPP24/Eligible Active Voters by Legislative - SPP24.xlsx
2026-02-25 11:43:49,400 INFO [depth=4] Crawling: http://www.elections.maryland.gov/press_room/2024_stats/SPP24/Eligible Active Voters by Councilmanic - SPP24.xlsx
2026-02-25 11:43:50,389 INFO [depth=4] Crawling: http://www.elections.maryland.gov/press_room/2024_stats/SPP24/Eligible Inactive Voters - SPP24.pdf
2026-02-25 11:43:51,530 INFO [depth=4] Crawling: http://www.elections.maryland.gov/press_room/2024_stats/SPP24/Eligible Inactive Voters - SPP24.xlsx
2026-02-25 11:43:52,501 INFO [depth=4] Crawling: http://www.elections.maryland.gov/press_room/2024_stats/SPP24/Mail-in Ballot Request Counts with Chart.pdf
2026-02-25 11:43:54,107 INFO [depth=4] Crawling: http://www.elections.maryland.gov/press_room/2024_stats/SPP24/Mail-in Ballot Request Counts with Chart.xlsx
2026-02-25 11:43:55,070 INFO [depth=4] Crawling: http://www.elections.maryland.gov/press_room/2024_stats/SPP24/Absentees Sent and Returned by County.pdf
2026-02-25 11:43:56,325 INFO [depth=4] Crawling: http://www.elections.maryland.gov/press_room/2024_stats/SPP24/Absentees Sent and Returned by County.xlsx
2026-02-25 11:43:57,312 INFO [depth=4] Crawling: http://www.elections.maryland.gov/press_room/2024_stats/SPP24/Absentees Sent and Returned by Congressional.pdf
2026-02-25 11:43:58,588 INFO [depth=4] Crawling: http://www.elections.maryland.gov/press_room/2024_stats/SPP24/Absentees Sent and Returned by Congressional.xlsx
2026-02-25 11:43:59,512 INFO [depth=4] Crawling: http://www.elections.maryland.gov/press_room/2024_stats/SPP24/Absentees Sent and Returned by Legislative.pdf
2026-02-25 11:44:00,688 INFO [depth=4] Crawling: http://www.elections.maryland.gov/press_room/2024_stats/SPP24/Absentees Sent and Returned by Legislative.xlsx
2026-02-25 11:44:01,787 INFO [depth=4] Crawling: http://www.elections.maryland.gov/press_room/2024_stats/SPP24/EarlyVoting  by Party.pdf
2026-02-25 11:44:03,200 INFO [depth=4] Crawling: http://www.elections.maryland.gov/press_room/2024_stats/SPP24/EarlyVoting by Congressional District.pdf
2026-02-25 11:44:04,534 INFO [depth=4] Crawling: http://www.elections.maryland.gov/press_room/2024_stats/SPP24/EarlyVoting  by Legislative District.pdf
2026-02-25 11:44:05,994 INFO [depth=4] Crawling: http://www.elections.maryland.gov/press_room/2024_stats/SPP24/EarlyVoting  by Councilmanic District.pdf
2026-02-25 11:44:07,223 INFO [depth=4] Crawling: http://www.elections.maryland.gov/press_room/2024_stats/SPP24/EarlyVoting by County.pdf
2026-02-25 11:44:08,505 INFO [depth=4] Crawling: http://www.elections.maryland.gov/press_room/2024_stats/SPP24/EarlyVoting  by Location.pdf
2026-02-25 11:44:09,616 INFO [depth=4] Crawling: http://www.elections.maryland.gov/press_room/2024_stats/SPP24/SameDayRegistration by Party.pdf
2026-02-25 11:44:10,891 INFO [depth=4] Crawling: http://www.elections.maryland.gov/press_room/2024_stats/SPP24/SameDayRegistration by Congressional District.pdf
2026-02-25 11:44:12,145 INFO [depth=4] Crawling: http://www.elections.maryland.gov/press_room/2024_stats/SPP24/SameDayRegistration by Legislative District.pdf
2026-02-25 11:44:13,623 INFO [depth=4] Crawling: http://www.elections.maryland.gov/press_room/2024_stats/SPP24/SameDayRegistration by Councilmanic District.pdf
2026-02-25 11:44:14,803 INFO [depth=4] Crawling: http://www.elections.maryland.gov/press_room/2024_stats/SPP24/SameDayRegistration by County.pdf
2026-02-25 11:44:16,254 INFO [depth=4] Crawling: http://www.elections.maryland.gov/press_room/2024_stats/SPP24/SameDayRegistration by Location.pdf
2026-02-25 11:44:17,502 INFO [depth=4] Crawling: http://www.elections.maryland.gov/press_room/documents/SBE_StatementonCommitmentToSafety 11.21.2023.pdf
2026-02-25 11:44:18,682 INFO [depth=4] Crawling: http://www.elections.maryland.gov/press_room/documents/1776 Project Pac.pdf
2026-02-25 11:44:19,896 INFO [depth=4] Crawling: http://www.elections.maryland.gov/press_room/documents/DVAM October 2023 Press Release (1).pdf
2026-02-25 11:44:21,326 INFO [depth=4] Crawling: http://www.elections.maryland.gov/press_room/documents/NVRD 2023 Press Release.pdf
2026-02-25 11:44:22,478 INFO [depth=4] Crawling: http://www.elections.maryland.gov/press_room/documents/New Administrator Press Release 6-8-2023.pdf
2026-02-25 11:44:24,376 INFO [depth=4] Crawling: http://www.elections.maryland.gov/press_room/documents/Press Release-SBE to begin appointment process.pdf
2026-02-25 11:44:25,596 INFO [depth=4] Crawling: http://www.elections.maryland.gov/press_room/documents/14_Federal and Statewide Results Certified.pdf
2026-02-25 11:44:26,879 INFO [depth=4] Crawling: http://www.elections.maryland.gov/press_room/documents/13G_Mail-in ballot deadlines approaching.pdf
2026-02-25 11:44:28,133 INFO [depth=4] Crawling: http://www.elections.maryland.gov/press_room/documents/SBE_07_Mail-in ballot deadlines approaching_SP_10.2022.pdf
2026-02-25 11:44:29,624 INFO [depth=4] Crawling: http://www.elections.maryland.gov/press_room/documents/12G_In Person Early Voting Begins Tomorrow.pdf
2026-02-25 11:44:31,416 INFO [depth=4] Crawling: http://www.elections.maryland.gov/press_room/documents/SBE_06_InPersonEarlyVotingBeginsTomorrow_SP_10.2022.pdf
2026-02-25 11:44:32,669 INFO [depth=4] Crawling: http://www.elections.maryland.gov/press_room/documents/11_Confirm Voter Info.pdf
2026-02-25 11:44:33,873 INFO [depth=4] Crawling: http://www.elections.maryland.gov/press_room/documents/SBE_5_Confirm Voter Info_SP_10.2022.pdf
2026-02-25 11:44:35,052 INFO [depth=4] Crawling: http://www.elections.maryland.gov/press_room/documents/10G_Election Results Schedule.pdf
2026-02-25 11:44:36,480 INFO [depth=4] Crawling: http://www.elections.maryland.gov/press_room/documents/SBE_4_Election Results Schedule_SP_10.2022.pdf
2026-02-25 11:44:37,704 INFO [depth=4] Crawling: http://www.elections.maryland.gov/press_room/documents/09G_Early Voting Election Day Voting Locations 10-12-2022.pdf
2026-02-25 11:44:39,153 INFO [depth=4] Crawling: http://www.elections.maryland.gov/press_room/documents/03_Early Voting Election Day Voting Locations_SP_10.2022.pdf
2026-02-25 11:44:40,577 INFO [depth=4] Crawling: http://www.elections.maryland.gov/press_room/documents/08G_All Ballot Boxes Installed.pdf
2026-02-25 11:44:42,046 INFO [depth=4] Crawling: http://www.elections.maryland.gov/press_room/documents/02_Release_All Ballot Boxes Installed_SP_10.2022.pdf
2026-02-25 11:44:43,316 INFO [depth=4] Crawling: http://www.elections.maryland.gov/press_room/documents/06_St.Mary'sCandidateAnnouncement.pdf
2026-02-25 11:44:44,545 INFO [depth=4] Crawling: http://www.elections.maryland.gov/press_room/documents/03G_Ballots Mailed.pdf
2026-02-25 11:44:46,056 INFO [depth=4] Crawling: http://www.elections.maryland.gov/press_room/documents/02_SBE Announces Key Election Info.pdf
2026-02-25 11:44:47,329 INFO [depth=4] Crawling: http://www.elections.maryland.gov/press_room/documents/SBE_01_ AnnouncesKeyElectionInfo_SP_9.2022.pdf
2026-02-25 11:44:49,004 INFO [depth=4] Crawling: http://www.elections.maryland.gov/press_room/documents/01_Emergency Petition Ruling Statement.pdf
2026-02-25 11:44:50,602 INFO [depth=4] Crawling: http://www.elections.maryland.gov/press_room/documents/011_EmergencyPetition.pdf
2026-02-25 11:44:51,875 INFO [depth=4] Crawling: http://www.elections.maryland.gov/press_room/documents/10_FrederickCountyRescan.pdf
2026-02-25 11:44:52,997 INFO [depth=4] Crawling: http://www.elections.maryland.gov/press_room/documents/ThreeElectionsDeadlinesExtended.pdf
2026-02-25 11:44:54,125 INFO [depth=4] Crawling: http://www.elections.maryland.gov/press_room/documents/7-18-2022_ElectionDayTomorrow.pdf
2026-02-25 11:44:55,322 INFO [depth=4] Crawling: http://www.elections.maryland.gov/press_room/documents/07_FinalDayofEarlyVoting.pdf
2026-02-25 11:44:56,606 INFO [depth=4] Crawling: http://www.elections.maryland.gov/press_room/documents/06_Mail-in Ballot Deadlines 7-11-2022.pdf
2026-02-25 11:44:57,786 INFO [depth=4] Crawling: http://www.elections.maryland.gov/press_room/documents/05_22P_Early Voting.pdf
2026-02-25 11:44:59,357 INFO [depth=4] Crawling: http://www.elections.maryland.gov/press_room/documents/05_SP_Early Voting_SP_7.6.22.pdf
2026-02-25 11:45:00,537 INFO [depth=4] Crawling: http://www.elections.maryland.gov/press_room/documents/RegisterAffiliationAddressDeadline.pdf
2026-02-25 11:45:01,796 INFO [depth=4] Crawling: http://www.elections.maryland.gov/press_room/documents/Mailed_Ballots_Boxes.pdf
2026-02-25 11:45:03,248 INFO [depth=4] Crawling: http://www.elections.maryland.gov/press_room/documents/CISA_Advisory.pdf
2026-02-25 11:45:04,534 INFO [depth=4] Crawling: http://www.elections.maryland.gov/press_room/documents/CISA_Advisory_Esp.pdf
2026-02-25 11:45:06,299 INFO [depth=4] Crawling: http://www.elections.maryland.gov/press_room/documents/22Voter Lookup_Registration_Press Release.pdf
2026-02-25 11:45:07,542 INFO [depth=4] Crawling: http://www.elections.maryland.gov/press_room/documents/22Voter Lookup_Registration_Spanish.pdf
2026-02-25 11:45:08,995 INFO [depth=4] Crawling: http://www.elections.maryland.gov/press_room/documents/2022 Primary Dates Statement 3-21-22.pdf
2026-02-25 11:45:10,212 INFO [depth=4] Crawling: http://www.elections.maryland.gov/press_room/SBE mail primary ballot request forms 1-31.pdf
2026-02-25 11:45:11,578 INFO [depth=4] Crawling: http://www.elections.maryland.gov/press_room/documents/GG22_2022 General Election Report_Final with Cover.pdf
2026-02-25 11:45:13,367 INFO [depth=4] Crawling: http://www.elections.maryland.gov/press_room/documents/2022 Primary Election Report.pdf
2026-02-25 11:45:14,819 INFO [depth=4] Crawling: http://www.elections.maryland.gov/press_room/documents/KO SBE General Election Campaign Report 12.15.22.pdf
2026-02-25 11:45:16,225 INFO [depth=4] Crawling: http://www.elections.maryland.gov/press_room/documents/FINAL SBE 2022 Primary Campaign Report v2.pdf
2026-02-25 11:45:17,624 INFO [depth=4] Crawling: http://www.elections.maryland.gov/press_room/2022_stats/GG22/Official by Party and County.pdf
2026-02-25 11:45:20,473 INFO [depth=4] Crawling: http://www.elections.maryland.gov/press_room/2022_stats/GG22/Official by Party and County.xlsx
2026-02-25 11:45:21,558 INFO [depth=4] Crawling: http://www.elections.maryland.gov/press_room/2022_stats/GG22/Official by Party and Congressional.pdf
2026-02-25 11:45:23,144 INFO [depth=4] Crawling: http://www.elections.maryland.gov/press_room/2022_stats/GG22/Official by Party and Congressional.xlsx
2026-02-25 11:45:24,281 INFO [depth=4] Crawling: http://www.elections.maryland.gov/press_room/2022_stats/GG22/Official by Party and Legislative.pdf
2026-02-25 11:45:25,619 INFO [depth=4] Crawling: http://www.elections.maryland.gov/press_room/2022_stats/GG22/Official by Party and Legislative.xlsx
2026-02-25 11:45:26,622 INFO [depth=4] Crawling: http://www.elections.maryland.gov/press_room/2022_stats/GG22/Official by Party and Precinct.csv
2026-02-25 11:45:27,578 INFO [depth=4] Crawling: http://www.elections.maryland.gov/press_room/2022_stats/GG22/Official_CountyAndCanvass.pdf
2026-02-25 11:45:28,744 INFO [depth=4] Crawling: http://www.elections.maryland.gov/press_room/2022_stats/GG22/Official_VotesAcceptedBy_CountyAndCanvass.pdf
2026-02-25 11:45:30,160 INFO [depth=4] Crawling: http://www.elections.maryland.gov/press_room/2022_stats/GG22/Official Vote-By-Mail Voting(NEW).pdf
2026-02-25 11:45:31,389 INFO [depth=4] Crawling: http://www.elections.maryland.gov/press_room/2022_stats/GG22/Official Provisional Voting.pdf
2026-02-25 11:45:32,600 INFO [depth=4] Crawling: http://www.elections.maryland.gov/press_room/2022_stats/GG22/Mail-in Ballot Request Counts with Chart.pdf
2026-02-25 11:45:34,087 INFO [depth=4] Crawling: http://www.elections.maryland.gov/press_room/2022_stats/GG22/Mail-in Ballot Request Counts with Chart.xlsx
2026-02-25 11:45:35,168 INFO [depth=4] Crawling: http://www.elections.maryland.gov/press_room/2022_stats/GG22/Absentees Sent and Returned by County.pdf
2026-02-25 11:45:36,424 INFO [depth=4] Crawling: http://www.elections.maryland.gov/press_room/2022_stats/GG22/Absentees Sent and Returned by County.xlsx
2026-02-25 11:45:37,430 INFO [depth=4] Crawling: http://www.elections.maryland.gov/press_room/2022_stats/GG22/Absentees Sent and Returned by Congressional.pdf
2026-02-25 11:45:38,871 INFO [depth=4] Crawling: http://www.elections.maryland.gov/press_room/2022_stats/GG22/Absentees Sent and Returned by Congressional.xlsx
2026-02-25 11:45:39,829 INFO [depth=4] Crawling: http://www.elections.maryland.gov/press_room/2022_stats/GG22/Absentees Sent and Returned by Legislative.pdf
2026-02-25 11:45:41,226 INFO [depth=4] Crawling: http://www.elections.maryland.gov/press_room/2022_stats/GG22/Absentees Sent and Returned by Legislative.xlsx
2026-02-25 11:45:42,246 INFO [depth=4] Crawling: http://www.elections.maryland.gov/press_room/2022_stats/GG22/GG22- Mail-in Ballots left to count.pdf
2026-02-25 11:45:44,722 INFO [depth=4] Crawling: http://www.elections.maryland.gov/press_room/2022_stats/GG22/GG22- Mail-in Ballots left to count.xlsx
2026-02-25 11:45:47,335 INFO [depth=4] Crawling: http://www.elections.maryland.gov/press_room/2022_stats/GG22/Eligible Inactive Voters - GG22.pdf
2026-02-25 11:45:51,763 INFO [depth=4] Crawling: http://www.elections.maryland.gov/press_room/2022_stats/GG22/Eligible Inactive Voters - GG22.xlsx
2026-02-25 11:45:52,728 INFO [depth=4] Crawling: http://www.elections.maryland.gov/press_room/2022_stats/GG22/EarlyVoting  by Party.pdf
2026-02-25 11:45:54,063 INFO [depth=4] Crawling: http://www.elections.maryland.gov/press_room/2022_stats/GG22/EarlyVoting by Congressional District.pdf
2026-02-25 11:45:55,291 INFO [depth=4] Crawling: http://www.elections.maryland.gov/press_room/2022_stats/GG22/EarlyVoting  by Legislative District.pdf
2026-02-25 11:45:56,670 INFO [depth=4] Crawling: http://www.elections.maryland.gov/press_room/2022_stats/GG22/EarlyVoting  by Councilmanic District.pdf
2026-02-25 11:45:57,862 INFO [depth=4] Crawling: http://www.elections.maryland.gov/press_room/2022_stats/GG22/EarlyVoting by County.pdf
2026-02-25 11:45:59,901 INFO [depth=4] Crawling: http://www.elections.maryland.gov/press_room/2022_stats/GG22/EarlyVoting  by Location.pdf
2026-02-25 11:46:01,446 INFO [depth=4] Crawling: http://www.elections.maryland.gov/press_room/2022_stats/GG22/EarlyVoting RAW data.csv
2026-02-25 11:46:02,508 INFO [depth=4] Crawling: http://www.elections.maryland.gov/press_room/2022_stats/GG22/SameDayRegistration by Party.pdf
2026-02-25 11:46:03,990 INFO [depth=4] Crawling: http://www.elections.maryland.gov/press_room/2022_stats/GG22/SameDayRegistration by Congressional District.pdf
2026-02-25 11:46:05,427 INFO [depth=4] Crawling: http://www.elections.maryland.gov/press_room/2022_stats/GG22/SameDayRegistration by Legislative District.pdf
2026-02-25 11:46:06,869 INFO [depth=4] Crawling: http://www.elections.maryland.gov/press_room/2022_stats/GG22/SameDayRegistration by Councilmanic District.pdf
2026-02-25 11:46:08,279 INFO [depth=4] Crawling: http://www.elections.maryland.gov/press_room/2022_stats/GG22/SameDayRegistration by County.pdf
2026-02-25 11:46:09,575 INFO [depth=4] Crawling: http://www.elections.maryland.gov/press_room/2022_stats/GG22/SameDayRegistration by Location.pdf
2026-02-25 11:46:10,905 INFO [depth=4] Crawling: http://www.elections.maryland.gov/press_room/2022_stats/GG22/SameDayRegistration RAW data.csv
2026-02-25 11:46:11,923 INFO [depth=4] Crawling: http://www.elections.maryland.gov/press_room/2022_stats/Official by Party and County.pdf
2026-02-25 11:46:13,298 INFO [depth=4] Crawling: http://www.elections.maryland.gov/press_room/2022_stats/Official by Party and County.xlsx
2026-02-25 11:46:14,304 INFO [depth=4] Crawling: http://www.elections.maryland.gov/press_room/2022_stats/Official by Party and Congressional.pdf
2026-02-25 11:46:16,389 INFO [depth=4] Crawling: http://www.elections.maryland.gov/press_room/2022_stats/Official by Party and Congressional.xlsx
2026-02-25 11:46:17,395 INFO [depth=4] Crawling: http://www.elections.maryland.gov/press_room/2022_stats/Official by Party and Legislative.pdf
2026-02-25 11:46:18,663 INFO [depth=4] Crawling: http://www.elections.maryland.gov/press_room/2022_stats/Official by Party and Legislative.xlsx
2026-02-25 11:46:19,705 INFO [depth=4] Crawling: http://www.elections.maryland.gov/press_room/2022_stats/Official by Party and Precinct.csv
2026-02-25 11:46:20,901 INFO [depth=4] Crawling: http://www.elections.maryland.gov/press_room/2022_stats/Official_CountyAndCanvass.pdf
2026-02-25 11:46:22,446 INFO [depth=4] Crawling: http://www.elections.maryland.gov/press_room/2022_stats/Official_VotesAcceptedBy_CountyAndCanvass.pdf
2026-02-25 11:46:23,904 INFO [depth=4] Crawling: http://www.elections.maryland.gov/press_room/2022_stats/Official Vote-By-Mail Voting.pdf
2026-02-25 11:46:25,163 INFO [depth=4] Crawling: http://www.elections.maryland.gov/press_room/2022_stats/Official Provisional Voting.pdf
2026-02-25 11:46:26,906 INFO [depth=4] Crawling: http://www.elections.maryland.gov/press_room/2022_stats/Mail-in Ballot Request Counts with Chart.pdf
2026-02-25 11:46:28,734 INFO [depth=4] Crawling: http://www.elections.maryland.gov/press_room/2022_stats/Mail-in Ballot Request Counts with Chart.xlsx
2026-02-25 11:46:30,212 INFO [depth=4] Crawling: http://www.elections.maryland.gov/press_room/2022_stats/Absentees Sent and Returned by County.pdf
2026-02-25 11:46:33,092 INFO [depth=4] Crawling: http://www.elections.maryland.gov/press_room/2022_stats/Absentees Sent and Returned by County.xlsx
2026-02-25 11:46:34,212 INFO [depth=4] Crawling: http://www.elections.maryland.gov/press_room/2022_stats/Absentees Sent and Returned by Congressional.pdf
2026-02-25 11:46:35,620 INFO [depth=4] Crawling: http://www.elections.maryland.gov/press_room/2022_stats/Absentees Sent and Returned by Congressional.xlsx
2026-02-25 11:46:36,756 INFO [depth=4] Crawling: http://www.elections.maryland.gov/press_room/2022_stats/Absentees Sent and Returned by Legislative.pdf
2026-02-25 11:46:38,616 INFO [depth=4] Crawling: http://www.elections.maryland.gov/press_room/2022_stats/Absentees Sent and Returned by Legislative.xlsx
2026-02-25 11:46:39,781 INFO [depth=4] Crawling: http://www.elections.maryland.gov/press_room/2022_stats/GP22- Mail-in Ballots left to count.pdf
2026-02-25 11:46:41,196 INFO [depth=4] Crawling: http://www.elections.maryland.gov/press_room/2022_stats/GP22- Mail-in Ballots left to count.xlsx
2026-02-25 11:46:42,242 INFO [depth=4] Crawling: http://www.elections.maryland.gov/press_room/2022_stats/Eligible Inactive Voters - GP22.pdf
2026-02-25 11:46:43,528 INFO [depth=4] Crawling: http://www.elections.maryland.gov/press_room/2022_stats/Eligible Inactive Voters - GP22.xlsx
2026-02-25 11:46:44,564 INFO [depth=4] Crawling: http://www.elections.maryland.gov/press_room/2022_stats/EarlyVoting  by Party.pdf
2026-02-25 11:46:46,540 INFO [depth=4] Crawling: http://www.elections.maryland.gov/press_room/2022_stats/EarlyVoting by Congressional District.pdf
2026-02-25 11:46:48,356 INFO [depth=4] Crawling: http://www.elections.maryland.gov/press_room/2022_stats/EarlyVoting  by Legislative District.pdf
2026-02-25 11:46:49,722 INFO [depth=4] Crawling: http://www.elections.maryland.gov/press_room/2022_stats/EarlyVoting  by Councilmanic District.pdf
2026-02-25 11:46:51,021 INFO [depth=4] Crawling: http://www.elections.maryland.gov/press_room/2022_stats/EarlyVoting by County.pdf
2026-02-25 11:46:52,295 INFO [depth=4] Crawling: http://www.elections.maryland.gov/press_room/2022_stats/EarlyVoting  by Location.pdf
2026-02-25 11:46:53,508 INFO [depth=4] Crawling: http://www.elections.maryland.gov/press_room/2022_stats/EarlyVoting RAW data.csv
2026-02-25 11:46:54,564 INFO [depth=4] Crawling: http://www.elections.maryland.gov/press_room/2022_stats/SameDayRegistration by Party.pdf
2026-02-25 11:46:56,027 INFO [depth=4] Crawling: http://www.elections.maryland.gov/press_room/2022_stats/SameDayRegistration by Congressional District.pdf
2026-02-25 11:46:57,452 INFO [depth=4] Crawling: http://www.elections.maryland.gov/press_room/2022_stats/SameDayRegistration by Legislative District.pdf
2026-02-25 11:46:58,726 INFO [depth=4] Crawling: http://www.elections.maryland.gov/press_room/2022_stats/SameDayRegistration by Councilmanic District.pdf
2026-02-25 11:47:00,413 INFO [depth=4] Crawling: http://www.elections.maryland.gov/press_room/2022_stats/SameDayRegistration by County.pdf
2026-02-25 11:47:01,648 INFO [depth=4] Crawling: http://www.elections.maryland.gov/press_room/2022_stats/SameDayRegistration by Location.pdf
2026-02-25 11:47:02,983 INFO [depth=4] Crawling: http://www.elections.maryland.gov/press_room/2022_stats/SameDayRegistration RAW data.csv
2026-02-25 11:47:03,918 INFO [depth=4] Crawling: http://www.elections.maryland.gov/press_room/documents/Post Election Tabulation Audit Pilot Program Report.pdf
2026-02-25 11:47:05,551 INFO [depth=4] Crawling: http://www.elections.maryland.gov/press_room/documents/PostElectionTabulationAuditLegislativeReport.pdf
2026-02-25 11:47:06,691 INFO [depth=4] Crawling: http://www.elections.maryland.gov/press_room/documents/Schaefer Center Final Report.pdf
2026-02-25 11:47:08,036 INFO [depth=4] Crawling: http://www.elections.maryland.gov/press_room/documents/2016 Primary_ Schaefer Center Wait Time Study_FINAL.pdf
2026-02-25 11:47:09,296 INFO [depth=4] Crawling: http://www.elections.maryland.gov/press_room/documents/Wait Time Obersvations from 2014.pdf
2026-02-25 11:47:10,556 INFO [depth=4] Crawling: http://www.elections.maryland.gov/press_room/documents/OnlineBallot_UsabilityTestResults.pdf
2026-02-25 11:47:11,826 INFO [depth=4] Crawling: http://www.elections.maryland.gov/press_room/documents/Voter Services Security Assessment Executive Report _Final.pdf
2026-02-25 11:47:13,057 INFO [depth=4] Crawling: http://www.elections.maryland.gov/press_room/dis-misinformation.html
2026-02-25 11:47:14,060 INFO [depth=4] Crawling: http://www.elections.maryland.gov/press_room/documents/Maryland's Blank Ballot Procedures.pdf
2026-02-25 11:47:15,508 INFO [depth=4] Crawling: http://www.elections.maryland.gov/voting/documents/Voting%20System%20Security%20Talking%20Points.pdf
2026-02-25 11:47:16,682 INFO [depth=4] Crawling: http://www.elections.maryland.gov/press_room/Voter%20Registration%20Security%20Talking%20Points.pdf
2026-02-25 11:47:17,979 INFO [depth=4] Crawling: http://www.elections.maryland.gov/elections/archive.html
2026-02-25 11:47:18,311 INFO Trafilatura returned 40 words for http://www.elections.maryland.gov/elections/archive.html; BS4 fallback got 103
2026-02-25 11:47:19,081 INFO [depth=4] Crawling: http://www.elections.maryland.gov/elections/municipal_results/2026/2026-Seat_Pleasant_Special_Election_Results.xlsx
2026-02-25 11:47:20,369 INFO [depth=4] Crawling: http://www.elections.maryland.gov/elections/documents/Presidential Elections 1796 to 2016_final.pdf
2026-02-25 11:47:21,663 INFO [depth=4] Crawling: http://www.elections.maryland.gov/get_involved/election_judges_form.html
2026-02-25 11:47:22,759 INFO [depth=4] Crawling: http://www.elections.maryland.gov/get_involved/registration_volunteers.html
2026-02-25 11:47:23,868 INFO [depth=4] Crawling: http://www.elections.maryland.gov/get_involved/election_pages.html
2026-02-25 11:47:24,943 INFO [depth=4] Crawling: http://www.elections.maryland.gov/get_involved/election_judges.html
2026-02-25 11:47:26,016 INFO [depth=4] Crawling: http://www.elections.maryland.gov/about/Signed Board Bylaws.pdf
2026-02-25 11:47:27,395 INFO [depth=4] Crawling: http://www.elections.maryland.gov/about/documents/SBE_Delegation_of_Duties.pdf
2026-02-25 11:47:28,726 INFO [depth=4] Crawling: http://www.elections.maryland.gov/documents/instructions_box.pdf
2026-02-25 11:47:29,955 INFO [depth=4] Crawling: http://www.elections.maryland.gov/forms/voter.html
2026-02-25 11:47:30,182 INFO Trafilatura returned 42 words for http://www.elections.maryland.gov/forms/voter.html; BS4 fallback got 61
2026-02-25 11:47:30,952 INFO [depth=4] Crawling: http://www.elections.maryland.gov/forms/campaign_finance.html
2026-02-25 11:47:31,955 INFO [depth=4] Crawling: http://www.elections.maryland.gov/forms/miscellaneous.html
2026-02-25 11:47:32,208 INFO Trafilatura returned 40 words for http://www.elections.maryland.gov/forms/miscellaneous.html; BS4 fallback got 59
2026-02-25 11:47:32,977 INFO [depth=4] Crawling: http://www.elections.maryland.gov/voting/documents/Voting System Security Talking Points.pdf
2026-02-25 11:47:34,153 INFO [depth=4] Crawling: http://www.elections.maryland.gov/press_room/Voter Registration Security Talking Points.pdf
2026-02-25 11:47:35,404 INFO [depth=4] Crawling: http://www.elections.maryland.gov/about/documents/HIRT_Engagement_Report_Maryland_State_Board_of_Elections_FINAL.pdf
2026-02-25 11:47:36,790 INFO [depth=4] Crawling: http://www.elections.maryland.gov/laws_and_regs/documents/2023-01 MIB Processing for 2024 Election.pdf
2026-02-25 11:47:37,978 INFO [depth=4] Crawling: http://www.elections.maryland.gov/laws_and_regs/documents/Misc-c_SBE Policy 2025-01 Line Management.pdf
2026-02-25 11:47:39,508 INFO [depth=4] Crawling: http://www.elections.maryland.gov/laws_and_regs/documents/Misc-b_SBE Policy 2023-01 List Maintenance Updated Policy.pdf
2026-02-25 11:47:40,729 INFO [depth=4] Crawling: http://www.elections.maryland.gov/get_involved/Key_Award_Application.pdf
2026-02-25 11:47:42,027 INFO [depth=4] Crawling: http://elections.maryland.gov/voting/municipal_results.html
2026-02-25 11:47:42,317 INFO HTTP 404 — marking failed: http://elections.maryland.gov/voting/municipal_results.html
2026-02-25 11:47:42,318 INFO [depth=4] Crawling: http://elections.maryland.gov/voting/accessibility.html
2026-02-25 11:47:43,656 INFO [depth=4] Crawling: http://elections.maryland.gov/voting/address.html
2026-02-25 11:47:44,686 INFO [depth=4] Crawling: http://elections.maryland.gov/voting/canvassing.html
2026-02-25 11:47:45,742 INFO [depth=4] Crawling: http://elections.maryland.gov/voting/provisional_voting.html
2026-02-25 11:47:46,797 INFO [depth=4] Crawling: http://elections.maryland.gov/voting/recount.html
2026-02-25 11:47:48,010 INFO [depth=4] Crawling: http://elections.maryland.gov/voting/redistricting.html
2026-02-25 11:47:49,034 INFO [depth=4] Crawling: http://elections.maryland.gov/voting/documents/HowMDVotes.pdf
2026-02-25 11:47:50,803 INFO [depth=4] Crawling: http://elections.maryland.gov/voting/documents/HowMDVotes_Spanish.pdf
2026-02-25 11:47:52,045 INFO [depth=4] Crawling: http://elections.maryland.gov/get_involved/challenger_watcher.html
2026-02-25 11:47:53,072 INFO [depth=4] Crawling: http://elections.maryland.gov/voting/documents/Mail_In_Ballot_Application-English.pdf
2026-02-25 11:47:54,341 INFO [depth=4] Crawling: http://elections.maryland.gov/voting/documents/Mail_In_Ballot_Application-Spanish.pdf
2026-02-25 11:47:55,843 INFO [depth=4] Crawling: http://elections.maryland.gov/voting/documents/Mail_In_Ballot_Application-Amharic.pdf
2026-02-25 11:47:57,100 INFO [depth=4] Crawling: http://elections.maryland.gov/voting/documents/Mail_In_Ballot_Application-Korean.pdf
2026-02-25 11:47:58,440 INFO [depth=4] Crawling: http://elections.maryland.gov/voting/documents/Mail_In_Ballot_Application-Traditional_Chinese.pdf
2026-02-25 11:47:59,745 INFO [depth=4] Crawling: http://elections.maryland.gov/voting/documents/Mail_In_Ballot_Application-Simplified_Chinese.pdf
2026-02-25 11:48:01,091 INFO [depth=4] Crawling: http://elections.maryland.gov/voting/documents/Mail_In_Ballot_Application-Vietnamese.pdf
2026-02-25 11:48:02,644 INFO [depth=4] Crawling: http://elections.maryland.gov/voting/documents/Designation_of_Agent_Form_Mail-In_Ballot_English.pdf
2026-02-25 11:48:04,146 INFO [depth=4] Crawling: http://elections.maryland.gov/voting/documents/2010_Designation_of_Agent_Form_Spanish.pdf
2026-02-25 11:48:05,612 INFO [depth=4] Crawling: http://elections.maryland.gov/voting_system/learn_about_the_new_voting_system.html
2026-02-25 11:48:06,719 INFO [depth=4] Crawling: http://elections.maryland.gov/voting_system/how_to_vote.html
2026-02-25 11:48:07,762 INFO [depth=4] Crawling: http://elections.maryland.gov/voting_system/ballot_audit_plan.html
2026-02-25 11:48:08,806 INFO [depth=4] Crawling: http://elections.maryland.gov/voting_system/voting_equipment.html
2026-02-25 11:48:09,844 INFO [depth=4] Crawling: http://elections.maryland.gov/voting_system/procurement.html
2026-02-25 11:48:10,902 INFO [depth=4] Crawling: http://elections.maryland.gov/overseas_voters/voter_registration.html
2026-02-25 11:48:11,963 INFO [depth=4] Crawling: http://elections.maryland.gov/overseas_voters/absentee.html
2026-02-25 11:48:13,147 INFO [depth=4] Crawling: http://elections.maryland.gov/overseas_voters/other_information.html
2026-02-25 11:48:14,294 INFO [depth=4] Crawling: http://elections.maryland.gov/voter_registration/documents/NVRA_Power_Point_Training.pptx
2026-02-25 11:48:14,591 ERROR parsed tree length: 1, wrong data type or not valid HTML
2026-02-25 11:48:14,600 ERROR parsed tree length: 1, wrong data type or not valid HTML
2026-02-25 11:48:14,600 ERROR empty HTML tree: None
2026-02-25 11:48:14,600 WARNING discarding data: None
2026-02-25 11:48:15,383 INFO [depth=4] Crawling: http://elections.maryland.gov/voter_registration/documents/Waiting Room Poster.pdf
2026-02-25 11:48:18,402 INFO [depth=4] Crawling: http://elections.maryland.gov/voter_registration/documents/transmittal form.doc
2026-02-25 11:48:19,396 INFO [depth=4] Crawling: http://elections.maryland.gov/voter_registration/documents/sample declination form.doc
2026-02-25 11:48:20,374 INFO [depth=4] Crawling: http://elections.maryland.gov/voter_registration/documents/VRA-English.pdf
2026-02-25 11:48:21,764 INFO [depth=4] Crawling: http://elections.maryland.gov/voter_registration/documents/VRA-Spanish.pdf
2026-02-25 11:48:23,992 INFO [depth=4] Crawling: http://elections.maryland.gov/voter_registration/documents/VRA-Amharic.pdf
2026-02-25 11:48:25,588 INFO [depth=4] Crawling: http://elections.maryland.gov/voter_registration/documents/VRA-TraditionalChinese.pdf
2026-02-25 11:48:26,903 INFO [depth=4] Crawling: http://elections.maryland.gov/voter_registration/documents/VRA-SimplifiedChinese.pdf
2026-02-25 11:48:28,208 INFO [depth=4] Crawling: http://elections.maryland.gov/voter_registration/documents/VRA-Vietnamese.pdf
2026-02-25 11:48:29,874 INFO [depth=4] Crawling: http://elections.maryland.gov/pdf/vrar/MSR-2026_01.pdf
2026-02-25 11:48:31,839 INFO [depth=4] Crawling: http://elections.maryland.gov/pdf/vrar/MSR-2025_01.pdf
2026-02-25 11:48:33,223 INFO [depth=4] Crawling: http://elections.maryland.gov/pdf/vrar/MSR-2025_02.pdf
2026-02-25 11:48:34,398 INFO [depth=4] Crawling: http://elections.maryland.gov/pdf/vrar/MSR-2025_03.pdf
2026-02-25 11:48:35,668 INFO [depth=4] Crawling: http://elections.maryland.gov/pdf/vrar/MSR-2025_04.pdf
2026-02-25 11:48:36,874 INFO [depth=4] Crawling: http://elections.maryland.gov/pdf/vrar/MSR-2025_05.pdf
2026-02-25 11:48:38,045 INFO [depth=4] Crawling: http://elections.maryland.gov/pdf/vrar/MSR-2025_06.pdf
2026-02-25 11:48:39,340 INFO [depth=4] Crawling: http://elections.maryland.gov/pdf/vrar/MSR-2025_07.pdf
2026-02-25 11:48:40,503 INFO [depth=4] Crawling: http://elections.maryland.gov/pdf/vrar/MSR-2025_08.pdf
2026-02-25 11:48:41,653 INFO [depth=4] Crawling: http://elections.maryland.gov/pdf/vrar/MSR-2025_09.pdf
2026-02-25 11:48:43,109 INFO [depth=4] Crawling: http://elections.maryland.gov/pdf/vrar/MSR-2025_10.pdf
2026-02-25 11:48:44,336 INFO [depth=4] Crawling: http://elections.maryland.gov/pdf/vrar/MSR-2025_11.pdf
2026-02-25 11:48:45,646 INFO [depth=4] Crawling: http://elections.maryland.gov/pdf/vrar/MSR-2025_12.pdf
2026-02-25 11:48:46,846 INFO [depth=4] Crawling: http://elections.maryland.gov/pdf/vrar/MSR-2024_01.pdf
2026-02-25 11:48:48,028 INFO [depth=4] Crawling: http://elections.maryland.gov/pdf/vrar/MSR-2024_02.pdf
2026-02-25 11:48:49,286 INFO [depth=4] Crawling: http://elections.maryland.gov/pdf/vrar/MSR-2024_03.pdf
2026-02-25 11:48:50,435 INFO [depth=4] Crawling: http://elections.maryland.gov/pdf/vrar/MSR-2024_04.pdf
2026-02-25 11:48:51,645 INFO [depth=4] Crawling: http://elections.maryland.gov/pdf/vrar/MSR-2024_05.pdf
2026-02-25 11:48:52,795 INFO [depth=4] Crawling: http://elections.maryland.gov/pdf/vrar/MSR-2024_06.pdf
2026-02-25 11:48:54,014 INFO [depth=4] Crawling: http://elections.maryland.gov/pdf/vrar/MSR-2024_07.pdf
2026-02-25 11:48:55,253 INFO [depth=4] Crawling: http://elections.maryland.gov/pdf/vrar/MSR-2024_08.pdf
2026-02-25 11:48:56,595 INFO [depth=4] Crawling: http://elections.maryland.gov/pdf/vrar/MSR-2024_09.pdf
2026-02-25 11:48:57,829 INFO [depth=4] Crawling: http://elections.maryland.gov/pdf/vrar/MSR-2024_10.pdf
2026-02-25 11:48:59,079 INFO [depth=4] Crawling: http://elections.maryland.gov/pdf/vrar/MSR-2024_11.pdf
2026-02-25 11:49:00,268 INFO [depth=4] Crawling: http://elections.maryland.gov/pdf/vrar/MSR-2024_12.pdf
2026-02-25 11:49:02,315 INFO [depth=4] Crawling: http://elections.maryland.gov/pdf/vrar/MSR-2024.pdf
2026-02-25 11:49:03,585 INFO [depth=4] Crawling: http://elections.maryland.gov/pdf/vrar/MSR-2023_01.pdf
2026-02-25 11:49:05,078 INFO [depth=4] Crawling: http://elections.maryland.gov/pdf/vrar/MSR-2023_02.pdf
2026-02-25 11:49:06,228 INFO [depth=4] Crawling: http://elections.maryland.gov/pdf/vrar/MSR-2023_03.pdf
2026-02-25 11:49:07,837 INFO [depth=4] Crawling: http://elections.maryland.gov/pdf/vrar/MSR-2023_04.pdf
2026-02-25 11:49:08,990 INFO [depth=4] Crawling: http://elections.maryland.gov/pdf/vrar/MSR-2023_05.pdf
2026-02-25 11:49:10,503 INFO [depth=4] Crawling: http://elections.maryland.gov/pdf/vrar/MSR-2023_06.pdf
2026-02-25 11:49:11,627 INFO [depth=4] Crawling: http://elections.maryland.gov/pdf/vrar/MSR-2023_07.pdf
2026-02-25 11:49:13,010 INFO [depth=4] Crawling: http://elections.maryland.gov/pdf/vrar/MSR-2023_08.pdf
2026-02-25 11:49:14,206 INFO [depth=4] Crawling: http://elections.maryland.gov/pdf/vrar/MSR-2023_09.pdf
2026-02-25 11:49:15,403 INFO [depth=4] Crawling: http://elections.maryland.gov/pdf/vrar/MSR-2023_10.pdf
2026-02-25 11:49:16,699 INFO [depth=4] Crawling: http://elections.maryland.gov/pdf/vrar/MSR-2023_11.pdf
2026-02-25 11:49:17,913 INFO [depth=4] Crawling: http://elections.maryland.gov/pdf/vrar/MSR-2023_12.pdf
2026-02-25 11:49:19,274 INFO [depth=4] Crawling: http://elections.maryland.gov/pdf/vrar/MSR-2023.pdf
2026-02-25 11:49:21,531 INFO [depth=4] Crawling: http://elections.maryland.gov/pdf/vrar/MSR-2022_01.pdf
2026-02-25 11:49:22,982 INFO [depth=4] Crawling: http://elections.maryland.gov/pdf/vrar/MSR-2022_02.pdf
2026-02-25 11:49:24,181 INFO [depth=4] Crawling: http://elections.maryland.gov/pdf/vrar/MSR-2022_03.pdf
2026-02-25 11:49:25,496 INFO [depth=4] Crawling: http://elections.maryland.gov/pdf/vrar/MSR-2022_04.pdf
2026-02-25 11:49:26,737 INFO [depth=4] Crawling: http://elections.maryland.gov/pdf/vrar/MSR-2022_05.pdf
2026-02-25 11:49:27,887 INFO [depth=4] Crawling: http://elections.maryland.gov/pdf/vrar/MSR-2022_06.pdf
2026-02-25 11:49:29,146 INFO [depth=4] Crawling: http://elections.maryland.gov/pdf/vrar/MSR-2022_07.pdf
2026-02-25 11:49:30,342 INFO [depth=4] Crawling: http://elections.maryland.gov/pdf/vrar/MSR-2022_08.pdf
2026-02-25 11:49:31,603 INFO [depth=4] Crawling: http://elections.maryland.gov/pdf/vrar/MSR-2022_09.pdf
2026-02-25 11:49:32,995 INFO [depth=4] Crawling: http://elections.maryland.gov/pdf/vrar/MSR-2022_10.pdf
2026-02-25 11:49:34,370 INFO [depth=4] Crawling: http://elections.maryland.gov/pdf/vrar/MSR-2022_11.pdf
2026-02-25 11:49:35,621 INFO [depth=4] Crawling: http://elections.maryland.gov/pdf/vrar/MSR-2022_12.pdf
2026-02-25 11:49:36,853 INFO [depth=4] Crawling: http://elections.maryland.gov/pdf/vrar/MSR-2022.pdf
2026-02-25 11:49:38,095 INFO [depth=4] Crawling: http://elections.maryland.gov/pdf/vrar/MSR-2021_01.pdf
2026-02-25 11:49:39,361 INFO [depth=4] Crawling: http://elections.maryland.gov/pdf/vrar/MSR-2021_02.pdf
2026-02-25 11:49:40,546 INFO [depth=4] Crawling: http://elections.maryland.gov/pdf/vrar/MSR-2021_03.pdf
2026-02-25 11:49:41,671 INFO [depth=4] Crawling: http://elections.maryland.gov/pdf/vrar/MSR-2021_04.pdf
2026-02-25 11:49:43,100 INFO [depth=4] Crawling: http://elections.maryland.gov/pdf/vrar/MSR-2021_05.pdf
2026-02-25 11:49:44,419 INFO [depth=4] Crawling: http://elections.maryland.gov/pdf/vrar/MSR-2021_06.pdf
2026-02-25 11:49:45,524 INFO [depth=4] Crawling: http://elections.maryland.gov/pdf/vrar/MSR-2021_07.pdf
2026-02-25 11:49:46,647 INFO [depth=4] Crawling: http://elections.maryland.gov/pdf/vrar/MSR-2021_08.pdf
2026-02-25 11:49:47,747 INFO [depth=4] Crawling: http://elections.maryland.gov/pdf/vrar/MSR-2021_09.pdf
2026-02-25 11:49:48,987 INFO [depth=4] Crawling: http://elections.maryland.gov/pdf/vrar/MSR-2021_10.pdf
2026-02-25 11:49:50,488 INFO [depth=4] Crawling: http://elections.maryland.gov/pdf/vrar/MSR-2021_11.pdf
2026-02-25 11:49:51,623 INFO [depth=4] Crawling: http://elections.maryland.gov/pdf/vrar/MSR-2021_12.pdf
2026-02-25 11:49:52,757 INFO [depth=4] Crawling: http://elections.maryland.gov/pdf/vrar/MSR-2021.pdf
2026-02-25 11:49:53,915 INFO [depth=4] Crawling: http://elections.maryland.gov/pdf/vrar/MSR-2020_01.pdf
2026-02-25 11:49:55,058 INFO [depth=4] Crawling: http://elections.maryland.gov/pdf/vrar/MSR-2020_02.pdf
2026-02-25 11:49:56,445 INFO [depth=4] Crawling: http://elections.maryland.gov/pdf/vrar/MSR-2020_03.pdf
2026-02-25 11:49:57,556 INFO [depth=4] Crawling: http://elections.maryland.gov/pdf/vrar/MSR-2020_04.pdf
2026-02-25 11:49:58,692 INFO [depth=4] Crawling: http://elections.maryland.gov/pdf/vrar/MSR-2020_05.pdf
2026-02-25 11:49:59,888 INFO [depth=4] Crawling: http://elections.maryland.gov/pdf/vrar/MSR-2020_06.pdf
2026-02-25 11:50:01,225 INFO [depth=4] Crawling: http://elections.maryland.gov/pdf/vrar/MSR-2020_07.pdf
2026-02-25 11:50:02,662 INFO [depth=4] Crawling: http://elections.maryland.gov/pdf/vrar/MSR-2020_08.pdf
2026-02-25 11:50:03,973 INFO [depth=4] Crawling: http://elections.maryland.gov/pdf/vrar/MSR-2020_09.pdf
2026-02-25 11:50:05,263 INFO [depth=4] Crawling: http://elections.maryland.gov/pdf/vrar/MSR-2020_10.pdf
2026-02-25 11:50:06,605 INFO [depth=4] Crawling: http://elections.maryland.gov/pdf/vrar/MSR-2020_11.pdf
2026-02-25 11:50:07,889 INFO [depth=4] Crawling: http://elections.maryland.gov/pdf/vrar/MSR-2020_12.pdf
2026-02-25 11:50:09,009 INFO [depth=4] Crawling: http://elections.maryland.gov/pdf/vrar/MSR-2020.pdf
2026-02-25 11:50:10,241 INFO [depth=4] Crawling: http://elections.maryland.gov/pdf/vrar/MSR-2019_01.pdf
2026-02-25 11:50:11,816 INFO [depth=4] Crawling: http://elections.maryland.gov/pdf/vrar/MSR-2019_02.pdf
2026-02-25 11:50:13,192 INFO [depth=4] Crawling: http://elections.maryland.gov/pdf/vrar/MSR-2019_03.pdf
2026-02-25 11:50:14,399 INFO [depth=4] Crawling: http://elections.maryland.gov/pdf/vrar/MSR-2019_04.pdf
2026-02-25 11:50:16,090 INFO [depth=4] Crawling: http://elections.maryland.gov/pdf/vrar/MSR-2019_05.pdf
2026-02-25 11:50:17,521 INFO [depth=4] Crawling: http://elections.maryland.gov/pdf/vrar/MSR-2019_06.pdf
2026-02-25 11:50:18,763 INFO [depth=4] Crawling: http://elections.maryland.gov/pdf/vrar/MSR-2019_07.pdf
2026-02-25 11:50:20,245 INFO [depth=4] Crawling: http://elections.maryland.gov/pdf/vrar/MSR-2019_08.pdf
2026-02-25 11:50:21,974 INFO [depth=4] Crawling: http://elections.maryland.gov/pdf/vrar/MSR-2019_09.pdf
2026-02-25 11:50:23,490 INFO [depth=4] Crawling: http://elections.maryland.gov/pdf/vrar/MSR-2019_10.pdf
2026-02-25 11:50:24,746 INFO [depth=4] Crawling: http://elections.maryland.gov/pdf/vrar/MSR-2019_11.pdf
2026-02-25 11:50:25,945 INFO [depth=4] Crawling: http://elections.maryland.gov/pdf/vrar/MSR-2019_12.pdf
2026-02-25 11:50:27,134 INFO [depth=4] Crawling: http://elections.maryland.gov/pdf/vrar/MSR-2019.pdf
2026-02-25 11:50:28,305 INFO [depth=4] Crawling: http://elections.maryland.gov/pdf/vrar/MSR-2018_01.pdf
2026-02-25 11:50:29,578 INFO [depth=4] Crawling: http://elections.maryland.gov/pdf/vrar/MSR-2018_02.pdf
2026-02-25 11:50:30,729 INFO [depth=4] Crawling: http://elections.maryland.gov/pdf/vrar/MSR-2018_03.pdf
2026-02-25 11:50:32,018 INFO [depth=4] Crawling: http://elections.maryland.gov/pdf/vrar/MSR-2018_04.pdf
2026-02-25 11:50:34,234 INFO [depth=4] Crawling: http://elections.maryland.gov/pdf/vrar/MSR-2018_05.pdf
2026-02-25 11:50:35,361 INFO [depth=4] Crawling: http://elections.maryland.gov/pdf/vrar/MSR-2018_06.pdf
2026-02-25 11:50:36,435 INFO [depth=4] Crawling: http://elections.maryland.gov/pdf/vrar/MSR-2018_07.pdf
2026-02-25 11:50:37,603 INFO [depth=4] Crawling: http://elections.maryland.gov/pdf/vrar/MSR-2018_08.pdf
2026-02-25 11:50:38,907 INFO [depth=4] Crawling: http://elections.maryland.gov/pdf/vrar/MSR-2018_09.pdf
2026-02-25 11:50:40,061 INFO [depth=4] Crawling: http://elections.maryland.gov/pdf/vrar/MSR-2018_10.pdf
2026-02-25 11:50:41,272 INFO [depth=4] Crawling: http://elections.maryland.gov/pdf/vrar/MSR-2018_11.pdf
2026-02-25 11:50:42,441 INFO [depth=4] Crawling: http://elections.maryland.gov/pdf/vrar/MSR-2018_12.pdf
2026-02-25 11:50:43,883 INFO [depth=4] Crawling: http://elections.maryland.gov/pdf/vrar/MSR-2018.pdf
2026-02-25 11:50:45,165 INFO [depth=4] Crawling: http://elections.maryland.gov/pdf/vrar/MSR-2017_01.pdf
2026-02-25 11:50:46,326 INFO [depth=4] Crawling: http://elections.maryland.gov/pdf/vrar/MSR-2017_02.pdf
2026-02-25 11:50:47,437 INFO [depth=4] Crawling: http://elections.maryland.gov/pdf/vrar/MSR-2017_03.pdf
2026-02-25 11:50:48,706 INFO [depth=4] Crawling: http://elections.maryland.gov/pdf/vrar/MSR-2017_04.pdf
2026-02-25 11:50:49,972 INFO [depth=4] Crawling: http://elections.maryland.gov/pdf/vrar/MSR-2017_05.pdf
2026-02-25 11:50:51,123 INFO [depth=4] Crawling: http://elections.maryland.gov/pdf/vrar/MSR-2017_06.pdf
2026-02-25 11:50:52,474 INFO [depth=4] Crawling: http://elections.maryland.gov/pdf/vrar/MSR-2017_07.pdf
2026-02-25 11:50:53,672 INFO [depth=4] Crawling: http://elections.maryland.gov/pdf/vrar/MSR-2017_08.pdf
2026-02-25 11:50:54,954 INFO [depth=4] Crawling: http://elections.maryland.gov/pdf/vrar/MSR-2017_09.pdf
2026-02-25 11:50:56,038 INFO [depth=4] Crawling: http://elections.maryland.gov/pdf/vrar/MSR-2017_10.pdf
2026-02-25 11:50:57,154 INFO [depth=4] Crawling: http://elections.maryland.gov/pdf/vrar/MSR-2017_11.pdf
2026-02-25 11:50:58,355 INFO [depth=4] Crawling: http://elections.maryland.gov/pdf/vrar/MSR-2017_12.pdf
2026-02-25 11:50:59,579 INFO [depth=4] Crawling: http://elections.maryland.gov/pdf/vrar/MSR-2017.pdf
2026-02-25 11:51:00,772 INFO [depth=4] Crawling: http://elections.maryland.gov/pdf/vrar/MSR-2016_01.pdf
2026-02-25 11:51:01,977 INFO [depth=4] Crawling: http://elections.maryland.gov/pdf/vrar/MSR-2016_02.pdf
2026-02-25 11:51:03,318 INFO [depth=4] Crawling: http://elections.maryland.gov/pdf/vrar/MSR-2016_03.pdf
2026-02-25 11:51:04,512 INFO [depth=4] Crawling: http://elections.maryland.gov/pdf/vrar/MSR-2016_04.pdf
2026-02-25 11:51:05,778 INFO [depth=4] Crawling: http://elections.maryland.gov/pdf/vrar/MSR-2016_05.pdf
2026-02-25 11:51:07,022 INFO [depth=4] Crawling: http://elections.maryland.gov/pdf/vrar/MSR-2016_06.pdf
2026-02-25 11:51:08,367 INFO [depth=4] Crawling: http://elections.maryland.gov/pdf/vrar/MSR-2016_07.pdf
2026-02-25 11:51:09,579 INFO [depth=4] Crawling: http://elections.maryland.gov/pdf/vrar/MSR-2016_08.pdf
2026-02-25 11:51:10,950 INFO [depth=4] Crawling: http://elections.maryland.gov/pdf/vrar/MSR-2016_09.pdf
2026-02-25 11:51:12,089 INFO [depth=4] Crawling: http://elections.maryland.gov/pdf/vrar/MSR-2016_10.pdf
2026-02-25 11:51:13,366 INFO [depth=4] Crawling: http://elections.maryland.gov/pdf/vrar/MSR-2016_11.pdf
2026-02-25 11:51:14,571 INFO [depth=4] Crawling: http://elections.maryland.gov/pdf/vrar/MSR-2016_12.pdf
2026-02-25 11:51:16,142 INFO [depth=4] Crawling: http://elections.maryland.gov/pdf/vrar/MSR-2016.pdf
2026-02-25 11:51:17,248 INFO [depth=4] Crawling: http://elections.maryland.gov/pdf/vrar/MSR-2015_01.pdf
2026-02-25 11:51:18,932 INFO [depth=4] Crawling: http://elections.maryland.gov/pdf/vrar/MSR-2015_02.pdf
2026-02-25 11:51:20,053 INFO [depth=4] Crawling: http://elections.maryland.gov/pdf/vrar/MSR-2015_03.pdf
2026-02-25 11:51:21,207 INFO [depth=4] Crawling: http://elections.maryland.gov/pdf/vrar/MSR-2015_04.pdf
2026-02-25 11:51:22,661 INFO [depth=4] Crawling: http://elections.maryland.gov/pdf/vrar/MSR-2015_05.pdf
2026-02-25 11:51:24,177 INFO [depth=4] Crawling: http://elections.maryland.gov/pdf/vrar/MSR-2015_06.pdf
2026-02-25 11:51:25,608 INFO [depth=4] Crawling: http://elections.maryland.gov/pdf/vrar/MSR-2015_07.pdf
2026-02-25 11:51:26,944 INFO [depth=4] Crawling: http://elections.maryland.gov/pdf/vrar/MSR-2015_08.pdf
2026-02-25 11:51:28,252 INFO [depth=4] Crawling: http://elections.maryland.gov/pdf/vrar/MSR-2015_09.pdf
2026-02-25 11:51:29,502 INFO [depth=4] Crawling: http://elections.maryland.gov/pdf/vrar/MSR-2015_10.pdf
2026-02-25 11:51:30,590 INFO [depth=4] Crawling: http://elections.maryland.gov/pdf/vrar/MSR-2015_11.pdf
2026-02-25 11:51:31,878 INFO [depth=4] Crawling: http://elections.maryland.gov/pdf/vrar/MSR-2015_12.pdf
2026-02-25 11:51:33,127 INFO [depth=4] Crawling: http://elections.maryland.gov/pdf/vrar/MSR-2015.pdf
2026-02-25 11:51:34,473 INFO [depth=4] Crawling: http://elections.maryland.gov/pdf/vrar/MSR-2014_01.pdf
2026-02-25 11:51:35,636 INFO [depth=4] Crawling: http://elections.maryland.gov/pdf/vrar/MSR-2014_02.pdf
2026-02-25 11:51:36,832 INFO [depth=4] Crawling: http://elections.maryland.gov/pdf/vrar/MSR-2014_03.pdf
2026-02-25 11:51:37,968 INFO [depth=4] Crawling: http://elections.maryland.gov/pdf/vrar/MSR-2014_04.pdf
2026-02-25 11:51:39,285 INFO [depth=4] Crawling: http://elections.maryland.gov/pdf/vrar/MSR-2014_05.pdf
2026-02-25 11:51:40,509 INFO [depth=4] Crawling: http://elections.maryland.gov/pdf/vrar/MSR-2014_06.pdf
2026-02-25 11:51:41,720 INFO [depth=4] Crawling: http://elections.maryland.gov/pdf/vrar/MSR-2014_07.pdf
2026-02-25 11:51:42,978 INFO [depth=4] Crawling: http://elections.maryland.gov/pdf/vrar/MSR-2014_08.pdf
2026-02-25 11:51:44,511 INFO [depth=4] Crawling: http://elections.maryland.gov/pdf/vrar/MSR-2014_09.pdf
2026-02-25 11:51:45,806 INFO [depth=4] Crawling: http://elections.maryland.gov/pdf/vrar/MSR-2014_10.pdf
2026-02-25 11:51:46,978 INFO [depth=4] Crawling: http://elections.maryland.gov/pdf/vrar/MSR-2014_11.pdf
2026-02-25 11:51:48,195 INFO [depth=4] Crawling: http://elections.maryland.gov/pdf/vrar/MSR-2014_12.pdf
2026-02-25 11:51:49,507 INFO [depth=4] Crawling: http://elections.maryland.gov/pdf/vrar/MSR-2014.pdf
2026-02-25 11:51:50,720 INFO [depth=4] Crawling: http://elections.maryland.gov/pdf/vrar/MSR-2013_01.pdf
2026-02-25 11:51:52,440 INFO [depth=4] Crawling: http://elections.maryland.gov/pdf/vrar/MSR-2013_02.pdf
2026-02-25 11:51:53,669 INFO [depth=4] Crawling: http://elections.maryland.gov/pdf/vrar/MSR-2013_03.pdf
2026-02-25 11:51:54,878 INFO [depth=4] Crawling: http://elections.maryland.gov/pdf/vrar/MSR-2013_04.pdf
2026-02-25 11:51:56,061 INFO [depth=4] Crawling: http://elections.maryland.gov/pdf/vrar/MSR-2013_05.pdf
2026-02-25 11:51:57,170 INFO [depth=4] Crawling: http://elections.maryland.gov/pdf/vrar/MSR-2013_06.pdf
2026-02-25 11:51:58,278 INFO [depth=4] Crawling: http://elections.maryland.gov/pdf/vrar/MSR-2013_07.pdf
2026-02-25 11:51:59,535 INFO [depth=4] Crawling: http://elections.maryland.gov/pdf/vrar/MSR-2013_08.pdf
2026-02-25 11:52:00,880 INFO [depth=4] Crawling: http://elections.maryland.gov/pdf/vrar/MSR-2013_09.pdf
2026-02-25 11:52:02,046 INFO [depth=4] Crawling: http://elections.maryland.gov/pdf/vrar/MSR-2013_10.pdf
2026-02-25 11:52:03,263 INFO [depth=4] Crawling: http://elections.maryland.gov/pdf/vrar/MSR-2013_11.pdf
2026-02-25 11:52:04,463 INFO [depth=4] Crawling: http://elections.maryland.gov/pdf/vrar/MSR-2013_12.pdf
2026-02-25 11:52:05,584 INFO [depth=4] Crawling: http://elections.maryland.gov/pdf/vrar/MSR-2013.pdf
2026-02-25 11:52:06,884 INFO [depth=4] Crawling: http://elections.maryland.gov/pdf/vrar/MSR-2012_01.pdf
2026-02-25 11:52:07,962 INFO [depth=4] Crawling: http://elections.maryland.gov/pdf/vrar/MSR-2012_02.pdf
2026-02-25 11:52:09,266 INFO [depth=4] Crawling: http://elections.maryland.gov/pdf/vrar/MSR-2012_03.pdf
2026-02-25 11:52:10,433 INFO [depth=4] Crawling: http://elections.maryland.gov/pdf/vrar/MSR-2012_04.pdf
2026-02-25 11:52:12,291 INFO [depth=4] Crawling: http://elections.maryland.gov/pdf/vrar/MSR-2012_05.pdf
2026-02-25 11:52:13,566 INFO [depth=4] Crawling: http://elections.maryland.gov/pdf/vrar/MSR-2012_06.pdf
2026-02-25 11:52:14,713 INFO [depth=4] Crawling: http://elections.maryland.gov/pdf/vrar/MSR-2012_07.pdf
2026-02-25 11:52:16,285 INFO [depth=4] Crawling: http://elections.maryland.gov/pdf/vrar/MSR-2012_08.pdf
2026-02-25 11:52:17,628 INFO [depth=4] Crawling: http://elections.maryland.gov/pdf/vrar/MSR-2012_09.pdf
2026-02-25 11:52:18,920 INFO [depth=4] Crawling: http://elections.maryland.gov/pdf/vrar/MSR-2012_10.pdf
2026-02-25 11:52:20,189 INFO [depth=4] Crawling: http://elections.maryland.gov/pdf/vrar/MSR-2012_11.pdf
2026-02-25 11:52:21,298 INFO [depth=4] Crawling: http://elections.maryland.gov/pdf/vrar/MSR-2012_12.pdf
2026-02-25 11:52:22,760 INFO [depth=4] Crawling: http://elections.maryland.gov/pdf/vrar/MSR-2012.pdf
2026-02-25 11:52:23,950 INFO [depth=4] Crawling: http://elections.maryland.gov/pdf/vrar/MSR-2011_01.pdf
2026-02-25 11:52:25,138 INFO [depth=4] Crawling: http://elections.maryland.gov/pdf/vrar/MSR-2011_02.pdf
2026-02-25 11:52:26,371 INFO [depth=4] Crawling: http://elections.maryland.gov/pdf/vrar/MSR-2011_03.pdf
2026-02-25 11:52:27,606 INFO [depth=4] Crawling: http://elections.maryland.gov/pdf/vrar/MSR-2011_04.pdf
2026-02-25 11:52:28,892 INFO [depth=4] Crawling: http://elections.maryland.gov/pdf/vrar/MSR-2011_05.pdf
2026-02-25 11:52:31,259 INFO [depth=4] Crawling: http://elections.maryland.gov/pdf/vrar/MSR-2011_06.pdf
2026-02-25 11:52:32,402 INFO [depth=4] Crawling: http://elections.maryland.gov/pdf/vrar/MSR-2011_07.pdf
2026-02-25 11:52:33,497 INFO [depth=4] Crawling: http://elections.maryland.gov/pdf/vrar/MSR-2011_08.pdf
2026-02-25 11:52:34,889 INFO [depth=4] Crawling: http://elections.maryland.gov/pdf/vrar/MSR-2011_09.pdf
2026-02-25 11:52:36,167 INFO [depth=4] Crawling: http://elections.maryland.gov/pdf/vrar/MSR-2011_10.pdf
2026-02-25 11:52:37,403 INFO [depth=4] Crawling: http://elections.maryland.gov/pdf/vrar/MSR-2011_11.pdf
2026-02-25 11:52:38,792 INFO [depth=4] Crawling: http://elections.maryland.gov/pdf/vrar/MSR-2011_12.pdf
2026-02-25 11:52:39,894 INFO [depth=4] Crawling: http://elections.maryland.gov/pdf/vrar/MSR-2011.pdf
2026-02-25 11:52:41,519 INFO [depth=4] Crawling: http://elections.maryland.gov/pdf/vrar/MSR-2010_01.pdf
2026-02-25 11:52:42,643 INFO [depth=4] Crawling: http://elections.maryland.gov/pdf/vrar/MSR-2010_02.pdf
2026-02-25 11:52:43,785 INFO [depth=4] Crawling: http://elections.maryland.gov/pdf/vrar/MSR-2010_03.pdf
2026-02-25 11:52:45,162 INFO [depth=4] Crawling: http://elections.maryland.gov/pdf/vrar/MSR-2010_04.pdf
2026-02-25 11:52:46,293 INFO [depth=4] Crawling: http://elections.maryland.gov/pdf/vrar/MSR-2010_05.pdf
2026-02-25 11:52:47,411 INFO [depth=4] Crawling: http://elections.maryland.gov/pdf/vrar/MSR-2010_06.pdf
2026-02-25 11:52:48,663 INFO [depth=4] Crawling: http://elections.maryland.gov/pdf/vrar/MSR-2010_07.pdf
2026-02-25 11:52:49,914 INFO [depth=4] Crawling: http://elections.maryland.gov/pdf/vrar/MSR-2010_08.pdf
2026-02-25 11:52:51,030 INFO [depth=4] Crawling: http://elections.maryland.gov/pdf/vrar/MSR-2010_09.pdf
2026-02-25 11:52:52,244 INFO [depth=4] Crawling: http://elections.maryland.gov/pdf/vrar/MSR-2010_10.pdf
2026-02-25 11:52:53,470 INFO [depth=4] Crawling: http://elections.maryland.gov/pdf/vrar/MSR-2010_11.pdf
2026-02-25 11:52:54,964 INFO [depth=4] Crawling: http://elections.maryland.gov/pdf/vrar/MSR-2010_12.pdf
2026-02-25 11:52:56,202 INFO [depth=4] Crawling: http://elections.maryland.gov/pdf/vrar/MSR-2010.pdf
2026-02-25 11:52:57,319 INFO [depth=4] Crawling: http://elections.maryland.gov/pdf/vrar/MSR-2009_01.pdf
2026-02-25 11:52:58,606 INFO [depth=4] Crawling: http://elections.maryland.gov/pdf/vrar/MSR-2009_02.pdf
2026-02-25 11:52:59,878 INFO [depth=4] Crawling: http://elections.maryland.gov/pdf/vrar/MSR-2009_03.pdf
2026-02-25 11:53:01,163 INFO [depth=4] Crawling: http://elections.maryland.gov/pdf/vrar/MSR-2009_04.pdf
2026-02-25 11:53:02,378 INFO [depth=4] Crawling: http://elections.maryland.gov/pdf/vrar/MSR-2009_05.pdf
2026-02-25 11:53:03,579 INFO [depth=4] Crawling: http://elections.maryland.gov/pdf/vrar/MSR-2009_06.pdf
2026-02-25 11:53:04,737 INFO [depth=4] Crawling: http://elections.maryland.gov/pdf/vrar/MSR-2009_07.pdf
2026-02-25 11:53:05,915 INFO [depth=4] Crawling: http://elections.maryland.gov/pdf/vrar/MSR-2009_08.pdf
2026-02-25 11:53:07,302 INFO [depth=4] Crawling: http://elections.maryland.gov/pdf/vrar/MSR-2009_09.pdf
2026-02-25 11:53:08,645 INFO [depth=4] Crawling: http://elections.maryland.gov/pdf/vrar/MSR-2009_10.pdf
2026-02-25 11:53:10,187 INFO [depth=4] Crawling: http://elections.maryland.gov/pdf/vrar/MSR-2009_11.pdf
2026-02-25 11:53:11,356 INFO [depth=4] Crawling: http://elections.maryland.gov/pdf/vrar/MSR-2009_12.pdf
2026-02-25 11:53:12,578 INFO [depth=4] Crawling: http://elections.maryland.gov/pdf/vrar/MSR-2009.pdf
2026-02-25 11:53:13,666 INFO [depth=4] Crawling: http://elections.maryland.gov/pdf/vrar/MSR-2008_01.pdf
2026-02-25 11:53:14,905 INFO [depth=4] Crawling: http://elections.maryland.gov/pdf/vrar/MSR-2008_02.pdf
2026-02-25 11:53:16,254 INFO [depth=4] Crawling: http://elections.maryland.gov/pdf/vrar/MSR-2008_03.pdf
2026-02-25 11:53:17,425 INFO [depth=4] Crawling: http://elections.maryland.gov/pdf/vrar/MSR-2008_04.pdf
2026-02-25 11:53:19,062 INFO [depth=4] Crawling: http://elections.maryland.gov/pdf/vrar/MSR-2008_05.pdf
2026-02-25 11:53:20,167 INFO [depth=4] Crawling: http://elections.maryland.gov/pdf/vrar/MSR-2008_06.pdf
2026-02-25 11:53:21,345 INFO [depth=4] Crawling: http://elections.maryland.gov/pdf/vrar/MSR-2008_07.pdf
2026-02-25 11:53:22,522 INFO [depth=4] Crawling: http://elections.maryland.gov/pdf/vrar/MSR-2008_08.pdf
2026-02-25 11:53:23,977 INFO [depth=4] Crawling: http://elections.maryland.gov/pdf/vrar/MSR-2008_09.pdf
2026-02-25 11:53:25,286 INFO [depth=4] Crawling: http://elections.maryland.gov/pdf/vrar/MSR-2008_10.pdf
2026-02-25 11:53:26,416 INFO [depth=4] Crawling: http://elections.maryland.gov/pdf/vrar/MSR-2008_11.pdf
2026-02-25 11:53:27,876 INFO [depth=4] Crawling: http://elections.maryland.gov/pdf/vrar/MSR-2008_12.pdf
2026-02-25 11:53:29,063 INFO [depth=4] Crawling: http://elections.maryland.gov/pdf/vrar/MSR-2008.pdf
2026-02-25 11:53:30,302 INFO [depth=4] Crawling: http://elections.maryland.gov/pdf/vrar/MSR-2007_01.pdf
2026-02-25 11:53:31,489 INFO [depth=4] Crawling: http://elections.maryland.gov/pdf/vrar/MSR-2007_02.pdf
2026-02-25 11:53:32,695 INFO [depth=4] Crawling: http://elections.maryland.gov/pdf/vrar/MSR-2007_03.pdf
2026-02-25 11:53:33,927 INFO [depth=4] Crawling: http://elections.maryland.gov/pdf/vrar/MSR-2007_04.pdf
2026-02-25 11:53:35,255 INFO [depth=4] Crawling: http://elections.maryland.gov/pdf/vrar/MSR-2007_05.pdf
2026-02-25 11:53:36,461 INFO [depth=4] Crawling: http://elections.maryland.gov/pdf/vrar/MSR-2007_06.pdf
2026-02-25 11:53:37,594 INFO [depth=4] Crawling: http://elections.maryland.gov/pdf/vrar/MSR-2007_07.pdf
2026-02-25 11:53:38,729 INFO [depth=4] Crawling: http://elections.maryland.gov/pdf/vrar/MSR-2007_08.pdf
2026-02-25 11:53:39,856 INFO [depth=4] Crawling: http://elections.maryland.gov/pdf/vrar/MSR-2007_09.pdf
2026-02-25 11:53:41,034 INFO [depth=4] Crawling: http://elections.maryland.gov/pdf/vrar/MSR-2007_10.pdf
2026-02-25 11:53:42,138 INFO [depth=4] Crawling: http://elections.maryland.gov/pdf/vrar/MSR-2007_11.pdf
2026-02-25 11:53:43,340 INFO [depth=4] Crawling: http://elections.maryland.gov/pdf/vrar/MSR-2007_12.pdf
2026-02-25 11:53:44,572 INFO [depth=4] Crawling: http://elections.maryland.gov/pdf/vrar/MSR-2007.pdf
2026-02-25 11:53:45,735 INFO [depth=4] Crawling: http://elections.maryland.gov/pdf/vrar/MSR-2006_01.pdf
2026-02-25 11:53:46,849 INFO [depth=4] Crawling: http://elections.maryland.gov/pdf/vrar/MSR-2006_02.pdf
2026-02-25 11:53:48,211 INFO [depth=4] Crawling: http://elections.maryland.gov/pdf/vrar/MSR-2006_03.pdf
2026-02-25 11:53:49,650 INFO [depth=4] Crawling: http://elections.maryland.gov/pdf/vrar/MSR-2006_04.pdf
2026-02-25 11:53:50,836 INFO [depth=4] Crawling: http://elections.maryland.gov/pdf/vrar/MSR-2006_05.pdf
2026-02-25 11:53:52,007 INFO [depth=4] Crawling: http://elections.maryland.gov/pdf/vrar/MSR-2006_06.pdf
2026-02-25 11:53:53,129 INFO [depth=4] Crawling: http://elections.maryland.gov/pdf/vrar/MSR-2006_07.pdf
2026-02-25 11:53:54,886 INFO [depth=4] Crawling: http://elections.maryland.gov/pdf/vrar/MSR-2006_08.pdf
2026-02-25 11:53:56,093 INFO [depth=4] Crawling: http://elections.maryland.gov/pdf/vrar/MSR-2006_09.pdf
2026-02-25 11:53:57,386 INFO [depth=4] Crawling: http://elections.maryland.gov/pdf/vrar/MSR-2006_10.pdf
2026-02-25 11:53:58,534 INFO [depth=4] Crawling: http://elections.maryland.gov/pdf/vrar/MSR-2006_11.pdf
2026-02-25 11:53:59,585 INFO [depth=4] Crawling: http://elections.maryland.gov/pdf/vrar/MSR-2006_12.pdf
2026-02-25 11:54:00,774 INFO [depth=4] Crawling: http://elections.maryland.gov/pdf/vrar/MSR-2006.pdf
2026-02-25 11:54:02,101 INFO [depth=4] Crawling: http://elections.maryland.gov/pdf/vrar/MSR-2005_01.pdf
2026-02-25 11:54:03,351 INFO [depth=4] Crawling: http://elections.maryland.gov/pdf/vrar/MSR-2005_02.pdf
2026-02-25 11:54:04,762 INFO [depth=4] Crawling: http://elections.maryland.gov/pdf/vrar/MSR-2005_03.pdf
2026-02-25 11:54:06,211 INFO [depth=4] Crawling: http://elections.maryland.gov/pdf/vrar/MSR-2005_04.pdf
2026-02-25 11:54:07,371 INFO [depth=4] Crawling: http://elections.maryland.gov/pdf/vrar/MSR-2005_05.pdf
2026-02-25 11:54:08,669 INFO [depth=4] Crawling: http://elections.maryland.gov/pdf/vrar/MSR-2005_06.pdf
2026-02-25 11:54:09,842 INFO [depth=4] Crawling: http://elections.maryland.gov/pdf/vrar/MSR-2005_07.pdf
2026-02-25 11:54:11,136 INFO [depth=4] Crawling: http://elections.maryland.gov/pdf/vrar/MSR-2005_08.pdf
2026-02-25 11:54:12,354 INFO [depth=4] Crawling: http://elections.maryland.gov/pdf/vrar/MSR-2005_09.pdf
2026-02-25 11:54:13,612 INFO [depth=4] Crawling: http://elections.maryland.gov/pdf/vrar/MSR-2005_10.pdf
2026-02-25 11:54:14,920 INFO [depth=4] Crawling: http://elections.maryland.gov/pdf/vrar/MSR-2005_11.pdf
2026-02-25 11:54:16,229 INFO [depth=4] Crawling: http://elections.maryland.gov/pdf/vrar/MSR-2005_12.pdf
2026-02-25 11:54:17,348 INFO [depth=4] Crawling: http://elections.maryland.gov/pdf/vrar/MSR-2005.pdf
2026-02-25 11:54:18,619 INFO [depth=4] Crawling: http://elections.maryland.gov/pdf/vrar/MSR-2004_01.pdf
2026-02-25 11:54:19,807 INFO [depth=4] Crawling: http://elections.maryland.gov/pdf/vrar/MSR-2004_02.pdf
2026-02-25 11:54:20,923 INFO [depth=4] Crawling: http://elections.maryland.gov/pdf/vrar/MSR-2004_03.pdf
2026-02-25 11:54:22,079 INFO [depth=4] Crawling: http://elections.maryland.gov/pdf/vrar/MSR-2004_04.pdf
2026-02-25 11:54:23,290 INFO [depth=4] Crawling: http://elections.maryland.gov/pdf/vrar/MSR-2004_05.pdf
2026-02-25 11:54:24,473 INFO [depth=4] Crawling: http://elections.maryland.gov/pdf/vrar/MSR-2004_06.pdf
2026-02-25 11:54:25,645 INFO [depth=4] Crawling: http://elections.maryland.gov/pdf/vrar/MSR-2004_07.pdf
2026-02-25 11:54:26,909 INFO [depth=4] Crawling: http://elections.maryland.gov/pdf/vrar/MSR-2004_08.pdf
2026-02-25 11:54:28,045 INFO [depth=4] Crawling: http://elections.maryland.gov/pdf/vrar/MSR-2004_09.pdf
2026-02-25 11:54:29,227 INFO [depth=4] Crawling: http://elections.maryland.gov/pdf/vrar/MSR-2004_10.pdf
2026-02-25 11:54:30,462 INFO [depth=4] Crawling: http://elections.maryland.gov/pdf/vrar/MSR-2004_11.pdf
2026-02-25 11:54:31,594 INFO [depth=4] Crawling: http://elections.maryland.gov/pdf/vrar/MSR-2004_12.pdf
2026-02-25 11:54:32,660 INFO [depth=4] Crawling: http://elections.maryland.gov/pdf/vrar/MSR-2004.pdf
2026-02-25 11:54:33,794 INFO [depth=4] Crawling: http://elections.maryland.gov/pdf/vrar/MSR-2003_01.pdf
2026-02-25 11:54:34,935 INFO [depth=4] Crawling: http://elections.maryland.gov/pdf/vrar/MSR-2003_02.pdf
2026-02-25 11:54:36,012 INFO [depth=4] Crawling: http://elections.maryland.gov/pdf/vrar/MSR-2003_03.pdf
2026-02-25 11:54:37,256 INFO [depth=4] Crawling: http://elections.maryland.gov/pdf/vrar/MSR-2003_04.pdf
2026-02-25 11:54:38,704 INFO [depth=4] Crawling: http://elections.maryland.gov/pdf/vrar/MSR-2003_05.pdf
2026-02-25 11:54:39,963 INFO [depth=4] Crawling: http://elections.maryland.gov/pdf/vrar/MSR-2003_06.pdf
2026-02-25 11:54:41,230 INFO [depth=4] Crawling: http://elections.maryland.gov/pdf/vrar/MSR-2003_07.pdf
2026-02-25 11:54:42,455 INFO [depth=4] Crawling: http://elections.maryland.gov/pdf/vrar/MSR-2003_08.pdf
2026-02-25 11:54:43,760 INFO [depth=4] Crawling: http://elections.maryland.gov/pdf/vrar/MSR-2003_09.pdf
2026-02-25 11:54:44,926 INFO [depth=4] Crawling: http://elections.maryland.gov/pdf/vrar/MSR-2003_10.pdf
2026-02-25 11:54:46,191 INFO [depth=4] Crawling: http://elections.maryland.gov/pdf/vrar/MSR-2003_11.pdf
2026-02-25 11:54:47,361 INFO [depth=4] Crawling: http://elections.maryland.gov/pdf/vrar/MSR-2003_12.pdf
2026-02-25 11:54:48,679 INFO [depth=4] Crawling: http://elections.maryland.gov/pdf/vrar/MSR-2003.pdf
2026-02-25 11:54:50,194 INFO [depth=4] Crawling: http://elections.maryland.gov/pdf/vrar/MSR-2002_01.pdf
2026-02-25 11:54:51,529 INFO [depth=4] Crawling: http://elections.maryland.gov/pdf/vrar/MSR-2002_02.pdf
2026-02-25 11:54:52,646 INFO [depth=4] Crawling: http://elections.maryland.gov/pdf/vrar/MSR-2002_03.pdf
2026-02-25 11:54:53,845 INFO [depth=4] Crawling: http://elections.maryland.gov/pdf/vrar/MSR-2002_04.pdf
2026-02-25 11:54:55,023 INFO [depth=4] Crawling: http://elections.maryland.gov/pdf/vrar/MSR-2002_05.pdf
2026-02-25 11:54:56,630 INFO [depth=4] Crawling: http://elections.maryland.gov/pdf/vrar/MSR-2002_06.pdf
2026-02-25 11:54:57,972 INFO [depth=4] Crawling: http://elections.maryland.gov/pdf/vrar/MSR-2002_07.pdf
2026-02-25 11:54:59,313 INFO [depth=4] Crawling: http://elections.maryland.gov/pdf/vrar/MSR-2002_08.pdf
2026-02-25 11:55:00,634 INFO [depth=4] Crawling: http://elections.maryland.gov/pdf/vrar/MSR-2002_09.pdf
2026-02-25 11:55:02,293 INFO [depth=4] Crawling: http://elections.maryland.gov/pdf/vrar/MSR-2002_10.pdf
2026-02-25 11:55:03,659 INFO [depth=4] Crawling: http://elections.maryland.gov/pdf/vrar/MSR-2002_11.pdf
2026-02-25 11:55:05,005 INFO [depth=4] Crawling: http://elections.maryland.gov/pdf/vrar/MSR-2002_12.pdf
2026-02-25 11:55:06,628 INFO [depth=4] Crawling: http://elections.maryland.gov/pdf/vrar/MSR-2002.pdf
2026-02-25 11:55:07,812 INFO [depth=4] Crawling: http://elections.maryland.gov/pdf/vrar/MSR-2001_01.pdf
2026-02-25 11:55:09,083 INFO [depth=4] Crawling: http://elections.maryland.gov/pdf/vrar/MSR-2001_02.pdf
2026-02-25 11:55:10,691 INFO [depth=4] Crawling: http://elections.maryland.gov/pdf/vrar/MSR-2001_03.pdf
2026-02-25 11:55:11,986 INFO [depth=4] Crawling: http://elections.maryland.gov/pdf/vrar/MSR-2001_04.pdf
2026-02-25 11:55:13,214 INFO [depth=4] Crawling: http://elections.maryland.gov/pdf/vrar/MSR-2001_05.pdf
2026-02-25 11:55:14,404 INFO [depth=4] Crawling: http://elections.maryland.gov/pdf/vrar/MSR-2001_06.pdf
2026-02-25 11:55:15,704 INFO [depth=4] Crawling: http://elections.maryland.gov/pdf/vrar/MSR-2001_07.pdf
2026-02-25 11:55:16,860 INFO [depth=4] Crawling: http://elections.maryland.gov/pdf/vrar/MSR-2001_08.pdf
2026-02-25 11:55:18,114 INFO [depth=4] Crawling: http://elections.maryland.gov/pdf/vrar/MSR-2001_09.pdf
2026-02-25 11:55:19,313 INFO [depth=4] Crawling: http://elections.maryland.gov/pdf/vrar/MSR-2001_10.pdf
2026-02-25 11:55:20,562 INFO [depth=4] Crawling: http://elections.maryland.gov/pdf/vrar/MSR-2001_11.pdf
2026-02-25 11:55:21,736 INFO [depth=4] Crawling: http://elections.maryland.gov/pdf/vrar/MSR-2001_12.pdf
2026-02-25 11:55:23,317 INFO [depth=4] Crawling: http://elections.maryland.gov/pdf/vrar/MSR-2001.pdf
2026-02-25 11:55:24,556 INFO [depth=4] Crawling: http://elections.maryland.gov/pdf/vrar/MSR-2000_01.pdf
2026-02-25 11:55:26,352 INFO [depth=4] Crawling: http://elections.maryland.gov/pdf/vrar/MSR-2000_02.pdf
2026-02-25 11:55:28,185 INFO [depth=4] Crawling: http://elections.maryland.gov/pdf/vrar/MSR-2000_03.pdf
2026-02-25 11:55:30,297 INFO [depth=4] Crawling: http://elections.maryland.gov/pdf/vrar/MSR-2000_04.pdf
2026-02-25 11:55:31,418 INFO [depth=4] Crawling: http://elections.maryland.gov/pdf/vrar/MSR-2000_05.pdf
2026-02-25 11:55:32,524 INFO [depth=4] Crawling: http://elections.maryland.gov/pdf/vrar/MSR-2000_06.pdf
2026-02-25 11:55:33,625 INFO [depth=4] Crawling: http://elections.maryland.gov/pdf/vrar/MSR-2000_07.pdf
2026-02-25 11:55:34,952 INFO [depth=4] Crawling: http://elections.maryland.gov/pdf/vrar/MSR-2000_08.pdf
2026-02-25 11:55:36,165 INFO [depth=4] Crawling: http://elections.maryland.gov/pdf/vrar/MSR-2000_09.pdf
2026-02-25 11:55:37,327 INFO [depth=4] Crawling: http://elections.maryland.gov/pdf/vrar/MSR-2000_10.pdf
2026-02-25 11:55:39,049 INFO [depth=4] Crawling: http://elections.maryland.gov/pdf/vrar/MSR-2000_11.pdf
2026-02-25 11:55:40,220 INFO [depth=4] Crawling: http://elections.maryland.gov/pdf/vrar/MSR-2000_12.pdf
2026-02-25 11:55:41,400 INFO [depth=4] Crawling: http://elections.maryland.gov/pdf/vrar/MSR-2000.pdf
2026-02-25 11:55:43,039 INFO [depth=4] Crawling: http://elections.maryland.gov/press_room/2024_stats/PG24/Eligible Active Voters by County - PG24.pdf
2026-02-25 11:55:44,870 INFO [depth=4] Crawling: http://elections.maryland.gov/press_room/2024_stats/PG24/Eligible Active Voters by Congressional - PG24.pdf
2026-02-25 11:55:45,933 INFO [depth=4] Crawling: http://elections.maryland.gov/press_room/2024_stats/PG24/Eligible Active Voters by Legislative - PG24.pdf
2026-02-25 11:55:47,106 INFO [depth=4] Crawling: http://elections.maryland.gov/press_room/2024_stats/PG24/Eligible Active Voters by Councilmanic - PG24.pdf
2026-02-25 11:55:48,289 INFO [depth=4] Crawling: http://elections.maryland.gov/press_room/2024_stats/PG24/Eligible Active Voters by County - PG24.xlsx
2026-02-25 11:55:49,830 INFO [depth=4] Crawling: http://elections.maryland.gov/press_room/2024_stats/PG24/Eligible Active Voters by Congressional - PG24.xlsx
2026-02-25 11:55:51,007 INFO [depth=4] Crawling: http://elections.maryland.gov/press_room/2024_stats/PG24/Eligible Active Voters by Legislative - PG24.xlsx
2026-02-25 11:55:52,125 INFO [depth=4] Crawling: http://elections.maryland.gov/press_room/2024_stats/PG24/Eligible Active Voters by Councilmanic - PG24.xlsx
2026-02-25 11:55:54,135 INFO [depth=4] Crawling: http://elections.maryland.gov/press_room/2024_stats/Eligible Active Voters by County - PP24.pdf
2026-02-25 11:55:55,386 INFO [depth=4] Crawling: http://elections.maryland.gov/press_room/2024_stats/Eligible Active Voters by Congressional - PP24.pdf
2026-02-25 11:55:56,761 INFO [depth=4] Crawling: http://elections.maryland.gov/press_room/2024_stats/Eligible Active Voters by Legislative - PP24.pdf
2026-02-25 11:55:57,942 INFO [depth=4] Crawling: http://elections.maryland.gov/press_room/2024_stats/Eligible Active Voters by Councilmanic - PP24.pdf
2026-02-25 11:55:59,054 INFO [depth=4] Crawling: http://elections.maryland.gov/press_room/2024_stats/Eligible Active Voters by County - PP24.xlsx
2026-02-25 11:56:00,035 INFO [depth=4] Crawling: http://elections.maryland.gov/press_room/2024_stats/Eligible Active Voters by Congressional - PP24.xlsx
2026-02-25 11:56:01,029 INFO [depth=4] Crawling: http://elections.maryland.gov/press_room/2024_stats/Eligible Active Voters by Legislative - PP24.xlsx
2026-02-25 11:56:02,210 INFO [depth=4] Crawling: http://elections.maryland.gov/press_room/2024_stats/Eligible Active Voters by Councilmanic - PP24.xlsx
2026-02-25 11:56:03,177 INFO [depth=4] Crawling: http://elections.maryland.gov/press_room/2022_stats/GG22/Eligible Active Voters by County - GG22.pdf
2026-02-25 11:56:04,436 INFO [depth=4] Crawling: http://elections.maryland.gov/press_room/2022_stats/GG22/Eligible Active Voters by Congressional - GG22.pdf
2026-02-25 11:56:05,672 INFO [depth=4] Crawling: http://elections.maryland.gov/press_room/2022_stats/GG22/Eligible Active Voters by Legislative - GG22.pdf
2026-02-25 11:56:06,836 INFO [depth=4] Crawling: http://elections.maryland.gov/press_room/2022_stats/GG22/Eligible Active Voters by Councilmanic - GG22.pdf
2026-02-25 11:56:08,076 INFO [depth=4] Crawling: http://elections.maryland.gov/press_room/2022_stats/GG22/Eligible Active Voters by County - GG22.xlsx
2026-02-25 11:56:09,205 INFO [depth=4] Crawling: http://elections.maryland.gov/press_room/2022_stats/GG22/Eligible Active Voters by Congressional - GG22.xlsx
2026-02-25 11:56:10,171 INFO [depth=4] Crawling: http://elections.maryland.gov/press_room/2022_stats/GG22/Eligible Active Voters by Legislative - GG22.xlsx
2026-02-25 11:56:11,118 INFO [depth=4] Crawling: http://elections.maryland.gov/press_room/2022_stats/GG22/Eligible Active Voters by Councilmanic - GG22.xlsx
2026-02-25 11:56:12,270 INFO [depth=4] Crawling: http://elections.maryland.gov/press_room/2022_stats/Eligible Active Voters by County - GP22.pdf
2026-02-25 11:56:13,552 INFO [depth=4] Crawling: http://elections.maryland.gov/press_room/2022_stats/Eligible Active Voters by Congressional - GP22.pdf
2026-02-25 11:56:14,873 INFO [depth=4] Crawling: http://elections.maryland.gov/press_room/2022_stats/Eligible Active Voters by Legislative - GP22.pdf
2026-02-25 11:56:16,116 INFO [depth=4] Crawling: http://elections.maryland.gov/press_room/2022_stats/Eligible Active Voters by Councilmanic - GP22.pdf
2026-02-25 11:56:17,363 INFO [depth=4] Crawling: http://elections.maryland.gov/press_room/2022_stats/Eligible Active Voters by County - GP22.xlsx
2026-02-25 11:56:18,326 INFO [depth=4] Crawling: http://elections.maryland.gov/press_room/2022_stats/Eligible Active Voters by Congressional - GP22.xlsx
2026-02-25 11:56:19,349 INFO [depth=4] Crawling: http://elections.maryland.gov/press_room/2022_stats/Eligible Active Voters by Legislative - GP22.xlsx
2026-02-25 11:56:20,335 INFO [depth=4] Crawling: http://elections.maryland.gov/press_room/2022_stats/Eligible Active Voters by Councilmanic - GP22.xlsx
2026-02-25 11:56:21,348 INFO [depth=4] Crawling: http://elections.maryland.gov/press_room/2020_stats/Eligible Active Voters by County - PG20.pdf
2026-02-25 11:56:22,468 INFO [depth=4] Crawling: http://elections.maryland.gov/press_room/2020_stats/Eligible Active Voters by Congressional - PG20.pdf
2026-02-25 11:56:23,923 INFO [depth=4] Crawling: http://elections.maryland.gov/press_room/2020_stats/Eligible Active Voters by Legislative - PG20.pdf
2026-02-25 11:56:25,215 INFO [depth=4] Crawling: http://elections.maryland.gov/press_room/2020_stats/Eligible Active Voters by Councilmanic - PG20.pdf
2026-02-25 11:56:26,597 INFO [depth=4] Crawling: http://elections.maryland.gov/press_room/2020_stats/Eligible Active Voters by County - PG20.xlsx
2026-02-25 11:56:27,828 INFO [depth=4] Crawling: http://elections.maryland.gov/press_room/2020_stats/Eligible Active Voters by Congressional - PG20.xlsx
2026-02-25 11:56:32,177 INFO [depth=4] Crawling: http://elections.maryland.gov/press_room/2020_stats/Eligible Active Voters by Legislative - PG20.xlsx
2026-02-25 11:56:33,594 INFO [depth=4] Crawling: http://elections.maryland.gov/press_room/2020_stats/Eligible Active Voters by Councilmanic - PG20.xlsx
2026-02-25 11:56:34,763 INFO [depth=4] Crawling: http://elections.maryland.gov/press_room/2020_stats/Eligible Active Voters by County - Weekly.pdf
2026-02-25 11:56:37,626 INFO [depth=4] Crawling: http://elections.maryland.gov/press_room/2020_stats/Eligible Active Voters by Congressional - Weekly.pdf
2026-02-25 11:56:38,799 INFO [depth=4] Crawling: http://elections.maryland.gov/press_room/2020_stats/Eligible Active Voters by Legislative - Weekly.pdf
2026-02-25 11:56:40,062 INFO [depth=4] Crawling: http://elections.maryland.gov/press_room/2020_stats/Eligible Active Voters by County - Weekly.xlsx
2026-02-25 11:56:46,055 INFO [depth=4] Crawling: http://elections.maryland.gov/press_room/2020_stats/Eligible Active Voters by Congressional - Weekly.xlsx
2026-02-25 11:56:47,193 INFO [depth=4] Crawling: http://elections.maryland.gov/voter_registration/2020_stats/Eligible Active Voters by Legislative - Weekly.xlsx
2026-02-25 11:56:47,374 INFO HTTP 404 — marking failed: http://elections.maryland.gov/voter_registration/2020_stats/Eligible Active Voters by Legislative - Weekly.xlsx
2026-02-25 11:56:47,375 INFO [depth=4] Crawling: http://elections.maryland.gov/press_room/2018_stats/GG18_Eligible_Active_Voters_by_County.pdf
2026-02-25 11:56:48,464 INFO [depth=4] Crawling: http://elections.maryland.gov/press_room/2018_stats/GG18_Eligible_Active_Voters_by_Congressional.pdf
2026-02-25 11:56:49,704 INFO [depth=4] Crawling: http://elections.maryland.gov/press_room/2018_stats/GG18_Eligible_Active_Voters_by_Legislative.pdf
2026-02-25 11:56:50,885 INFO [depth=4] Crawling: http://elections.maryland.gov/press_room/2018_stats/GG18_Eligible_Active_Voters_by_County.xlsx
2026-02-25 11:56:51,928 INFO [depth=4] Crawling: http://elections.maryland.gov/press_room/2018_stats/GG18_Eligible_Active_Voters_by_Congressional.xlsx
2026-02-25 11:56:53,035 INFO [depth=4] Crawling: http://elections.maryland.gov/press_room/2018_stats/GG18_Eligible_Active_Voters_by_Legislative.xlsx
2026-02-25 11:56:54,007 INFO [depth=4] Crawling: http://elections.maryland.gov/press_room/2018_stats/GP18_Eligible_Active_Voters_by_County.pdf
2026-02-25 11:56:55,279 INFO [depth=4] Crawling: http://elections.maryland.gov/press_room/2018_stats/GP18_Eligible_Active_Voters_by_Congressional.pdf
2026-02-25 11:56:56,547 INFO [depth=4] Crawling: http://elections.maryland.gov/press_room/2018_stats/GP18_Eligible_Active_Voters_by_Legislative.pdf
2026-02-25 11:56:57,693 INFO [depth=4] Crawling: http://elections.maryland.gov/press_room/2018_stats/GP18_Eligible_Active_Voters_by_County.xlsx
2026-02-25 11:56:58,657 INFO [depth=4] Crawling: http://elections.maryland.gov/press_room/2018_stats/GP18_Eligible_Active_Voters_by_Congressional.xlsx
2026-02-25 11:56:59,627 INFO [depth=4] Crawling: http://elections.maryland.gov/press_room/2018_stats/GP18_Eligible_Active_Voters_by_Legislative.xlsx
2026-02-25 11:57:00,828 INFO [depth=4] Crawling: http://elections.maryland.gov/press_room/2016_stats/PG16_Eligible_Active_Voters_by_County.pdf
2026-02-25 11:57:18,729 INFO [depth=4] Crawling: http://elections.maryland.gov/press_room/2016_stats/PG16_Eligible_Active_Voters_by_Congressional.pdf
2026-02-25 11:57:22,164 INFO [depth=4] Crawling: http://elections.maryland.gov/press_room/2016_stats/PG16_Eligible_Active_Voters_by_Legislative.pdf
2026-02-25 11:57:23,913 INFO [depth=4] Crawling: http://elections.maryland.gov/press_room/2016_stats/PG16_Eligible_Active_Voters_by_County.xlsx
2026-02-25 11:57:25,858 INFO [depth=4] Crawling: http://elections.maryland.gov/press_room/2016_stats/PG16_Eligible_Active_Voters_by_Congressional.xlsx
2026-02-25 11:57:27,045 INFO [depth=4] Crawling: http://elections.maryland.gov/press_room/2016_stats/PG16_Eligible_Active_Voters_by_Legislative.xlsx
2026-02-25 11:57:28,160 INFO [depth=4] Crawling: http://elections.maryland.gov/press_room/2016_stats/PrecinctRegisterCounts_ByCounty.pdf
2026-02-25 11:57:29,556 INFO [depth=4] Crawling: http://elections.maryland.gov/press_room/2016_stats/PrecinctRegisterCounts_ByCongressionalDistrict.pdf
2026-02-25 11:57:30,754 INFO [depth=4] Crawling: http://elections.maryland.gov/press_room/2016_stats/PrecinctRegisterCounts_ByLegislativeDistrict.pdf
2026-02-25 11:57:31,961 INFO [depth=4] Crawling: http://elections.maryland.gov/press_room/2016_stats/PrecinctRegisterCounts_ByCounty.xlsx
2026-02-25 11:57:33,039 INFO [depth=4] Crawling: http://elections.maryland.gov/press_room/2016_stats/PrecinctRegisterCounts_ByCongressionalDistrict.xlsx
2026-02-25 11:57:34,078 INFO [depth=4] Crawling: http://elections.maryland.gov/press_room/2016_stats/PrecinctRegisterCounts_ByLegislativeDistrict.xlsx
2026-02-25 11:57:35,065 INFO [depth=4] Crawling: http://elections.maryland.gov/press_room/2014_stats/PrecinctRegisterCounts_ByCounty_GG14.pdf
2026-02-25 11:57:36,457 INFO [depth=4] Crawling: http://elections.maryland.gov/press_room/2014_stats/PrecinctRegisterCounts_ByCongressionalDistrict_GG14_GG14.pdf
2026-02-25 11:57:37,925 INFO [depth=4] Crawling: http://elections.maryland.gov/press_room/2014_stats/PrecinctRegisterCounts_ByLegislativeDistrict_GG14.pdf
2026-02-25 11:57:39,262 INFO [depth=4] Crawling: http://elections.maryland.gov/press_room/2014_stats/PrecinctRegisterCounts_ByCounty_GG14.xls
2026-02-25 11:57:40,375 INFO [depth=4] Crawling: http://elections.maryland.gov/press_room/2014_stats/PrecinctRegisterCounts_ByCongressionalDistrict_GG14.xls
2026-02-25 11:57:41,895 INFO [depth=4] Crawling: http://elections.maryland.gov/press_room/2014_stats/PrecinctRegisterCounts_ByLegislativeDistrict_GG14.xls
2026-02-25 11:57:42,869 INFO [depth=4] Crawling: http://elections.maryland.gov/press_room/2014_stats/PrecinctRegisterCounts_ByCounty.pdf
2026-02-25 11:57:46,338 INFO [depth=4] Crawling: http://elections.maryland.gov/press_room/2014_stats/PrecinctRegisterCounts_ByCongressionalDistrict.pdf
2026-02-25 11:57:47,973 INFO [depth=4] Crawling: http://elections.maryland.gov/press_room/2014_stats/PrecinctRegisterCounts_ByLegislativeDistrict.pdf
2026-02-25 11:57:49,266 INFO [depth=4] Crawling: http://elections.maryland.gov/press_room/2014_stats/PrecinctRegisterCounts_ByCounty.xls
2026-02-25 11:57:50,265 INFO [depth=4] Crawling: http://elections.maryland.gov/press_room/2014_stats/PrecinctRegisterCounts_ByCongressionalDistrict.xls
2026-02-25 11:57:56,866 INFO [depth=4] Crawling: http://elections.maryland.gov/press_room/2014_stats/PrecinctRegisterCounts_ByLegislativeDistrict.xls
2026-02-25 11:57:58,478 INFO [depth=4] Crawling: http://elections.maryland.gov/press_room/documents/PG12/PrecinctRegisterCounts/Statewide.pdf
2026-02-25 11:58:06,534 INFO [depth=4] Crawling: http://elections.maryland.gov/press_room/documents/PG12/PrecinctRegisterCounts/byprecinct.xls
2026-02-25 11:58:07,551 INFO [depth=4] Crawling: http://elections.maryland.gov/press_room/documents/PG12/PrecinctRegisterCounts/allegany.pdf
2026-02-25 11:58:08,856 INFO [depth=4] Crawling: http://elections.maryland.gov/press_room/documents/PG12/PrecinctRegisterCounts/aa.pdf
2026-02-25 11:58:10,045 INFO [depth=4] Crawling: http://elections.maryland.gov/press_room/documents/PG12/PrecinctRegisterCounts/bcity.pdf
2026-02-25 11:58:11,444 INFO [depth=4] Crawling: http://elections.maryland.gov/press_room/documents/PG12/PrecinctRegisterCounts/bcounty.pdf
2026-02-25 11:58:12,878 INFO [depth=4] Crawling: http://elections.maryland.gov/press_room/documents/PG12/PrecinctRegisterCounts/calvert.pdf
2026-02-25 11:58:14,658 INFO [depth=4] Crawling: http://elections.maryland.gov/press_room/documents/PG12/PrecinctRegisterCounts/caroline.pdf
2026-02-25 11:58:17,069 INFO [depth=4] Crawling: http://elections.maryland.gov/press_room/documents/PG12/PrecinctRegisterCounts/carroll.pdf
2026-02-25 11:58:18,306 INFO [depth=4] Crawling: http://elections.maryland.gov/press_room/documents/PG12/PrecinctRegisterCounts/cecil.pdf
2026-02-25 11:58:19,578 INFO [depth=4] Crawling: http://elections.maryland.gov/press_room/documents/PG12/PrecinctRegisterCounts/charles.pdf
2026-02-25 11:58:21,102 INFO [depth=4] Crawling: http://elections.maryland.gov/press_room/documents/PG12/PrecinctRegisterCounts/dorchester.pdf
2026-02-25 11:58:22,406 INFO [depth=4] Crawling: http://elections.maryland.gov/press_room/documents/PG12/PrecinctRegisterCounts/frederick.pdf
2026-02-25 11:58:24,051 INFO [depth=4] Crawling: http://elections.maryland.gov/press_room/documents/PG12/PrecinctRegisterCounts/garrett.pdf
2026-02-25 11:58:25,759 INFO [depth=4] Crawling: http://elections.maryland.gov/press_room/documents/PG12/PrecinctRegisterCounts/harford.pdf
2026-02-25 11:58:28,022 INFO [depth=4] Crawling: http://elections.maryland.gov/press_room/documents/PG12/PrecinctRegisterCounts/howard.pdf
2026-02-25 11:58:29,164 INFO [depth=4] Crawling: http://elections.maryland.gov/press_room/documents/PG12/PrecinctRegisterCounts/kent.pdf
2026-02-25 11:58:30,407 INFO [depth=4] Crawling: http://elections.maryland.gov/press_room/documents/PG12/PrecinctRegisterCounts/montgomery.pdf
2026-02-25 11:58:31,848 INFO [depth=4] Crawling: http://elections.maryland.gov/press_room/documents/PG12/PrecinctRegisterCounts/pg.pdf
2026-02-25 11:58:33,110 INFO [depth=4] Crawling: http://elections.maryland.gov/press_room/documents/PG12/PrecinctRegisterCounts/qa.pdf
2026-02-25 11:58:34,395 INFO [depth=4] Crawling: http://elections.maryland.gov/press_room/documents/PG12/PrecinctRegisterCounts/sm.pdf
2026-02-25 11:58:36,703 INFO [depth=4] Crawling: http://elections.maryland.gov/press_room/documents/PG12/PrecinctRegisterCounts/somerset.pdf
2026-02-25 11:58:37,795 INFO [depth=4] Crawling: http://elections.maryland.gov/press_room/documents/PG12/PrecinctRegisterCounts/talbot.pdf
2026-02-25 11:58:38,961 INFO [depth=4] Crawling: http://elections.maryland.gov/press_room/documents/PG12/PrecinctRegisterCounts/washington.pdf
2026-02-25 11:58:40,297 INFO [depth=4] Crawling: http://elections.maryland.gov/press_room/documents/PG12/PrecinctRegisterCounts/wicomico.pdf
2026-02-25 11:58:41,492 INFO [depth=4] Crawling: http://elections.maryland.gov/press_room/documents/PG12/PrecinctRegisterCounts/worcester.pdf
2026-02-25 11:58:42,755 INFO [depth=4] Crawling: http://elections.maryland.gov/press_room/documents/PP12/PrecinctRegisterCounts/statewide.pdf
2026-02-25 11:58:43,901 INFO [depth=4] Crawling: http://elections.maryland.gov/press_room/documents/PP12/PrecinctRegisterCounts/byprecinct.xls
2026-02-25 11:58:44,928 INFO [depth=4] Crawling: http://elections.maryland.gov/press_room/documents/PP12/PrecinctRegisterCounts/allegany.pdf
2026-02-25 11:58:46,672 INFO [depth=4] Crawling: http://elections.maryland.gov/press_room/documents/PP12/PrecinctRegisterCounts/aa.pdf
2026-02-25 11:58:48,453 INFO [depth=4] Crawling: http://elections.maryland.gov/press_room/documents/PP12/PrecinctRegisterCounts/bcity.pdf
2026-02-25 11:58:49,560 INFO [depth=4] Crawling: http://elections.maryland.gov/press_room/documents/PP12/PrecinctRegisterCounts/bcounty.pdf
2026-02-25 11:58:50,891 INFO [depth=4] Crawling: http://elections.maryland.gov/press_room/documents/PP12/PrecinctRegisterCounts/calvert.pdf
2026-02-25 11:58:52,289 INFO [depth=4] Crawling: http://elections.maryland.gov/press_room/documents/PP12/PrecinctRegisterCounts/caroline.pdf
2026-02-25 11:58:53,468 INFO [depth=4] Crawling: http://elections.maryland.gov/press_room/documents/PP12/PrecinctRegisterCounts/carroll.pdf
2026-02-25 11:58:55,107 INFO [depth=4] Crawling: http://elections.maryland.gov/press_room/documents/PP12/PrecinctRegisterCounts/cecil.pdf
2026-02-25 11:58:57,152 INFO [depth=4] Crawling: http://elections.maryland.gov/press_room/documents/PP12/PrecinctRegisterCounts/charles.pdf
2026-02-25 11:58:58,853 INFO [depth=4] Crawling: http://elections.maryland.gov/press_room/documents/PP12/PrecinctRegisterCounts/dorchester.pdf
2026-02-25 11:59:00,145 INFO [depth=4] Crawling: http://elections.maryland.gov/press_room/documents/PP12/PrecinctRegisterCounts/frederick.pdf
2026-02-25 11:59:01,527 INFO [depth=4] Crawling: http://elections.maryland.gov/press_room/documents/PP12/PrecinctRegisterCounts/garrett.pdf
2026-02-25 11:59:02,858 INFO [depth=4] Crawling: http://elections.maryland.gov/press_room/documents/PP12/PrecinctRegisterCounts/harford.pdf
2026-02-25 11:59:04,275 INFO [depth=4] Crawling: http://elections.maryland.gov/press_room/documents/PP12/PrecinctRegisterCounts/howard.pdf
2026-02-25 11:59:05,575 INFO [depth=4] Crawling: http://elections.maryland.gov/press_room/documents/PP12/PrecinctRegisterCounts/kent.pdf
2026-02-25 11:59:06,760 INFO [depth=4] Crawling: http://elections.maryland.gov/press_room/documents/PP12/PrecinctRegisterCounts/montgomery.pdf
2026-02-25 11:59:07,966 INFO [depth=4] Crawling: http://elections.maryland.gov/press_room/documents/PP12/PrecinctRegisterCounts/pg.pdf
2026-02-25 11:59:09,189 INFO [depth=4] Crawling: http://elections.maryland.gov/press_room/documents/PP12/PrecinctRegisterCounts/qa.pdf
2026-02-25 11:59:10,441 INFO [depth=4] Crawling: http://elections.maryland.gov/press_room/documents/PP12/PrecinctRegisterCounts/sm.pdf
2026-02-25 11:59:11,667 INFO [depth=4] Crawling: http://elections.maryland.gov/press_room/documents/PP12/PrecinctRegisterCounts/somerset.pdf
2026-02-25 11:59:12,783 INFO [depth=4] Crawling: http://elections.maryland.gov/press_room/documents/PP12/PrecinctRegisterCounts/talbot.pdf
2026-02-25 11:59:13,952 INFO [depth=4] Crawling: http://elections.maryland.gov/press_room/documents/PP12/PrecinctRegisterCounts/washington.pdf
2026-02-25 11:59:15,242 INFO [depth=4] Crawling: http://elections.maryland.gov/press_room/documents/PP12/PrecinctRegisterCounts/wicomico.pdf
2026-02-25 11:59:16,381 INFO [depth=4] Crawling: http://elections.maryland.gov/press_room/documents/PP12/PrecinctRegisterCounts/worcester.pdf
2026-02-25 11:59:17,577 INFO [depth=4] Crawling: http://elections.maryland.gov/voter_registration/documents/precinctregistercounts_bcp11.pdf
2026-02-25 11:59:19,117 INFO [depth=4] Crawling: http://elections.maryland.gov/voter_registration/documents/precinctregistercounts_byprecinct.xls
2026-02-25 11:59:20,080 INFO [depth=4] Crawling: http://elections.maryland.gov/voter_registration/archive_bydistricts.html
2026-02-25 11:59:21,123 INFO [depth=4] Crawling: http://elections.maryland.gov/candidacy/documents/SOO.pdf
2026-02-25 11:59:22,496 INFO [depth=4] Crawling: http://elections.maryland.gov/candidacy/documents/local_candidate_filing_packages.pdf
2026-02-25 11:59:23,627 INFO [depth=4] Crawling: http://elections.maryland.gov/candidacy/documents/DeclarationofIntenttoSeekNominationbyPetition.pdf
2026-02-25 11:59:25,089 INFO [depth=4] Crawling: http://elections.maryland.gov/candidacy/documents/Voter_Counts_for_Petitions.pdf
2026-02-25 11:59:26,428 INFO [depth=4] Crawling: http://elections.maryland.gov/candidacy/ccf.sbe@maryland.gov
2026-02-25 11:59:26,601 INFO HTTP 404 — marking failed: http://elections.maryland.gov/candidacy/ccf.sbe@maryland.gov
2026-02-25 11:59:26,602 INFO [depth=4] Crawling: http://elections.maryland.gov/candidacy/documents/Write_In_Candidate_Information_2016_final.pdf
2026-02-25 11:59:27,741 INFO [depth=4] Crawling: http://elections.maryland.gov/forms/petitions.html
2026-02-25 11:59:28,713 INFO [depth=4] Crawling: http://elections.maryland.gov/candidacy/candidate_filing.html
2026-02-25 11:59:29,720 INFO [depth=4] Crawling: http://elections.maryland.gov/press_room/Dis-Misinformation.html
2026-02-25 11:59:30,730 INFO [depth=4] Crawling: http://elections.maryland.gov/press_room/documents/2026/US_Dept_of_Homeland_Security-Elections_Release.pdf
2026-02-25 11:59:31,886 INFO [depth=4] Crawling: http://elections.maryland.gov/press_room/documents/2026/MD_State_Administrator_of_Elections_Addresses_MisDisinformation_of_Nationalization_of_Elections.pdf
2026-02-25 11:59:33,250 INFO [depth=4] Crawling: http://elections.maryland.gov/press_room/documents/2026/MSBE_Launches_Modernized_Campaign_Finance_Reporting_Systems.pdf
2026-02-25 11:59:34,594 INFO [depth=4] Crawling: http://elections.maryland.gov/press_room/documents/2026/USPS_Policy_Change_Press_Release.pdf
2026-02-25 11:59:35,861 INFO [depth=4] Crawling: http://elections.maryland.gov/press_room/2026_stats/PMIBs/Report_Per_Abs_Monthly.pdf
2026-02-25 11:59:37,195 INFO [depth=4] Crawling: http://elections.maryland.gov/press_room/2026_stats/PMIBs/Report_Per_Abs_Monthly.xlsx
2026-02-25 11:59:38,183 INFO [depth=4] Crawling: http://elections.maryland.gov/press_room/documents/2025/Defenders_of_Democracy_2025_Final.pdf
2026-02-25 11:59:39,280 INFO [depth=4] Crawling: http://elections.maryland.gov/press_room/documents/2025/2025-09-30-Non-Citizen_Inquiry.pdf
2026-02-25 11:59:40,421 INFO [depth=4] Crawling: http://elections.maryland.gov/press_room/documents/2025/SBE_domestic_violence_awareness_2025.pdf
2026-02-25 11:59:41,889 INFO [depth=4] Crawling: http://elections.maryland.gov/press_room/documents/2025/SBE_national_voter_registration_day_2025.pdf
2026-02-25 11:59:43,244 INFO [depth=4] Crawling: http://elections.maryland.gov/press_room/documents/2025/SBE_Creates_High_School_Senior_Voter_Registration_Contest_SP_9.2025.pdf
2026-02-25 11:59:44,470 INFO [depth=4] Crawling: http://elections.maryland.gov/press_room/documents/2025/SBE Clearie Award_FINAL.pdf
2026-02-25 11:59:45,683 INFO [depth=4] Crawling: http://elections.maryland.gov/press_room/documents/2025/Jones Retirement Announcement 4.3.25.pdf
2026-02-25 11:59:46,828 INFO [depth=4] Crawling: http://elections.maryland.gov/press_room/documents/2025/Statement_on_Executive_Order_3-26-2025.pdf
2026-02-25 11:59:48,075 INFO [depth=4] Crawling: http://elections.maryland.gov/press_room/documents/2025/Maryland State Board of Elections Highlights Key Voting Information 2025 Special Election_FINAL_.pdf
2026-02-25 11:59:49,264 INFO [depth=4] Crawling: http://elections.maryland.gov/press_room/documents/2025/SBE_PR Informacion Clave Elecciones Especiales PG County_ES_1.2025.pdf
2026-02-25 11:59:50,653 INFO [depth=4] Crawling: http://elections.maryland.gov/press_room/2025_stats/PMIBs/Report_Per_Abs_Monthly.pdf
2026-02-25 11:59:51,935 INFO [depth=4] Crawling: http://elections.maryland.gov/press_room/2025_stats/PMIBs/Report_Per_Abs_Monthly.xlsx
2026-02-25 11:59:52,904 INFO [depth=4] Crawling: http://elections.maryland.gov/press_room/2024_stats/SPG25/ZOfficial by Party and County_GP22Only.pdf
2026-02-25 11:59:54,273 INFO [depth=4] Crawling: http://elections.maryland.gov/press_room/2024_stats/SPG25/ZOfficial by Party and County_GP22Only.xlsx
2026-02-25 11:59:55,185 INFO [depth=4] Crawling: http://elections.maryland.gov/press_room/2024_stats/SPG25/ZOfficial by Party and Congressional_GP22Only.pdf
2026-02-25 11:59:56,410 INFO [depth=4] Crawling: http://elections.maryland.gov/press_room/2024_stats/SPG25/ZOfficial by Party and Congressional_GP22Only.xlsx
2026-02-25 11:59:57,495 INFO [depth=4] Crawling: http://elections.maryland.gov/press_room/2024_stats/SPG25/ZOfficial by Party and Legislative_GP22Only.pdf
2026-02-25 11:59:58,618 INFO [depth=4] Crawling: http://elections.maryland.gov/press_room/2024_stats/SPG25/ZOfficial by Party and Legislative_GP22Only.xlsx
2026-02-25 11:59:59,548 INFO [depth=4] Crawling: http://elections.maryland.gov/press_room/2024_stats/SPG25/ZOfficial by Party and Precinct_GP22Only.csv
2026-02-25 12:00:00,521 INFO [depth=4] Crawling: http://elections.maryland.gov/press_room/2024_stats/SPG25/ZOfficial_CountyAndCanvass_GP22Only.pdf
2026-02-25 12:00:01,742 INFO [depth=4] Crawling: http://elections.maryland.gov/press_room/2024_stats/SPG25/ZOfficial_VotesAcceptedBy_CountyAndCanvass_GP22Only.pdf
2026-02-25 12:00:03,255 INFO [depth=4] Crawling: http://elections.maryland.gov/press_room/2024_stats/SPG25/ZOfficial Vote-By-Mail Voting(NEW)_GP22Only.pdf
2026-02-25 12:00:04,923 INFO [depth=4] Crawling: http://elections.maryland.gov/press_room/2024_stats/SPG25/ZOfficial Provisional Voting_GP22Only.pdf
2026-02-25 12:00:06,745 INFO [depth=4] Crawling: http://elections.maryland.gov/press_room/2024_stats/SPG25/Mail-in Ballot Request Counts with Chart.pdf
2026-02-25 12:00:08,655 INFO [depth=4] Crawling: http://elections.maryland.gov/press_room/2024_stats/SPG25/Mail-in Ballot Request Counts with Chart.xlsx
2026-02-25 12:00:09,728 INFO [depth=4] Crawling: http://elections.maryland.gov/press_room/2024_stats/SPG25/Absentees Sent and Returned by County.pdf
2026-02-25 12:00:11,285 INFO [depth=4] Crawling: http://elections.maryland.gov/press_room/2024_stats/SPG25/Absentees Sent and Returned by County.xlsx
2026-02-25 12:00:12,404 INFO [depth=4] Crawling: http://elections.maryland.gov/press_room/2024_stats/SPG25/Absentees Sent and Returned by Congressional.pdf
2026-02-25 12:00:13,871 INFO [depth=4] Crawling: http://elections.maryland.gov/press_room/2024_stats/SPG25/Absentees Sent and Returned by Congressional.xlsx
2026-02-25 12:00:14,877 INFO [depth=4] Crawling: http://elections.maryland.gov/press_room/2024_stats/SPG25/Absentees Sent and Returned by Legislative.pdf
2026-02-25 12:00:17,227 INFO [depth=4] Crawling: http://elections.maryland.gov/press_room/2024_stats/SPG25/Absentees Sent and Returned by Legislative.xlsx
2026-02-25 12:00:18,484 INFO [depth=4] Crawling: http://elections.maryland.gov/press_room/2024_stats/SPG25/Eligible Active Voters by County - SPG25.pdf
2026-02-25 12:00:20,395 INFO [depth=4] Crawling: http://elections.maryland.gov/press_room/2024_stats/SPG25/Eligible Active Voters by Congressional - SPG25.pdf
2026-02-25 12:00:22,113 INFO [depth=4] Crawling: http://elections.maryland.gov/press_room/2024_stats/SPG25/Eligible Active Voters by Legislative - SPG25.pdf
2026-02-25 12:00:23,357 INFO [depth=4] Crawling: http://elections.maryland.gov/press_room/2024_stats/SPG25/Eligible Active Voters by Councilmanic - SPG25.pdf
2026-02-25 12:00:24,712 INFO [depth=4] Crawling: http://elections.maryland.gov/press_room/2024_stats/SPG25/Eligible Active Voters by County - SPG25.xlsx
2026-02-25 12:00:25,689 INFO [depth=4] Crawling: http://elections.maryland.gov/press_room/2024_stats/SPG25/Eligible Active Voters by Congressional - SPG25.xlsx
2026-02-25 12:00:26,860 INFO [depth=4] Crawling: http://elections.maryland.gov/press_room/2024_stats/SPG25/Eligible Active Voters by Legislative - SPG25.xlsx
2026-02-25 12:00:28,259 INFO [depth=4] Crawling: http://elections.maryland.gov/press_room/2024_stats/SPG25/Eligible Active Voters by Councilmanic - SPG25.xlsx
2026-02-25 12:00:29,429 INFO [depth=4] Crawling: http://elections.maryland.gov/press_room/2024_stats/SPG25/Eligible Inactive Voters - SPG25.pdf
2026-02-25 12:00:33,450 INFO [depth=4] Crawling: http://elections.maryland.gov/press_room/2024_stats/SPG25/Eligible Inactive Voters - SPG25.xlsx
2026-02-25 12:00:34,566 INFO [depth=4] Crawling: http://elections.maryland.gov/press_room/2024_stats/SPG25/EarlyVoting by Congressional District.pdf
2026-02-25 12:00:36,786 INFO [depth=4] Crawling: http://elections.maryland.gov/press_room/2024_stats/SPG25/EarlyVoting  by Legislative District.pdf
2026-02-25 12:00:37,966 INFO [depth=4] Crawling: http://elections.maryland.gov/press_room/2024_stats/SPG25/EarlyVoting  by Councilmanic District.pdf
2026-02-25 12:00:39,320 INFO [depth=4] Crawling: http://elections.maryland.gov/press_room/2024_stats/SPG25/EarlyVoting by County.pdf
2026-02-25 12:00:40,833 INFO [depth=4] Crawling: http://elections.maryland.gov/press_room/2024_stats/SPG25/EarlyVoting  by Party.pdf
2026-02-25 12:00:42,626 INFO [depth=4] Crawling: http://elections.maryland.gov/press_room/2024_stats/SPG25/EarlyVoting  by Location.pdf
2026-02-25 12:00:51,346 INFO [depth=4] Crawling: http://elections.maryland.gov/press_room/2024_stats/SPG25/EarlyVoting RAW data.csv
2026-02-25 12:00:52,361 INFO [depth=4] Crawling: http://elections.maryland.gov/press_room/2024_stats/SPG25/SameDayRegistration by Congressional District.pdf
2026-02-25 12:00:55,386 INFO [depth=4] Crawling: http://elections.maryland.gov/press_room/2024_stats/SPG25/SameDayRegistration by Legislative District.pdf
2026-02-25 12:00:57,662 INFO [depth=4] Crawling: http://elections.maryland.gov/press_room/2024_stats/SPG25/SameDayRegistration by Councilmanic District.pdf
2026-02-25 12:00:58,912 INFO [depth=4] Crawling: http://elections.maryland.gov/press_room/2024_stats/SPG25/SameDayRegistration by County.pdf
2026-02-25 12:01:00,296 INFO [depth=4] Crawling: http://elections.maryland.gov/press_room/2024_stats/SPG25/SameDayRegistration by Party.pdf
2026-02-25 12:01:01,695 INFO [depth=4] Crawling: http://elections.maryland.gov/press_room/2024_stats/SPG25/SameDayRegistration by Location.pdf
2026-02-25 12:01:03,511 INFO [depth=4] Crawling: http://elections.maryland.gov/press_room/2024_stats/SPG25/SameDayRegistration RAW data.csv
2026-02-25 12:01:04,662 INFO [depth=4] Crawling: http://elections.maryland.gov/press_room/2024_stats/SPP25/Official by Party and County.pdf
2026-02-25 12:01:06,205 INFO [depth=4] Crawling: http://elections.maryland.gov/press_room/2024_stats/SPP25/Official by Party and County.xlsx
2026-02-25 12:01:07,445 INFO [depth=4] Crawling: http://elections.maryland.gov/press_room/2024_stats/SPP25/Official by Party and Congressional.pdf
2026-02-25 12:01:09,089 INFO [depth=4] Crawling: http://elections.maryland.gov/press_room/2024_stats/SPP25/Official by Party and Congressional.xlsx
2026-02-25 12:01:11,339 INFO [depth=4] Crawling: http://elections.maryland.gov/press_room/2024_stats/SPP25/Official by Party and Legislative.pdf
2026-02-25 12:01:12,534 INFO [depth=4] Crawling: http://elections.maryland.gov/press_room/2024_stats/SPP25/Official by Party and Legislative.xlsx
2026-02-25 12:01:13,589 INFO [depth=4] Crawling: http://elections.maryland.gov/press_room/2024_stats/SPP25/Official by Party and Precinct.csv
2026-02-25 12:01:14,662 INFO [depth=4] Crawling: http://elections.maryland.gov/press_room/2024_stats/SPP25/Official_CountyAndCanvass.pdf
2026-02-25 12:01:15,953 INFO [depth=4] Crawling: http://elections.maryland.gov/press_room/2024_stats/SPP25/Official_VotesAcceptedBy_CountyAndCanvass.pdf
2026-02-25 12:01:17,528 INFO [depth=4] Crawling: http://elections.maryland.gov/press_room/2024_stats/SPP25/Official Vote-By-Mail Voting(NEW).pdf
2026-02-25 12:01:18,768 INFO [depth=4] Crawling: http://elections.maryland.gov/press_room/2024_stats/SPP25/Official Provisional Voting.pdf
2026-02-25 12:01:19,985 INFO [depth=4] Crawling: http://elections.maryland.gov/press_room/2024_stats/SPP25/Mail-in Ballot Request Counts with Chart.pdf
2026-02-25 12:01:21,706 INFO [depth=4] Crawling: http://elections.maryland.gov/press_room/2024_stats/SPP25/Mail-in Ballot Request Counts with Chart.xlsx
2026-02-25 12:01:22,722 INFO [depth=4] Crawling: http://elections.maryland.gov/press_room/2024_stats/SPP25/Absentees Sent and Returned by County.pdf
2026-02-25 12:01:24,025 INFO [depth=4] Crawling: http://elections.maryland.gov/press_room/2024_stats/SPP25/Absentees Sent and Returned by County.xlsx
2026-02-25 12:01:25,119 INFO [depth=4] Crawling: http://elections.maryland.gov/press_room/2024_stats/SPP25/Absentees Sent and Returned by Congressional.pdf
2026-02-25 12:01:26,529 INFO [depth=4] Crawling: http://elections.maryland.gov/press_room/2024_stats/SPP25/Absentees Sent and Returned by Congressional.xlsx
2026-02-25 12:01:29,152 INFO [depth=4] Crawling: http://elections.maryland.gov/press_room/2024_stats/SPP25/Absentees Sent and Returned by Legislative.pdf
2026-02-25 12:01:30,795 INFO [depth=4] Crawling: http://elections.maryland.gov/press_room/2024_stats/SPP25/Absentees Sent and Returned by Legislative.xlsx
2026-02-25 12:01:31,778 INFO [depth=4] Crawling: http://elections.maryland.gov/press_room/2024_stats/SPP25/Eligible Active Voters by County - SPP25.pdf
2026-02-25 12:01:33,085 INFO [depth=4] Crawling: http://elections.maryland.gov/press_room/2024_stats/SPP25/Eligible Active Voters by Congressional - SPP25.pdf
2026-02-25 12:01:34,584 INFO [depth=4] Crawling: http://elections.maryland.gov/press_room/2024_stats/SPP25/Eligible Active Voters by Legislative - SPP25.pdf
2026-02-25 12:01:36,194 INFO [depth=4] Crawling: http://elections.maryland.gov/press_room/2024_stats/SPP25/Eligible Active Voters by Councilmanic - SPP25.pdf
2026-02-25 12:01:37,650 INFO [depth=4] Crawling: http://elections.maryland.gov/press_room/2024_stats/SPP25/Eligible Active Voters by County - SPP25.xlsx
2026-02-25 12:01:38,672 INFO [depth=4] Crawling: http://elections.maryland.gov/press_room/2024_stats/SPP25/Eligible Active Voters by Congressional - SPP25.xlsx
2026-02-25 12:01:39,698 INFO [depth=4] Crawling: http://elections.maryland.gov/press_room/2024_stats/SPP25/Eligible Active Voters by Legislative - SPP25.xlsx
2026-02-25 12:01:40,951 INFO [depth=4] Crawling: http://elections.maryland.gov/press_room/2024_stats/SPP25/Eligible Active Voters by Councilmanic - SPP25.xlsx
2026-02-25 12:01:41,997 INFO [depth=4] Crawling: http://elections.maryland.gov/press_room/2024_stats/SPP25/Eligible Inactive Voters - SPP25.pdf
2026-02-25 12:01:43,403 INFO [depth=4] Crawling: http://elections.maryland.gov/press_room/2024_stats/SPP25/Eligible Inactive Voters - SPP25.xlsx
2026-02-25 12:01:44,474 INFO [depth=4] Crawling: http://elections.maryland.gov/press_room/2024_stats/SPP25/EarlyVoting by Congressional District.pdf
2026-02-25 12:01:46,018 INFO [depth=4] Crawling: http://elections.maryland.gov/press_room/2024_stats/SPP25/EarlyVoting  by Legislative District.pdf
2026-02-25 12:01:48,328 INFO [depth=4] Crawling: http://elections.maryland.gov/press_room/2024_stats/SPP25/EarlyVoting  by Councilmanic District.pdf
2026-02-25 12:01:49,669 INFO [depth=4] Crawling: http://elections.maryland.gov/press_room/2024_stats/SPP25/EarlyVoting by County.pdf
2026-02-25 12:01:50,939 INFO [depth=4] Crawling: http://elections.maryland.gov/press_room/2024_stats/SPP25/EarlyVoting  by Party.pdf
2026-02-25 12:01:52,715 INFO [depth=4] Crawling: http://elections.maryland.gov/press_room/2024_stats/SPP25/EarlyVoting  by Location.pdf
2026-02-25 12:01:54,059 INFO [depth=4] Crawling: http://elections.maryland.gov/press_room/2024_stats/SPP25/EarlyVoting RAW data.csv
2026-02-25 12:01:55,141 INFO [depth=4] Crawling: http://elections.maryland.gov/press_room/2024_stats/SPP25/SameDayRegistration by Congressional District.pdf
2026-02-25 12:01:56,704 INFO [depth=4] Crawling: http://elections.maryland.gov/press_room/2024_stats/SPP25/SameDayRegistration by Legislative District.pdf
2026-02-25 12:01:58,311 INFO [depth=4] Crawling: http://elections.maryland.gov/press_room/2024_stats/SPP25/SameDayRegistration by Councilmanic District.pdf
2026-02-25 12:02:00,747 INFO [depth=4] Crawling: http://elections.maryland.gov/press_room/2024_stats/SPP25/SameDayRegistration by County.pdf
2026-02-25 12:02:02,288 INFO [depth=4] Crawling: http://elections.maryland.gov/press_room/2024_stats/SPP25/SameDayRegistration by Party.pdf
2026-02-25 12:02:03,496 INFO [depth=4] Crawling: http://elections.maryland.gov/press_room/2024_stats/SPP25/SameDayRegistration by Location.pdf
2026-02-25 12:02:07,147 INFO [depth=4] Crawling: http://elections.maryland.gov/press_room/2024_stats/SPP25/SameDayRegistration RAW data.csv
2026-02-25 12:02:08,065 INFO [depth=4] Crawling: http://elections.maryland.gov/press_room/documents/Electoral Vote Final 12.17.24.pdf
2026-02-25 12:02:09,616 INFO [depth=4] Crawling: http://elections.maryland.gov/press_room/documents/post election media availability 11-9-2024.pdf
2026-02-25 12:02:10,796 INFO [depth=4] Crawling: http://elections.maryland.gov/press_room/documents/Administrador de Elecciones en Maryland tendra encuentro con medios_SP_11.2024.pdf
2026-02-25 12:02:12,051 INFO [depth=4] Crawling: http://elections.maryland.gov/press_room/documents/SBE Statement Cerification Process 11_8_24.pdf
2026-02-25 12:02:13,383 INFO [depth=4] Crawling: http://elections.maryland.gov/press_room/documents/Statement by the State Administrator of Elections_SP_11.2024.pdf
2026-02-25 12:02:14,552 INFO [depth=4] Crawling: http://elections.maryland.gov/press_room/documents/mail-in ballot canvass continues 11 2024 final.pdf
2026-02-25 12:02:15,790 INFO [depth=4] Crawling: http://elections.maryland.gov/press_room/2024_stats/BMD misinformation 11.4.2024.pdf
2026-02-25 12:02:17,172 INFO [depth=4] Crawling: http://elections.maryland.gov/press_room/documents/Declaracion sobre informacion incorrecta sobre dispositivo de marcado de papeletas_SP_11.2024.pdf
2026-02-25 12:02:18,298 INFO [depth=4] Crawling: http://elections.maryland.gov/press_room/documents/Election Day Tomorrow 11.4.24.pdf
2026-02-25 12:02:20,141 INFO [depth=4] Crawling: http://elections.maryland.gov/press_room/documents/MaÃ±ana, 5 de noviembre, es el Dia de las Elecciones_SP_11.2024.pdf
2026-02-25 12:02:20,566 INFO HTTP 404 — marking failed: http://elections.maryland.gov/press_room/documents/MaÃ±ana, 5 de noviembre, es el Dia de las Elecciones_SP_11.2024.pdf
2026-02-25 12:02:20,566 INFO [depth=4] Crawling: http://elections.maryland.gov/press_room/documents/2024 election hero day 11 4 2024 final.pdf
2026-02-25 12:02:21,755 INFO [depth=4] Crawling: http://elections.maryland.gov/press_room/2024_stats/SBE Honra a Trabajadores Electorales en el Dia del Heroe Electoral_SP_11.2024.pdf
2026-02-25 12:02:23,194 INFO [depth=4] Crawling: http://elections.maryland.gov/press_room/documents/2024 EV Ends.pdf
2026-02-25 12:02:24,383 INFO [depth=4] Crawling: http://elections.maryland.gov/press_room/documents/VotaciÃ³n Anticipada Finaliza 31 Octubre en Elecciones Generales_SP_10.2024.pdf
2026-02-25 12:02:25,028 INFO HTTP 404 — marking failed: http://elections.maryland.gov/press_room/documents/VotaciÃ³n Anticipada Finaliza 31 Octubre en Elecciones Generales_SP_10.2024.pdf
2026-02-25 12:02:25,029 INFO [depth=4] Crawling: http://elections.maryland.gov/press_room/documents/2024 general ballot request deadline 10 2024 FINAL.pdf
2026-02-25 12:02:26,499 INFO [depth=4] Crawling: http://elections.maryland.gov/press_room/documents/Queda Poco Tiempo para Solicitar una Papeleta de Voto por Correo_SP_10.2024.pdf
2026-02-25 12:02:27,987 INFO [depth=4] Crawling: http://elections.maryland.gov/press_room/documents/2024 general early voting reminder 10 2024.pdf
2026-02-25 12:02:29,390 INFO [depth=4] Crawling: http://elections.maryland.gov/press_room/documents/Votacion Anticipada en Persona Comienza el Jueves 24 de Octubre_SP_10.2024.pdf
2026-02-25 12:02:30,846 INFO [depth=4] Crawling: http://elections.maryland.gov/press_room/documents/2024 General MIB Canvass 10.14.2024.pdf
2026-02-25 12:02:32,222 INFO [depth=4] Crawling: http://elections.maryland.gov/press_room/documents/Maryland Comienza Escrutinio de Papeletas de Voto por Correo_SP_10.2024.pdf
2026-02-25 12:02:33,702 INFO [depth=4] Crawling: http://elections.maryland.gov/press_room/documents/SBE cyber awareness 2024 (002).pdf
2026-02-25 12:02:35,171 INFO [depth=4] Crawling: http://elections.maryland.gov/press_room/documents/PR MD SBE advierte a electores sobre difusiÃ³n de informacion falsa sobre el registro electoral_10.2024.pdf
2026-02-25 12:02:35,975 INFO HTTP 404 — marking failed: http://elections.maryland.gov/press_room/documents/PR MD SBE advierte a electores sobre difusiÃ³n de informacion falsa sobre el registro electoral_10.2024.pdf
2026-02-25 12:02:35,976 INFO [depth=4] Crawling: http://elections.maryland.gov/press_room/documents/Notice of Statewide Canvass Dates PG24.pdf
2026-02-25 12:02:37,418 INFO [depth=4] Crawling: http://elections.maryland.gov/press_room/documents/SBE 2024 general advance registration deadline.pdf
2026-02-25 12:02:39,055 INFO [depth=4] Crawling: http://elections.maryland.gov/press_room/documents/PR Fecha limite para el registro anticipado de votantes es el 15 de octubre_SP_10.2024.pdf
2026-02-25 12:02:40,459 INFO [depth=4] Crawling: http://elections.maryland.gov/press_room/documents/SBE domestic violence awareness 2024 FINAL.pdf
2026-02-25 12:02:41,983 INFO [depth=4] Crawling: http://elections.maryland.gov/press_room/documents/PR SBE recuerda importancia de programas de confidencialidad del votante en MD_SP_10.2024.pdf
2026-02-25 12:02:43,541 INFO [depth=4] Crawling: http://elections.maryland.gov/press_room/documents/SBE Election Judge Statement_FINAL (1).pdf
2026-02-25 12:02:45,001 INFO [depth=4] Crawling: http://elections.maryland.gov/press_room/documents/Declaracion del Administrador de MD SBE Jared DeMarinis sobre reclutamiento y asignaciÃ³n de jueces electorales.pdf
2026-02-25 12:02:45,738 INFO HTTP 404 — marking failed: http://elections.maryland.gov/press_room/documents/Declaracion del Administrador de MD SBE Jared DeMarinis sobre reclutamiento y asignaciÃ³n de jueces electorales.pdf
2026-02-25 12:02:45,740 INFO [depth=4] Crawling: http://elections.maryland.gov/press_room/documents/SBE general election 3 ways to vote.pdf
2026-02-25 12:02:47,023 INFO [depth=4] Crawling: http://elections.maryland.gov/press_room/documents/PR_SBE informa fechas limite e informacion clave para Elecciones Generales 2024_SP_9.2024.pdf
2026-02-25 12:02:48,310 INFO [depth=4] Crawling: http://elections.maryland.gov/press_room/Election Judges for PG2024.pdf
2026-02-25 12:02:49,676 INFO [depth=4] Crawling: http://elections.maryland.gov/press_room/documents/SBE mail in ballot dopbox install 9 19 2024 FINAL.pdf
2026-02-25 12:02:50,811 INFO [depth=4] Crawling: http://elections.maryland.gov/press_room/documents/PR_SBE Mas de 660,000 papeletas de voto estan siendo enviadas a electores de Maryland_SP_9.2024.pdf
2026-02-25 12:02:52,160 INFO [depth=4] Crawling: http://elections.maryland.gov/press_room/documents/SBE national voter registration day 2024_FINAL.pdf
2026-02-25 12:02:53,311 INFO [depth=4] Crawling: http://elections.maryland.gov/press_room/documents/SBE_PR MD SBE Invita a los Electores a Registrarse para Votar_SP_9.2024.pdf
2026-02-25 12:02:54,606 INFO [depth=4] Crawling: http://elections.maryland.gov/press_room/documents/SBE text scam 9 6 24 FINAL.pdf
2026-02-25 12:02:56,161 INFO [depth=4] Crawling: http://elections.maryland.gov/press_room/documents/Junta Electoral del Estado de Maryland Advierte sobre Estafas por Texto_SPA_9.2024.pdf
2026-02-25 12:02:58,296 INFO [depth=4] Crawling: http://elections.maryland.gov/press_room/documents/SBE General Certified Ballot Review 2024_FINAL.pdf
2026-02-25 12:02:59,692 INFO [depth=4] Crawling: http://elections.maryland.gov/press_room/documents/SBE_PR MD SBE Publica Boletas de la Eleccion Presidencial 2024 para Revision_SP_9.2024.pdf
2026-02-25 12:03:01,057 INFO [depth=4] Crawling: http://elections.maryland.gov/press_room/documents/SBE National Poll Worker Recruitment Day FINAL.pdf
2026-02-25 12:03:02,648 INFO [depth=4] Crawling: http://elections.maryland.gov/press_room/documents/SBE_PR SBE Invita a Marylanders a ser Jueces Electorales en Elecciones_SP_8.2024.pdf
2026-02-25 12:03:04,440 INFO [depth=4] Crawling: http://elections.maryland.gov/press_room/documents/PG Special Election Final.pdf
2026-02-25 12:03:05,628 INFO [depth=4] Crawling: http://elections.maryland.gov/press_room/documents/SBE_PR PG tendra Eleccion Primaria especial antes de Elecciones Presidenciales 2024_SP_7.2024.pdf
2026-02-25 12:03:06,922 INFO [depth=4] Crawling: http://elections.maryland.gov/press_room/documents/Special Primary Ballot Certified 7.6.2024.pdf
2026-02-25 12:03:08,128 INFO [depth=4] Crawling: http://elections.maryland.gov/press_room/documents/SBE_PR Certificada la boleta para elecciones primarias especiales del condado PG (1).pdf
2026-02-25 12:03:09,309 INFO [depth=4] Crawling: http://elections.maryland.gov/press_room/documents/Certification of Results 6.14.2024 (1).pdf
2026-02-25 12:03:10,645 INFO [depth=4] Crawling: http://elections.maryland.gov/press_room/documents/SBE_PR Junta Estatal de Conteo de Votos Certifica Resultados de las Elecciones Federales y Estatales.pdf
2026-02-25 12:03:13,919 INFO [depth=4] Crawling: http://elections.maryland.gov/press_room/documents/PG County Release.pdf
2026-02-25 12:03:15,216 INFO [depth=4] Crawling: http://elections.maryland.gov/press_room/documents/SBE_PR Junta Electoral del Condado de Prince George's Recertifica Resultados Luego de Discrepancia.pdf
2026-02-25 12:03:15,917 INFO HTTP 404 — marking failed: http://elections.maryland.gov/press_room/documents/SBE_PR Junta Electoral del Condado de Prince George's Recertifica Resultados Luego de Discrepancia.pdf
2026-02-25 12:03:15,918 INFO [depth=4] Crawling: http://elections.maryland.gov/press_room/documents/Vote Discrepancy Release FINAL.pdf
2026-02-25 12:03:17,701 INFO [depth=4] Crawling: http://elections.maryland.gov/press_room/documents/SBE Junta Electoral de Ciudad de Baltimore Actualizan Informacion sobre Diferencia de Votos.pdf
2026-02-25 12:03:19,924 INFO [depth=4] Crawling: http://elections.maryland.gov/press_room/documents/Election Results Baltimore City Final .pdf
2026-02-25 12:03:21,253 INFO [depth=4] Crawling: http://elections.maryland.gov/press_room/documents/SBE Maryland Comienza las Auditorias de los Resultados de las Elecciones.pdf
2026-02-25 12:03:23,598 INFO [depth=4] Crawling: http://elections.maryland.gov/press_room/documents/primary election schedule results 2024.pdf
2026-02-25 12:03:24,777 INFO [depth=4] Crawling: http://elections.maryland.gov/press_room/documents/SBE_PR_Junta Electoral de Maryland Presenta Programa de PublicaciÃ³n de Resultados de las Elecciones.pdf
2026-02-25 12:03:25,314 INFO HTTP 404 — marking failed: http://elections.maryland.gov/press_room/documents/SBE_PR_Junta Electoral de Maryland Presenta Programa de PublicaciÃ³n de Resultados de las Elecciones.pdf
2026-02-25 12:03:25,315 INFO [depth=4] Crawling: http://elections.maryland.gov/press_room/documents/Primary Election Day is Tomorrow FINAL (1).pdf
2026-02-25 12:03:26,774 INFO [depth=4] Crawling: http://elections.maryland.gov/press_room/documents/SBE_PR_Manana 14 de mayo es el Dia de la Eleccion Primaria Presidencial en Maryland.pdf
2026-02-25 12:03:28,330 INFO [depth=4] Crawling: http://elections.maryland.gov/press_room/documents/2024 Voter Intimidation Guidance Memo.pdf
2026-02-25 12:03:29,950 INFO [depth=4] Crawling: http://elections.maryland.gov/press_room/documents/Early Voting Ends Tomorrow.FINAL.pdf
2026-02-25 12:03:31,052 INFO [depth=4] Crawling: http://elections.maryland.gov/press_room/documents/El 9 de Mayo es el Ultimo Dia de Votacion Anticipada para las Elecciones Primarias de Maryland.pdf
2026-02-25 12:03:33,373 INFO [depth=4] Crawling: http://elections.maryland.gov/press_room/documents/Candidate Withdrawl Release_Final.pdf
2026-02-25 12:03:34,722 INFO [depth=4] Crawling: http://elections.maryland.gov/press_room/documents/SBE Explica Como se Procesan las Boletas Entregadas Antes que un Candidato Retire su Candidatura.pdf
2026-02-25 12:03:36,218 INFO [depth=4] Crawling: http://elections.maryland.gov/press_room/documents/mail in ballot deadline primary 2024 final.pdf
2026-02-25 12:03:38,157 INFO [depth=4] Crawling: http://elections.maryland.gov/press_room/documents/SBE Se Acerca la Fecha Para Solicitar su Boleta de Voto por Correo.pdf
2026-02-25 12:03:39,361 INFO [depth=4] Crawling: http://elections.maryland.gov/press_room/documents/SBE primary voter registration in person FINAL.pdf
2026-02-25 12:03:40,683 INFO [depth=4] Crawling: http://elections.maryland.gov/press_room/documents/SBE Recuerda a Mayrlanders Sobre las Tres Formas de Votar en la Primaria.pdf
2026-02-25 12:03:41,807 INFO [depth=4] Crawling: http://elections.maryland.gov/press_room/documents/Maryland State Board of Elections Statement on Election Lawsuit 4 22 24.pdf
2026-02-25 12:03:43,003 INFO [depth=4] Crawling: http://elections.maryland.gov/press_room/documents/SBE_Junta Electoral de Maryland Realizo Presentacion a la Corte por Demanda Contra la ElecciÃ³n.pdf
2026-02-25 12:03:43,398 INFO HTTP 404 — marking failed: http://elections.maryland.gov/press_room/documents/SBE_Junta Electoral de Maryland Realizo Presentacion a la Corte por Demanda Contra la ElecciÃ³n.pdf
2026-02-25 12:03:43,400 INFO [depth=4] Crawling: http://elections.maryland.gov/press_room/documents/SBE Statement 4_9_24.pdf
2026-02-25 12:03:44,468 INFO [depth=4] Crawling: http://elections.maryland.gov/press_room/documents/SBE_PR_Firma de la ley de proteccion de los funcionarios electorales de 2024.pdf
2026-02-25 12:03:45,749 INFO [depth=4] Crawling: http://elections.maryland.gov/press_room/documents/SBE Key Primary Dates Press Release FINAL_ (1).pdf
2026-02-25 12:03:46,897 INFO [depth=4] Crawling: http://elections.maryland.gov/press_room/documents/SBE_PR_Fechas Clave Eleccion Primaria 2024.pdf
2026-02-25 12:03:48,471 INFO [depth=4] Crawling: http://elections.maryland.gov/press_room/documents/First Ballots Mailed Release3_29_w edits.pdf
2026-02-25 12:03:49,622 INFO [depth=4] Crawling: http://elections.maryland.gov/press_room/documents/SBE_PR_SBE Anuncia 600,000 Personas Solicitan Boletas Eleccion Primaria 2024.pdf
2026-02-25 12:03:50,681 INFO [depth=4] Crawling: http://elections.maryland.gov/press_room/documents/SBE Campaign Launch Release FINAL .pdf
2026-02-25 12:03:51,904 INFO [depth=4] Crawling: http://elections.maryland.gov/press_room/documents/SBE_Lanzamiento Campana Elecciones Primarias 2024.pdf
2026-02-25 12:03:53,538 INFO [depth=4] Crawling: http://elections.maryland.gov/press_room/documents/SBE Ballot Review FINAL.pdf
2026-02-25 12:03:54,611 INFO [depth=4] Crawling: http://elections.maryland.gov/press_room/documents/Resignation of Board Member Carlos Ayala.pdf
2026-02-25 12:03:55,720 INFO [depth=4] Crawling: http://elections.maryland.gov/press_room/2024_stats/PG24/EOC Report _ 2024 SBE Maryland General Election.pdf
2026-02-25 12:03:56,904 INFO [depth=4] Crawling: http://elections.maryland.gov/press_room/2024_stats/PG24/Official by Party and County.pdf
2026-02-25 12:03:58,035 INFO [depth=4] Crawling: http://elections.maryland.gov/press_room/2024_stats/PG24/Official by Party and County.xlsx
2026-02-25 12:03:59,002 INFO [depth=4] Crawling: http://elections.maryland.gov/press_room/2024_stats/PG24/Official by Party and Congressional.pdf
2026-02-25 12:04:00,706 INFO [depth=4] Crawling: http://elections.maryland.gov/press_room/2024_stats/PG24/Official by Party and Congressional.xlsx
2026-02-25 12:04:01,785 INFO [depth=4] Crawling: http://elections.maryland.gov/press_room/2024_stats/PG24/Official by Party and Legislative.pdf
2026-02-25 12:04:03,038 INFO [depth=4] Crawling: http://elections.maryland.gov/press_room/2024_stats/PG24/Official by Party and Legislative.xlsx
2026-02-25 12:04:04,067 INFO [depth=4] Crawling: http://elections.maryland.gov/press_room/2024_stats/PG24/Official by Party and Precinct.csv
2026-02-25 12:04:05,107 INFO [depth=4] Crawling: http://elections.maryland.gov/press_room/2024_stats/PG24/Official_CountyAndCanvass.pdf
2026-02-25 12:04:06,256 INFO [depth=4] Crawling: http://elections.maryland.gov/press_room/2024_stats/PG24/Official_VotesAcceptedBy_CountyAndCanvass.pdf
2026-02-25 12:04:07,697 INFO [depth=4] Crawling: http://elections.maryland.gov/press_room/2024_stats/PG24/Official Vote-By-Mail Voting(NEW).pdf
2026-02-25 12:04:09,039 INFO [depth=4] Crawling: http://elections.maryland.gov/press_room/2024_stats/PG24/Official Provisional Voting.pdf
2026-02-25 12:04:10,402 INFO [depth=4] Crawling: http://elections.maryland.gov/press_room/2024_stats/PG24/Mail-in Ballot Request Counts with Chart.pdf
2026-02-25 12:04:12,014 INFO [depth=4] Crawling: http://elections.maryland.gov/press_room/2024_stats/PG24/Mail-in Ballot Request Counts with Chart.xlsx
2026-02-25 12:04:13,108 INFO [depth=4] Crawling: http://elections.maryland.gov/press_room/2024_stats/PG24/Absentees Sent and Returned by County.pdf
2026-02-25 12:04:14,266 INFO [depth=4] Crawling: http://elections.maryland.gov/press_room/2024_stats/PG24/Absentees Sent and Returned by County.xlsx
2026-02-25 12:04:15,654 INFO [depth=4] Crawling: http://elections.maryland.gov/press_room/2024_stats/PG24/Absentees Sent and Returned by Congressional.pdf
2026-02-25 12:04:16,939 INFO [depth=4] Crawling: http://elections.maryland.gov/press_room/2024_stats/PG24/Absentees Sent and Returned by Congressional.xlsx
2026-02-25 12:04:17,927 INFO [depth=4] Crawling: http://elections.maryland.gov/press_room/2024_stats/PG24/Absentees Sent and Returned by Legislative.pdf
2026-02-25 12:04:19,235 INFO [depth=4] Crawling: http://elections.maryland.gov/press_room/2024_stats/PG24/Absentees Sent and Returned by Legislative.xlsx
2026-02-25 12:04:20,569 INFO [depth=4] Crawling: http://elections.maryland.gov/press_room/2024_stats/PG24/Eligible Inactive Voters - PG24.pdf
2026-02-25 12:04:21,770 INFO [depth=4] Crawling: http://elections.maryland.gov/press_room/2024_stats/PG24/Eligible Inactive Voters - PG24.xlsx
2026-02-25 12:04:22,739 INFO [depth=4] Crawling: http://elections.maryland.gov/press_room/2024_stats/PG24/EarlyVoting  by Party.pdf
2026-02-25 12:04:23,889 INFO [depth=4] Crawling: http://elections.maryland.gov/press_room/2024_stats/PG24/EarlyVoting by Congressional District.pdf
2026-02-25 12:04:25,061 INFO [depth=4] Crawling: http://elections.maryland.gov/press_room/2024_stats/PG24/EarlyVoting  by Legislative District.pdf
2026-02-25 12:04:26,742 INFO [depth=4] Crawling: http://elections.maryland.gov/press_room/2024_stats/PG24/EarlyVoting  by Councilmanic District.pdf
2026-02-25 12:04:28,055 INFO [depth=4] Crawling: http://elections.maryland.gov/press_room/2024_stats/PG24/EarlyVoting by County.pdf
2026-02-25 12:04:29,296 INFO [depth=4] Crawling: http://elections.maryland.gov/press_room/2024_stats/PG24/EarlyVoting  by Location.pdf
2026-02-25 12:04:30,744 INFO [depth=4] Crawling: http://elections.maryland.gov/press_room/2024_stats/PG24/EarlyVoting RAW data.csv
2026-02-25 12:04:31,676 INFO [depth=4] Crawling: http://elections.maryland.gov/press_room/2024_stats/PG24/SameDayRegistration by Party.pdf
2026-02-25 12:04:32,940 INFO [depth=4] Crawling: http://elections.maryland.gov/press_room/2024_stats/PG24/SameDayRegistration by Congressional District.pdf
2026-02-25 12:04:34,161 INFO [depth=4] Crawling: http://elections.maryland.gov/press_room/2024_stats/PG24/SameDayRegistration by Legislative District.pdf
2026-02-25 12:04:35,734 INFO [depth=4] Crawling: http://elections.maryland.gov/press_room/2024_stats/PG24/SameDayRegistration by Councilmanic District.pdf
2026-02-25 12:04:37,878 INFO [depth=4] Crawling: http://elections.maryland.gov/press_room/2024_stats/PG24/SameDayRegistration by County.pdf
2026-02-25 12:04:39,061 INFO [depth=4] Crawling: http://elections.maryland.gov/press_room/2024_stats/PG24/SameDayRegistration by Location.pdf
2026-02-25 12:04:40,551 INFO [depth=4] Crawling: http://elections.maryland.gov/press_room/2024_stats/PG24/SameDayRegistration RAW data.csv
2026-02-25 12:04:41,507 INFO [depth=4] Crawling: http://elections.maryland.gov/press_room/2024_stats/Official by Party and County.pdf
2026-02-25 12:04:42,733 INFO [depth=4] Crawling: http://elections.maryland.gov/press_room/2024_stats/Official by Party and County.xlsx
2026-02-25 12:04:43,680 INFO [depth=4] Crawling: http://elections.maryland.gov/press_room/2024_stats/Official by Party and Congressional.pdf
2026-02-25 12:04:44,839 INFO [depth=4] Crawling: http://elections.maryland.gov/press_room/2024_stats/Official by Party and Congressional.xlsx
2026-02-25 12:04:45,768 INFO [depth=4] Crawling: http://elections.maryland.gov/press_room/2024_stats/Official by Party and Legislative.pdf
2026-02-25 12:04:47,172 INFO [depth=4] Crawling: http://elections.maryland.gov/press_room/2024_stats/Official by Party and Legislative.xlsx
2026-02-25 12:04:48,079 INFO [depth=4] Crawling: http://elections.maryland.gov/press_room/2024_stats/Official by Party and Precinct.csv
2026-02-25 12:04:49,011 INFO [depth=4] Crawling: http://elections.maryland.gov/press_room/2024_stats/Official_CountyAndCanvass.pdf
2026-02-25 12:04:50,121 INFO [depth=4] Crawling: http://elections.maryland.gov/press_room/2024_stats/Official_VotesAcceptedBy_CountyAndCanvass.pdf
2026-02-25 12:04:51,259 INFO [depth=4] Crawling: http://elections.maryland.gov/press_room/2024_stats/Official Vote-By-Mail Voting(NEW).pdf
2026-02-25 12:04:52,444 INFO [depth=4] Crawling: http://elections.maryland.gov/press_room/2024_stats/Official Provisional Voting.pdf
2026-02-25 12:04:53,629 INFO [depth=4] Crawling: http://elections.maryland.gov/press_room/2024_stats/Mail-in Ballot Request Counts with Chart.pdf
2026-02-25 12:04:54,733 INFO [depth=4] Crawling: http://elections.maryland.gov/press_room/2024_stats/Mail-in Ballot Request Counts with Chart.xlsx
2026-02-25 12:04:55,669 INFO [depth=4] Crawling: http://elections.maryland.gov/press_room/2024_stats/Absentees Sent and Returned by County.pdf
2026-02-25 12:04:57,393 INFO [depth=4] Crawling: http://elections.maryland.gov/press_room/2024_stats/Absentees Sent and Returned by County.xlsx
2026-02-25 12:04:58,444 INFO [depth=4] Crawling: http://elections.maryland.gov/press_room/2024_stats/Absentees Sent and Returned by Congressional.pdf
2026-02-25 12:04:59,677 INFO [depth=4] Crawling: http://elections.maryland.gov/press_room/2024_stats/Absentees Sent and Returned by Congressional.xlsx
2026-02-25 12:05:00,678 INFO [depth=4] Crawling: http://elections.maryland.gov/press_room/2024_stats/Absentees Sent and Returned by Legislative.pdf
2026-02-25 12:05:01,861 INFO [depth=4] Crawling: http://elections.maryland.gov/press_room/2024_stats/Absentees Sent and Returned by Legislative.xlsx
2026-02-25 12:05:03,017 INFO [depth=4] Crawling: http://elections.maryland.gov/press_room/2024_stats/Eligible Inactive Voters - PP24.pdf
2026-02-25 12:05:04,401 INFO [depth=4] Crawling: http://elections.maryland.gov/press_room/2024_stats/Eligible Inactive Voters - PP24.xlsx
2026-02-25 12:05:05,384 INFO [depth=4] Crawling: http://elections.maryland.gov/press_room/2024_stats/EarlyVoting  by Party.pdf
2026-02-25 12:05:06,657 INFO [depth=4] Crawling: http://elections.maryland.gov/press_room/2024_stats/EarlyVoting by Congressional District.pdf
2026-02-25 12:05:07,861 INFO [depth=4] Crawling: http://elections.maryland.gov/press_room/2024_stats/EarlyVoting  by Legislative District.pdf
2026-02-25 12:05:09,091 INFO [depth=4] Crawling: http://elections.maryland.gov/press_room/2024_stats/EarlyVoting  by Councilmanic District.pdf
2026-02-25 12:05:10,338 INFO [depth=4] Crawling: http://elections.maryland.gov/press_room/2024_stats/EarlyVoting by County.pdf
2026-02-25 12:05:11,492 INFO [depth=4] Crawling: http://elections.maryland.gov/press_room/2024_stats/EarlyVoting  by Location.pdf
2026-02-25 12:05:13,094 INFO [depth=4] Crawling: http://elections.maryland.gov/press_room/2024_stats/EarlyVoting RAW data.csv
2026-02-25 12:05:14,061 INFO [depth=4] Crawling: http://elections.maryland.gov/press_room/2024_stats/SameDayRegistration by Party.pdf
2026-02-25 12:05:15,370 INFO [depth=4] Crawling: http://elections.maryland.gov/press_room/2024_stats/SameDayRegistration by Congressional District.pdf
2026-02-25 12:05:16,589 INFO [depth=4] Crawling: http://elections.maryland.gov/press_room/2024_stats/SameDayRegistration by Legislative District.pdf
2026-02-25 12:05:18,023 INFO [depth=4] Crawling: http://elections.maryland.gov/press_room/2024_stats/SameDayRegistration by Councilmanic District.pdf
2026-02-25 12:05:19,531 INFO [depth=4] Crawling: http://elections.maryland.gov/press_room/2024_stats/SameDayRegistration by County.pdf
2026-02-25 12:05:20,847 INFO [depth=4] Crawling: http://elections.maryland.gov/press_room/2024_stats/SameDayRegistration by Location.pdf
2026-02-25 12:05:23,137 INFO [depth=4] Crawling: http://elections.maryland.gov/press_room/2024_stats/SameDayRegistration RAW data.csv
2026-02-25 12:05:24,204 INFO [depth=4] Crawling: http://elections.maryland.gov/press_room/2024_stats/2024_primary_election_night_unofficial_turnout.pdf
2026-02-25 12:05:25,297 INFO [depth=4] Crawling: http://elections.maryland.gov/press_room/2024_stats/SPP24/Eligible Active Voters by County - SPP24.pdf
2026-02-25 12:05:26,504 INFO [depth=4] Crawling: http://elections.maryland.gov/press_room/2024_stats/SPP24/Eligible Active Voters by Congressional - SPP24.pdf
2026-02-25 12:05:27,669 INFO [depth=4] Crawling: http://elections.maryland.gov/press_room/2024_stats/SPP24/Eligible Active Voters by Legislative - SPP24.pdf
2026-02-25 12:05:29,022 INFO [depth=4] Crawling: http://elections.maryland.gov/press_room/2024_stats/SPP24/Eligible Active Voters by Councilmanic - SPP24.pdf
2026-02-25 12:05:30,489 INFO [depth=4] Crawling: http://elections.maryland.gov/press_room/2024_stats/SPP24/Eligible Active Voters by County - SPP24.xlsx
2026-02-25 12:05:31,448 INFO [depth=4] Crawling: http://elections.maryland.gov/press_room/2024_stats/SPP24/Eligible Active Voters by Congressional - SPP24.xlsx
2026-02-25 12:05:32,764 INFO [depth=4] Crawling: http://elections.maryland.gov/press_room/2024_stats/SPP24/Eligible Active Voters by Legislative - SPP24.xlsx
2026-02-25 12:05:33,817 INFO [depth=4] Crawling: http://elections.maryland.gov/press_room/2024_stats/SPP24/Eligible Active Voters by Councilmanic - SPP24.xlsx
2026-02-25 12:05:34,796 INFO [depth=4] Crawling: http://elections.maryland.gov/press_room/2024_stats/SPP24/Eligible Inactive Voters - SPP24.pdf
2026-02-25 12:05:36,100 INFO [depth=4] Crawling: http://elections.maryland.gov/press_room/2024_stats/SPP24/Eligible Inactive Voters - SPP24.xlsx
2026-02-25 12:05:37,048 INFO [depth=4] Crawling: http://elections.maryland.gov/press_room/2024_stats/SPP24/Mail-in Ballot Request Counts with Chart.pdf
2026-02-25 12:05:38,585 INFO [depth=4] Crawling: http://elections.maryland.gov/press_room/2024_stats/SPP24/Mail-in Ballot Request Counts with Chart.xlsx
2026-02-25 12:05:39,506 INFO [depth=4] Crawling: http://elections.maryland.gov/press_room/2024_stats/SPP24/Absentees Sent and Returned by County.pdf
2026-02-25 12:05:40,675 INFO [depth=4] Crawling: http://elections.maryland.gov/press_room/2024_stats/SPP24/Absentees Sent and Returned by County.xlsx
2026-02-25 12:05:41,665 INFO [depth=4] Crawling: http://elections.maryland.gov/press_room/2024_stats/SPP24/Absentees Sent and Returned by Congressional.pdf
2026-02-25 12:05:42,747 INFO [depth=4] Crawling: http://elections.maryland.gov/press_room/2024_stats/SPP24/Absentees Sent and Returned by Congressional.xlsx
2026-02-25 12:05:43,669 INFO [depth=4] Crawling: http://elections.maryland.gov/press_room/2024_stats/SPP24/Absentees Sent and Returned by Legislative.pdf
2026-02-25 12:05:44,831 INFO [depth=4] Crawling: http://elections.maryland.gov/press_room/2024_stats/SPP24/Absentees Sent and Returned by Legislative.xlsx
2026-02-25 12:05:45,800 INFO [depth=4] Crawling: http://elections.maryland.gov/press_room/2024_stats/SPP24/EarlyVoting  by Party.pdf
2026-02-25 12:05:46,977 INFO [depth=4] Crawling: http://elections.maryland.gov/press_room/2024_stats/SPP24/EarlyVoting by Congressional District.pdf
2026-02-25 12:05:48,360 INFO [depth=4] Crawling: http://elections.maryland.gov/press_room/2024_stats/SPP24/EarlyVoting  by Legislative District.pdf
2026-02-25 12:05:49,584 INFO [depth=4] Crawling: http://elections.maryland.gov/press_room/2024_stats/SPP24/EarlyVoting  by Councilmanic District.pdf
2026-02-25 12:05:50,858 INFO [depth=4] Crawling: http://elections.maryland.gov/press_room/2024_stats/SPP24/EarlyVoting by County.pdf
2026-02-25 12:05:52,006 INFO [depth=4] Crawling: http://elections.maryland.gov/press_room/2024_stats/SPP24/EarlyVoting  by Location.pdf
2026-02-25 12:05:53,435 INFO [depth=4] Crawling: http://elections.maryland.gov/press_room/2024_stats/SPP24/SameDayRegistration by Party.pdf
2026-02-25 12:05:54,580 INFO [depth=4] Crawling: http://elections.maryland.gov/press_room/2024_stats/SPP24/SameDayRegistration by Congressional District.pdf
2026-02-25 12:05:55,797 INFO [depth=4] Crawling: http://elections.maryland.gov/press_room/2024_stats/SPP24/SameDayRegistration by Legislative District.pdf
2026-02-25 12:05:57,014 INFO [depth=4] Crawling: http://elections.maryland.gov/press_room/2024_stats/SPP24/SameDayRegistration by Councilmanic District.pdf
2026-02-25 12:05:58,235 INFO [depth=4] Crawling: http://elections.maryland.gov/press_room/2024_stats/SPP24/SameDayRegistration by County.pdf
2026-02-25 12:05:59,488 INFO [depth=4] Crawling: http://elections.maryland.gov/press_room/2024_stats/SPP24/SameDayRegistration by Location.pdf
2026-02-25 12:06:00,679 INFO [depth=4] Crawling: http://elections.maryland.gov/press_room/documents/SBE_StatementonCommitmentToSafety 11.21.2023.pdf
2026-02-25 12:06:01,867 INFO [depth=4] Crawling: http://elections.maryland.gov/press_room/documents/1776 Project Pac.pdf
2026-02-25 12:06:03,228 INFO [depth=4] Crawling: http://elections.maryland.gov/press_room/documents/DVAM October 2023 Press Release (1).pdf
2026-02-25 12:06:04,901 INFO [depth=4] Crawling: http://elections.maryland.gov/press_room/documents/NVRD 2023 Press Release.pdf
2026-02-25 12:06:06,718 INFO [depth=4] Crawling: http://elections.maryland.gov/press_room/documents/New Administrator Press Release 6-8-2023.pdf
2026-02-25 12:06:08,311 INFO [depth=4] Crawling: http://elections.maryland.gov/press_room/documents/Press Release-SBE to begin appointment process.pdf
2026-02-25 12:06:09,922 INFO [depth=4] Crawling: http://elections.maryland.gov/press_room/documents/14_Federal and Statewide Results Certified.pdf
2026-02-25 12:06:12,198 INFO [depth=4] Crawling: http://elections.maryland.gov/press_room/documents/13G_Mail-in ballot deadlines approaching.pdf
2026-02-25 12:06:13,539 INFO [depth=4] Crawling: http://elections.maryland.gov/press_room/documents/SBE_07_Mail-in ballot deadlines approaching_SP_10.2022.pdf
2026-02-25 12:06:14,955 INFO [depth=4] Crawling: http://elections.maryland.gov/press_room/documents/12G_In Person Early Voting Begins Tomorrow.pdf
2026-02-25 12:06:17,789 INFO [depth=4] Crawling: http://elections.maryland.gov/press_room/documents/SBE_06_InPersonEarlyVotingBeginsTomorrow_SP_10.2022.pdf
2026-02-25 12:06:19,030 INFO [depth=4] Crawling: http://elections.maryland.gov/press_room/documents/11_Confirm Voter Info.pdf
2026-02-25 12:06:20,761 INFO [depth=4] Crawling: http://elections.maryland.gov/press_room/documents/SBE_5_Confirm Voter Info_SP_10.2022.pdf
2026-02-25 12:06:22,178 INFO [depth=4] Crawling: http://elections.maryland.gov/press_room/documents/10G_Election Results Schedule.pdf
2026-02-25 12:06:23,818 INFO [depth=4] Crawling: http://elections.maryland.gov/press_room/documents/SBE_4_Election Results Schedule_SP_10.2022.pdf
2026-02-25 12:06:25,377 INFO [depth=4] Crawling: http://elections.maryland.gov/press_room/documents/09G_Early Voting Election Day Voting Locations 10-12-2022.pdf
2026-02-25 12:06:26,544 INFO [depth=4] Crawling: http://elections.maryland.gov/press_room/documents/03_Early Voting Election Day Voting Locations_SP_10.2022.pdf
2026-02-25 12:06:28,061 INFO [depth=4] Crawling: http://elections.maryland.gov/press_room/documents/08G_All Ballot Boxes Installed.pdf
2026-02-25 12:06:29,321 INFO [depth=4] Crawling: http://elections.maryland.gov/press_room/documents/02_Release_All Ballot Boxes Installed_SP_10.2022.pdf
2026-02-25 12:06:30,761 INFO [depth=4] Crawling: http://elections.maryland.gov/press_room/documents/06_St.Mary'sCandidateAnnouncement.pdf
2026-02-25 12:06:31,959 INFO [depth=4] Crawling: http://elections.maryland.gov/press_room/documents/03G_Ballots Mailed.pdf
2026-02-25 12:06:33,330 INFO [depth=4] Crawling: http://elections.maryland.gov/press_room/documents/02_SBE Announces Key Election Info.pdf
2026-02-25 12:06:34,692 INFO [depth=4] Crawling: http://elections.maryland.gov/press_room/documents/SBE_01_ AnnouncesKeyElectionInfo_SP_9.2022.pdf
2026-02-25 12:06:35,873 INFO [depth=4] Crawling: http://elections.maryland.gov/press_room/documents/01_Emergency Petition Ruling Statement.pdf
2026-02-25 12:06:37,112 INFO [depth=4] Crawling: http://elections.maryland.gov/press_room/documents/011_EmergencyPetition.pdf
2026-02-25 12:06:38,420 INFO [depth=4] Crawling: http://elections.maryland.gov/press_room/documents/10_FrederickCountyRescan.pdf
2026-02-25 12:06:39,484 INFO [depth=4] Crawling: http://elections.maryland.gov/press_room/documents/ThreeElectionsDeadlinesExtended.pdf
2026-02-25 12:06:41,760 INFO [depth=4] Crawling: http://elections.maryland.gov/press_room/documents/7-18-2022_ElectionDayTomorrow.pdf
2026-02-25 12:06:42,963 INFO [depth=4] Crawling: http://elections.maryland.gov/press_room/documents/07_FinalDayofEarlyVoting.pdf
2026-02-25 12:06:44,199 INFO [depth=4] Crawling: http://elections.maryland.gov/press_room/documents/06_Mail-in Ballot Deadlines 7-11-2022.pdf
2026-02-25 12:06:45,305 INFO [depth=4] Crawling: http://elections.maryland.gov/press_room/documents/05_22P_Early Voting.pdf
2026-02-25 12:06:46,691 INFO [depth=4] Crawling: http://elections.maryland.gov/press_room/documents/05_SP_Early Voting_SP_7.6.22.pdf
2026-02-25 12:06:48,179 INFO [depth=4] Crawling: http://elections.maryland.gov/press_room/documents/RegisterAffiliationAddressDeadline.pdf
2026-02-25 12:06:49,394 INFO [depth=4] Crawling: http://elections.maryland.gov/press_room/documents/Mailed_Ballots_Boxes.pdf
2026-02-25 12:06:50,721 INFO [depth=4] Crawling: http://elections.maryland.gov/press_room/documents/CISA_Advisory.pdf
2026-02-25 12:06:51,775 INFO [depth=4] Crawling: http://elections.maryland.gov/press_room/documents/CISA_Advisory_Esp.pdf
2026-02-25 12:06:53,074 INFO [depth=4] Crawling: http://elections.maryland.gov/press_room/documents/22Voter Lookup_Registration_Press Release.pdf
2026-02-25 12:06:54,185 INFO [depth=4] Crawling: http://elections.maryland.gov/press_room/documents/22Voter Lookup_Registration_Spanish.pdf
2026-02-25 12:06:55,327 INFO [depth=4] Crawling: http://elections.maryland.gov/press_room/documents/2022 Primary Dates Statement 3-21-22.pdf
2026-02-25 12:06:56,461 INFO [depth=4] Crawling: http://elections.maryland.gov/press_room/SBE mail primary ballot request forms 1-31.pdf
2026-02-25 12:06:57,590 INFO [depth=4] Crawling: http://elections.maryland.gov/press_room/documents/GG22_2022 General Election Report_Final with Cover.pdf
2026-02-25 12:06:58,793 INFO [depth=4] Crawling: http://elections.maryland.gov/press_room/documents/2022 Primary Election Report.pdf
2026-02-25 12:06:59,887 INFO [depth=4] Crawling: http://elections.maryland.gov/press_room/documents/KO SBE General Election Campaign Report 12.15.22.pdf
2026-02-25 12:07:01,006 INFO [depth=4] Crawling: http://elections.maryland.gov/press_room/documents/FINAL SBE 2022 Primary Campaign Report v2.pdf
2026-02-25 12:07:02,205 INFO [depth=4] Crawling: http://elections.maryland.gov/press_room/2022_stats/GG22/Official by Party and County.pdf
2026-02-25 12:07:03,277 INFO [depth=4] Crawling: http://elections.maryland.gov/press_room/2022_stats/GG22/Official by Party and County.xlsx
2026-02-25 12:07:04,411 INFO [depth=4] Crawling: http://elections.maryland.gov/press_room/2022_stats/GG22/Official by Party and Congressional.pdf
2026-02-25 12:07:05,532 INFO [depth=4] Crawling: http://elections.maryland.gov/press_room/2022_stats/GG22/Official by Party and Congressional.xlsx
2026-02-25 12:07:06,473 INFO [depth=4] Crawling: http://elections.maryland.gov/press_room/2022_stats/GG22/Official by Party and Legislative.pdf
2026-02-25 12:07:07,678 INFO [depth=4] Crawling: http://elections.maryland.gov/press_room/2022_stats/GG22/Official by Party and Legislative.xlsx
2026-02-25 12:07:08,728 INFO [depth=4] Crawling: http://elections.maryland.gov/press_room/2022_stats/GG22/Official by Party and Precinct.csv
2026-02-25 12:07:09,877 INFO [depth=4] Crawling: http://elections.maryland.gov/press_room/2022_stats/GG22/Official_CountyAndCanvass.pdf
2026-02-25 12:07:11,135 INFO [depth=4] Crawling: http://elections.maryland.gov/press_room/2022_stats/GG22/Official_VotesAcceptedBy_CountyAndCanvass.pdf
2026-02-25 12:07:12,382 INFO [depth=4] Crawling: http://elections.maryland.gov/press_room/2022_stats/GG22/Official Vote-By-Mail Voting(NEW).pdf
2026-02-25 12:07:13,655 INFO [depth=4] Crawling: http://elections.maryland.gov/press_room/2022_stats/GG22/Official Provisional Voting.pdf
2026-02-25 12:07:14,932 INFO [depth=4] Crawling: http://elections.maryland.gov/press_room/2022_stats/GG22/Mail-in Ballot Request Counts with Chart.pdf
2026-02-25 12:07:16,169 INFO [depth=4] Crawling: http://elections.maryland.gov/press_room/2022_stats/GG22/Mail-in Ballot Request Counts with Chart.xlsx
2026-02-25 12:07:17,397 INFO [depth=4] Crawling: http://elections.maryland.gov/press_room/2022_stats/GG22/Absentees Sent and Returned by County.pdf
2026-02-25 12:07:18,641 INFO [depth=4] Crawling: http://elections.maryland.gov/press_room/2022_stats/GG22/Absentees Sent and Returned by County.xlsx
2026-02-25 12:07:19,672 INFO [depth=4] Crawling: http://elections.maryland.gov/press_room/2022_stats/GG22/Absentees Sent and Returned by Congressional.pdf
2026-02-25 12:07:20,946 INFO [depth=4] Crawling: http://elections.maryland.gov/press_room/2022_stats/GG22/Absentees Sent and Returned by Congressional.xlsx
2026-02-25 12:07:21,937 INFO [depth=4] Crawling: http://elections.maryland.gov/press_room/2022_stats/GG22/Absentees Sent and Returned by Legislative.pdf
2026-02-25 12:07:23,221 INFO [depth=4] Crawling: http://elections.maryland.gov/press_room/2022_stats/GG22/Absentees Sent and Returned by Legislative.xlsx
2026-02-25 12:07:24,343 INFO [depth=4] Crawling: http://elections.maryland.gov/press_room/2022_stats/GG22/GG22- Mail-in Ballots left to count.pdf
2026-02-25 12:07:25,452 INFO [depth=4] Crawling: http://elections.maryland.gov/press_room/2022_stats/GG22/GG22- Mail-in Ballots left to count.xlsx
2026-02-25 12:07:26,464 INFO [depth=4] Crawling: http://elections.maryland.gov/press_room/2022_stats/GG22/Eligible Inactive Voters - GG22.pdf
2026-02-25 12:07:27,928 INFO [depth=4] Crawling: http://elections.maryland.gov/press_room/2022_stats/GG22/Eligible Inactive Voters - GG22.xlsx
2026-02-25 12:07:29,088 INFO [depth=4] Crawling: http://elections.maryland.gov/press_room/2022_stats/GG22/EarlyVoting  by Party.pdf
2026-02-25 12:07:30,661 INFO [depth=4] Crawling: http://elections.maryland.gov/press_room/2022_stats/GG22/EarlyVoting by Congressional District.pdf
2026-02-25 12:07:31,999 INFO [depth=4] Crawling: http://elections.maryland.gov/press_room/2022_stats/GG22/EarlyVoting  by Legislative District.pdf
2026-02-25 12:07:33,285 INFO [depth=4] Crawling: http://elections.maryland.gov/press_room/2022_stats/GG22/EarlyVoting  by Councilmanic District.pdf
2026-02-25 12:07:34,636 INFO [depth=4] Crawling: http://elections.maryland.gov/press_room/2022_stats/GG22/EarlyVoting by County.pdf
2026-02-25 12:07:36,098 INFO [depth=4] Crawling: http://elections.maryland.gov/press_room/2022_stats/GG22/EarlyVoting  by Location.pdf
2026-02-25 12:07:37,479 INFO [depth=4] Crawling: http://elections.maryland.gov/press_room/2022_stats/GG22/EarlyVoting RAW data.csv
2026-02-25 12:07:38,397 INFO [depth=4] Crawling: http://elections.maryland.gov/press_room/2022_stats/GG22/SameDayRegistration by Party.pdf
2026-02-25 12:07:39,894 INFO [depth=4] Crawling: http://elections.maryland.gov/press_room/2022_stats/GG22/SameDayRegistration by Congressional District.pdf
2026-02-25 12:07:41,693 INFO [depth=4] Crawling: http://elections.maryland.gov/press_room/2022_stats/GG22/SameDayRegistration by Legislative District.pdf
2026-02-25 12:07:43,285 INFO [depth=4] Crawling: http://elections.maryland.gov/press_room/2022_stats/GG22/SameDayRegistration by Councilmanic District.pdf
2026-02-25 12:07:44,498 INFO [depth=4] Crawling: http://elections.maryland.gov/press_room/2022_stats/GG22/SameDayRegistration by County.pdf
2026-02-25 12:07:45,776 INFO [depth=4] Crawling: http://elections.maryland.gov/press_room/2022_stats/GG22/SameDayRegistration by Location.pdf
2026-02-25 12:07:46,977 INFO [depth=4] Crawling: http://elections.maryland.gov/press_room/2022_stats/GG22/SameDayRegistration RAW data.csv
2026-02-25 12:07:47,976 INFO [depth=4] Crawling: http://elections.maryland.gov/press_room/2022_stats/Official by Party and County.pdf
2026-02-25 12:07:49,172 INFO [depth=4] Crawling: http://elections.maryland.gov/press_room/2022_stats/Official by Party and County.xlsx
2026-02-25 12:07:50,120 INFO [depth=4] Crawling: http://elections.maryland.gov/press_room/2022_stats/Official by Party and Congressional.pdf
2026-02-25 12:07:51,499 INFO [depth=4] Crawling: http://elections.maryland.gov/press_room/2022_stats/Official by Party and Congressional.xlsx
2026-02-25 12:07:52,560 INFO [depth=4] Crawling: http://elections.maryland.gov/press_room/2022_stats/Official by Party and Legislative.pdf
2026-02-25 12:07:53,792 INFO [depth=4] Crawling: http://elections.maryland.gov/press_room/2022_stats/Official by Party and Legislative.xlsx
2026-02-25 12:07:54,773 INFO [depth=4] Crawling: http://elections.maryland.gov/press_room/2022_stats/Official by Party and Precinct.csv
2026-02-25 12:07:55,820 INFO [depth=4] Crawling: http://elections.maryland.gov/press_room/2022_stats/Official_CountyAndCanvass.pdf
2026-02-25 12:07:57,186 INFO [depth=4] Crawling: http://elections.maryland.gov/press_room/2022_stats/Official_VotesAcceptedBy_CountyAndCanvass.pdf
2026-02-25 12:07:58,459 INFO [depth=4] Crawling: http://elections.maryland.gov/press_room/2022_stats/Official Vote-By-Mail Voting.pdf
2026-02-25 12:07:59,606 INFO [depth=4] Crawling: http://elections.maryland.gov/press_room/2022_stats/Official Provisional Voting.pdf
2026-02-25 12:08:00,848 INFO [depth=4] Crawling: http://elections.maryland.gov/press_room/2022_stats/Mail-in Ballot Request Counts with Chart.pdf
2026-02-25 12:08:02,239 INFO [depth=4] Crawling: http://elections.maryland.gov/press_room/2022_stats/Mail-in Ballot Request Counts with Chart.xlsx
2026-02-25 12:08:03,274 INFO [depth=4] Crawling: http://elections.maryland.gov/press_room/2022_stats/Absentees Sent and Returned by County.pdf
2026-02-25 12:08:04,492 INFO [depth=4] Crawling: http://elections.maryland.gov/press_room/2022_stats/Absentees Sent and Returned by County.xlsx
2026-02-25 12:08:05,455 INFO [depth=4] Crawling: http://elections.maryland.gov/press_room/2022_stats/Absentees Sent and Returned by Congressional.pdf
2026-02-25 12:08:06,962 INFO [depth=4] Crawling: http://elections.maryland.gov/press_room/2022_stats/Absentees Sent and Returned by Congressional.xlsx
2026-02-25 12:08:07,928 INFO [depth=4] Crawling: http://elections.maryland.gov/press_room/2022_stats/Absentees Sent and Returned by Legislative.pdf
2026-02-25 12:08:09,227 INFO [depth=4] Crawling: http://elections.maryland.gov/press_room/2022_stats/Absentees Sent and Returned by Legislative.xlsx
2026-02-25 12:08:10,211 INFO [depth=4] Crawling: http://elections.maryland.gov/press_room/2022_stats/GP22- Mail-in Ballots left to count.pdf
2026-02-25 12:08:11,507 INFO [depth=4] Crawling: http://elections.maryland.gov/press_room/2022_stats/GP22- Mail-in Ballots left to count.xlsx
2026-02-25 12:08:12,565 INFO [depth=4] Crawling: http://elections.maryland.gov/press_room/2022_stats/Eligible Inactive Voters - GP22.pdf
2026-02-25 12:08:13,702 INFO [depth=4] Crawling: http://elections.maryland.gov/press_room/2022_stats/Eligible Inactive Voters - GP22.xlsx
2026-02-25 12:08:14,671 INFO [depth=4] Crawling: http://elections.maryland.gov/press_room/2022_stats/EarlyVoting  by Party.pdf
2026-02-25 12:08:15,942 INFO [depth=4] Crawling: http://elections.maryland.gov/press_room/2022_stats/EarlyVoting by Congressional District.pdf
2026-02-25 12:08:17,227 INFO [depth=4] Crawling: http://elections.maryland.gov/press_room/2022_stats/EarlyVoting  by Legislative District.pdf
2026-02-25 12:08:18,499 INFO [depth=4] Crawling: http://elections.maryland.gov/press_room/2022_stats/EarlyVoting  by Councilmanic District.pdf
2026-02-25 12:08:19,696 INFO [depth=4] Crawling: http://elections.maryland.gov/press_room/2022_stats/EarlyVoting by County.pdf
2026-02-25 12:08:20,911 INFO [depth=4] Crawling: http://elections.maryland.gov/press_room/2022_stats/EarlyVoting  by Location.pdf
2026-02-25 12:08:22,042 INFO [depth=4] Crawling: http://elections.maryland.gov/press_room/2022_stats/EarlyVoting RAW data.csv
2026-02-25 12:08:23,130 INFO [depth=4] Crawling: http://elections.maryland.gov/press_room/2022_stats/SameDayRegistration by Party.pdf
2026-02-25 12:08:24,411 INFO [depth=4] Crawling: http://elections.maryland.gov/press_room/2022_stats/SameDayRegistration by Congressional District.pdf
2026-02-25 12:08:25,585 INFO [depth=4] Crawling: http://elections.maryland.gov/press_room/2022_stats/SameDayRegistration by Legislative District.pdf
2026-02-25 12:08:27,055 INFO [depth=4] Crawling: http://elections.maryland.gov/press_room/2022_stats/SameDayRegistration by Councilmanic District.pdf
2026-02-25 12:08:28,428 INFO [depth=4] Crawling: http://elections.maryland.gov/press_room/2022_stats/SameDayRegistration by County.pdf
2026-02-25 12:08:29,755 INFO [depth=4] Crawling: http://elections.maryland.gov/press_room/2022_stats/SameDayRegistration by Location.pdf
2026-02-25 12:08:31,152 INFO [depth=4] Crawling: http://elections.maryland.gov/press_room/2022_stats/SameDayRegistration RAW data.csv
2026-02-25 12:08:32,326 INFO [depth=4] Crawling: http://elections.maryland.gov/press_room/documents/Post Election Tabulation Audit Pilot Program Report.pdf
2026-02-25 12:08:33,769 INFO [depth=4] Crawling: http://elections.maryland.gov/press_room/documents/PostElectionTabulationAuditLegislativeReport.pdf
2026-02-25 12:08:35,231 INFO [depth=4] Crawling: http://elections.maryland.gov/press_room/documents/Schaefer Center Final Report.pdf
2026-02-25 12:08:36,620 INFO [depth=4] Crawling: http://elections.maryland.gov/press_room/documents/2016 Primary_ Schaefer Center Wait Time Study_FINAL.pdf
2026-02-25 12:08:37,969 INFO [depth=4] Crawling: http://elections.maryland.gov/press_room/documents/Wait Time Obersvations from 2014.pdf
2026-02-25 12:08:39,183 INFO [depth=4] Crawling: http://elections.maryland.gov/press_room/documents/OnlineBallot_UsabilityTestResults.pdf
2026-02-25 12:08:40,589 INFO [depth=4] Crawling: http://elections.maryland.gov/press_room/documents/Voter Services Security Assessment Executive Report _Final.pdf
2026-02-25 12:08:42,163 INFO [depth=4] Crawling: http://elections.maryland.gov/press_room/dis-misinformation.html
2026-02-25 12:08:43,207 INFO [depth=4] Crawling: http://elections.maryland.gov/press_room/documents/Maryland's Blank Ballot Procedures.pdf
2026-02-25 12:08:44,397 INFO [depth=4] Crawling: http://elections.maryland.gov/voting/documents/Voting%20System%20Security%20Talking%20Points.pdf
2026-02-25 12:08:45,712 INFO [depth=4] Crawling: http://elections.maryland.gov/press_room/Voter%20Registration%20Security%20Talking%20Points.pdf
2026-02-25 12:08:46,996 INFO [depth=4] Crawling: http://elections.maryland.gov/elections/archive.html
2026-02-25 12:08:47,982 INFO [depth=4] Crawling: http://elections.maryland.gov/elections/municipal_results/2026/2026-Seat_Pleasant_Special_Election_Results.xlsx
2026-02-25 12:08:48,902 INFO [depth=4] Crawling: http://elections.maryland.gov/elections/documents/Presidential Elections 1796 to 2016_final.pdf
2026-02-25 12:08:50,530 INFO [depth=4] Crawling: http://elections.maryland.gov/get_involved/election_judges_form.html
2026-02-25 12:08:51,474 INFO [depth=4] Crawling: http://elections.maryland.gov/get_involved/registration_volunteers.html
2026-02-25 12:08:52,455 INFO [depth=4] Crawling: http://elections.maryland.gov/get_involved/election_pages.html
2026-02-25 12:08:53,758 INFO [depth=4] Crawling: http://elections.maryland.gov/get_involved/election_judges.html
2026-02-25 12:08:54,740 INFO [depth=4] Crawling: http://elections.maryland.gov/about/Signed Board Bylaws.pdf
2026-02-25 12:08:55,874 INFO [depth=4] Crawling: http://elections.maryland.gov/about/documents/SBE_Delegation_of_Duties.pdf
2026-02-25 12:08:56,947 INFO [depth=4] Crawling: http://elections.maryland.gov/documents/instructions_box.pdf
2026-02-25 12:08:58,185 INFO [depth=4] Crawling: http://elections.maryland.gov/forms/voter.html
2026-02-25 12:08:58,348 INFO Trafilatura returned 28 words for http://elections.maryland.gov/forms/voter.html; BS4 fallback got 43
2026-02-25 12:08:59,127 INFO [depth=4] Crawling: http://elections.maryland.gov/forms/campaign_finance.html
2026-02-25 12:09:00,090 INFO [depth=4] Crawling: http://elections.maryland.gov/forms/miscellaneous.html
2026-02-25 12:09:01,116 INFO [depth=4] Crawling: http://elections.maryland.gov/voting/documents/Voting System Security Talking Points.pdf
2026-02-25 12:09:02,468 INFO [depth=4] Crawling: http://elections.maryland.gov/press_room/Voter Registration Security Talking Points.pdf
2026-02-25 12:09:03,649 INFO [depth=4] Crawling: http://elections.maryland.gov/about/documents/HIRT_Engagement_Report_Maryland_State_Board_of_Elections_FINAL.pdf
2026-02-25 12:09:04,984 INFO [depth=4] Crawling: http://elections.maryland.gov/laws_and_regs/documents/2023-01 MIB Processing for 2024 Election.pdf
2026-02-25 12:09:06,126 INFO [depth=4] Crawling: http://elections.maryland.gov/laws_and_regs/documents/Misc-c_SBE Policy 2025-01 Line Management.pdf
2026-02-25 12:09:07,322 INFO [depth=4] Crawling: http://elections.maryland.gov/laws_and_regs/documents/Misc-b_SBE Policy 2023-01 List Maintenance Updated Policy.pdf
2026-02-25 12:09:08,474 INFO [depth=4] Crawling: http://elections.maryland.gov/about/documents/PG24 - Agenda - Meeting of the State Board of Canvassers - December 5 2024.pdf
2026-02-25 12:09:09,714 INFO [depth=4] Crawling: http://elections.maryland.gov/laws_and_regs/documents/Notice%20of%20Proposed%20Action_Issue%2013%20(06-30-2023).pdf
2026-02-25 12:09:11,052 INFO [depth=4] Crawling: http://elections.maryland.gov/about/documents/2023/November/30/01_Agenda.pdf
2026-02-25 12:09:12,270 INFO [depth=4] Crawling: http://elections.maryland.gov/about/documents/2023/November/30/02_Minutes.pdf
2026-02-25 12:09:13,360 INFO [depth=4] Crawling: http://elections.maryland.gov/about/documents/2023/November/30/Misc_A.pdf
2026-02-25 12:09:15,593 INFO [depth=4] Crawling: http://elections.maryland.gov/about/documents/2023/November/30/Misc_B.pdf
2026-02-25 12:09:16,928 INFO [depth=4] Crawling: http://elections.maryland.gov/about/documents/2023/November/30/Misc_C.pdf
2026-02-25 12:09:18,038 INFO [depth=4] Crawling: http://elections.maryland.gov/about/documents/2023/November/01_Agenda.pdf
2026-02-25 12:09:19,252 INFO [depth=4] Crawling: http://elections.maryland.gov/about/documents/2023/November/Misc.pdf
2026-02-25 12:09:20,479 INFO [depth=4] Crawling: http://elections.maryland.gov/press_room/documents/Missing Audio Transmission.pdf
2026-02-25 12:09:21,597 INFO [depth=4] Crawling: http://elections.maryland.gov/about/documents/2023/October/01_Agenda.1.pdf
2026-02-25 12:09:22,881 INFO [depth=4] Crawling: http://elections.maryland.gov/about/documents/2023/October/09_09282023_open_2023_Corrected Final.pdf
2026-02-25 12:09:23,990 INFO [depth=4] Crawling: http://elections.maryland.gov/about/documents/2023/October/03_Administrators Report & AAG Report.pdf
2026-02-25 12:09:25,290 INFO [depth=4] Crawling: http://elections.maryland.gov/about/documents/2023/October/04_Regulations.pdf
2026-02-25 12:09:26,361 INFO [depth=4] Crawling: http://elections.maryland.gov/about/documents/2023/October/05_Waivers.pdf
2026-02-25 12:09:27,494 INFO [depth=4] Crawling: http://elections.maryland.gov/about/documents/2023/October/Misc.pdf
2026-02-25 12:09:28,803 INFO [depth=4] Crawling: http://elections.maryland.gov/about/documents/2023/September/01_September 28, 2023 - Agenda.pdf
2026-02-25 12:09:30,023 INFO [depth=4] Crawling: http://elections.maryland.gov/about/documents/2023/September/02_Minutes.pdf
2026-02-25 12:09:31,255 INFO [depth=4] Crawling: http://elections.maryland.gov/about/documents/2023/September/03_Administrators.pdf
2026-02-25 12:09:32,556 INFO [depth=4] Crawling: http://elections.maryland.gov/about/documents/2023/September/04_Regulations.pdf
2026-02-25 12:09:34,594 INFO [depth=4] Crawling: http://elections.maryland.gov/about/documents/2023/September/05_Waivers.pdf
2026-02-25 12:09:36,070 INFO [depth=4] Crawling: http://elections.maryland.gov/about/documents/2023/August/01_Agenda.pdf
2026-02-25 12:09:37,378 INFO [depth=4] Crawling: http://elections.maryland.gov/about/documents/2023/August/02.pdf
2026-02-25 12:09:38,934 INFO [depth=4] Crawling: http://elections.maryland.gov/about/documents/2023/August/03.pdf
2026-02-25 12:09:40,386 INFO [depth=4] Crawling: http://elections.maryland.gov/about/documents/2023/August/04.pdf
2026-02-25 12:09:42,054 INFO [depth=4] Crawling: http://elections.maryland.gov/about/documents/2023/August/05.pdf
2026-02-25 12:09:43,311 INFO [depth=4] Crawling: http://elections.maryland.gov/about/documents/2023/August/Misc.pdf
2026-02-25 12:09:44,539 INFO [depth=4] Crawling: http://elections.maryland.gov/about/documents/2023/July/01_Agenda.pdf
2026-02-25 12:09:45,786 INFO [depth=4] Crawling: http://elections.maryland.gov/about/documents/2023/July/05_Waivers.pdf
2026-02-25 12:09:47,504 INFO [depth=4] Crawling: http://elections.maryland.gov/about/documents/2023/June/20/01_Agenda.pdf
2026-02-25 12:09:48,810 INFO [depth=4] Crawling: http://elections.maryland.gov/about/documents/2023/June/20/02_Minutes.pdf
2026-02-25 12:09:50,109 INFO [depth=4] Crawling: http://elections.maryland.gov/about/documents/2023/June/20/03_AdministratorReport.pdf
2026-02-25 12:09:51,417 INFO [depth=4] Crawling: http://elections.maryland.gov/about/documents/2023/June/20/04_Regulations.pdf
2026-02-25 12:09:52,661 INFO [depth=4] Crawling: http://elections.maryland.gov/about/documents/2023/June/20/05_Waivers.pdf
2026-02-25 12:09:53,858 INFO [depth=4] Crawling: http://elections.maryland.gov/about/documents/2023/June/20/Misc.pdf
2026-02-25 12:09:55,168 INFO [depth=4] Crawling: http://elections.maryland.gov/about/documents/2023/June/Agenda-Special Meeting8.pdf
2026-02-25 12:09:57,210 INFO [depth=4] Crawling: http://elections.maryland.gov/about/documents/2023/June/Agenda-Special Meeting.pdf
2026-02-25 12:09:59,069 INFO [depth=4] Crawling: http://elections.maryland.gov/about/documents/2023/May/01_Agenda.pdf
2026-02-25 12:10:00,366 INFO [depth=4] Crawling: http://elections.maryland.gov/about/documents/2023/May/02_Minutes.pdf
2026-02-25 12:10:02,003 INFO [depth=4] Crawling: http://elections.maryland.gov/about/documents/2023/May/03_AdministratorReport.pdf
2026-02-25 12:10:03,197 INFO [depth=4] Crawling: http://elections.maryland.gov/about/documents/2023/May/04_Regulations.pdf
2026-02-25 12:10:04,394 INFO [depth=4] Crawling: http://elections.maryland.gov/about/documents/2023/May/05_Waivers.pdf
2026-02-25 12:10:05,653 INFO [depth=4] Crawling: http://elections.maryland.gov/about/documents/2023/May/Misc_a.pdf
2026-02-25 12:10:06,871 INFO [depth=4] Crawling: http://elections.maryland.gov/about/documents/2023/May/Misc_b.pdf
2026-02-25 12:10:08,289 INFO [depth=4] Crawling: http://elections.maryland.gov/about/documents/2023/May/Misc_c.pdf
2026-02-25 12:10:09,522 INFO [depth=4] Crawling: http://elections.maryland.gov/about/documents/2023/May/Misc_d.pdf
2026-02-25 12:10:10,786 INFO [depth=4] Crawling: http://elections.maryland.gov/about/documents/2023/May/AdministratorPosition.pdf
2026-02-25 12:10:12,149 INFO [depth=4] Crawling: http://elections.maryland.gov/about/documents/2023/April/01_Agenda.pdf
2026-02-25 12:10:13,505 INFO [depth=4] Crawling: http://elections.maryland.gov/about/documents/2023/March/01_Agenda.1.pdf
2026-02-25 12:10:14,978 INFO [depth=4] Crawling: http://elections.maryland.gov/about/documents/2023/March/02_Minutes _02232023_open_2023_final.pdf
2026-02-25 12:10:16,536 INFO [depth=4] Crawling: http://elections.maryland.gov/about/documents/2023/March/03_AdministratorReport.pdf
2026-02-25 12:10:18,655 INFO [depth=4] Crawling: http://elections.maryland.gov/about/documents/2023/March/04_Regulations.pdf
2026-02-25 12:10:19,143 INFO HTTP 404 — marking failed: http://elections.maryland.gov/about/documents/2023/March/04_Regulations.pdf
2026-02-25 12:10:19,144 INFO [depth=4] Crawling: http://elections.maryland.gov/about/documents/2023/March/05_waviers.pdf
2026-02-25 12:10:20,394 INFO [depth=4] Crawling: http://elections.maryland.gov/about/documents/2023/March/Misc.pdf
2026-02-25 12:10:21,985 INFO [depth=4] Crawling: http://elections.maryland.gov/about/documents/2023/February/01_Agenda-2-23-2023.pdf
2026-02-25 12:10:23,428 INFO [depth=4] Crawling: http://elections.maryland.gov/about/documents/2023/February/02_01192023_open_2023_final.pdf
2026-02-25 12:10:24,983 INFO [depth=4] Crawling: http://elections.maryland.gov/about/documents/2023/February/03_Administrator's Report.pdf
2026-02-25 12:10:26,307 INFO [depth=4] Crawling: http://elections.maryland.gov/about/documents/2023/February/04_Regulations.pdf
2026-02-25 12:10:27,529 INFO [depth=4] Crawling: http://elections.maryland.gov/about/documents/2023/February/05_Waviers.pdf
2026-02-25 12:10:29,525 INFO [depth=4] Crawling: http://elections.maryland.gov/about/documents/2023/February/08a_House Ways & Means - SBE Briefing and Follow Up.pdf
2026-02-25 12:10:30,811 INFO [depth=4] Crawling: http://elections.maryland.gov/about/documents/Agenda_1_19_2023.pdf
2026-02-25 12:10:32,728 INFO [depth=4] Crawling: http://elections.maryland.gov/about/documents/2023/January/01_01192023_open_2023_final.pdf
2026-02-25 12:10:34,722 INFO [depth=4] Crawling: http://elections.maryland.gov/about/documents/2023/January/Administrator & AAG Reports.pdf
2026-02-25 12:10:36,915 INFO [depth=4] Crawling: http://elections.maryland.gov/about/documents/2023/January/Regulations.pdf
2026-02-25 12:10:38,217 INFO [depth=4] Crawling: http://elections.maryland.gov/about/documents/2023/January/Waivers.pdf
2026-02-25 12:10:39,336 INFO [depth=4] Crawling: http://elections.maryland.gov/about/documents/Agenda_Bd_of _State_Canvassers_2022_General.1.pdf
2026-02-25 12:10:40,480 INFO [depth=4] Crawling: http://elections.maryland.gov/about/documents/Board of Canvassers_2022.pdf
2026-02-25 12:10:41,740 INFO [depth=4] Crawling: http://elections.maryland.gov/about/documents/2022/October/26/01_Agenda.2.pdf
2026-02-25 12:10:43,139 INFO [depth=4] Crawling: http://elections.maryland.gov/about/documents/2022/October/26/02_Minutes.pdf
2026-02-25 12:10:44,244 INFO [depth=4] Crawling: http://elections.maryland.gov/about/documents/2022/October/26/03_Administrator&AAGReports.pdf
2026-02-25 12:10:45,388 INFO [depth=4] Crawling: http://elections.maryland.gov/about/documents/2022/October/26/04_Regulations.pdf
2026-02-25 12:10:46,801 INFO [depth=4] Crawling: http://elections.maryland.gov/about/documents/2022/October/26/05_Waviers_Title 13 Late Fee Waivers.pdf
2026-02-25 12:10:48,388 INFO [depth=4] Crawling: http://elections.maryland.gov/about/documents/2022/October/26/06_Other.pdf
2026-02-25 12:10:49,499 INFO [depth=4] Crawling: http://elections.maryland.gov/about/documents/Agenda_9_28_2022.pdf
2026-02-25 12:10:50,717 INFO [depth=4] Crawling: http://elections.maryland.gov/about/meeting_materials/September_28_2022.pdf
2026-02-25 12:10:52,124 INFO [depth=4] Crawling: http://elections.maryland.gov/about/documents/Agenda_9_06_2022.pdf
2026-02-25 12:10:53,247 INFO [depth=4] Crawling: http://elections.maryland.gov/about/meeting_materials/September_6_2022.pdf
2026-02-25 12:10:54,543 INFO [depth=4] Crawling: http://elections.maryland.gov/about/minutes/September_06_2022.pdf
2026-02-25 12:10:55,629 INFO [depth=4] Crawling: http://elections.maryland.gov/about/documents/Agenda_8_15_2022.pdf
2026-02-25 12:10:56,778 INFO [depth=4] Crawling: http://elections.maryland.gov/about/meeting_materials/August_15_2022.pdf
2026-02-25 12:10:58,074 INFO [depth=4] Crawling: http://elections.maryland.gov/about/minutes/August_15_2022.pdf
2026-02-25 12:10:59,306 INFO [depth=4] Crawling: http://elections.maryland.gov/about/documents/Agenda_8_1_2022.pdf
2026-02-25 12:11:00,502 INFO [depth=4] Crawling: http://elections.maryland.gov/about/meeting_materials/August_1_2022.pdf
2026-02-25 12:11:01,622 INFO [depth=4] Crawling: http://elections.maryland.gov/about/documents/Agenda_6_28_2022.pdf
2026-02-25 12:11:02,759 INFO [depth=4] Crawling: http://elections.maryland.gov/about/meeting_materials/June_28_2022.pdf
2026-02-25 12:11:04,369 INFO [depth=4] Crawling: http://elections.maryland.gov/about/minutes/June_28_2022.pdf
2026-02-25 12:11:05,517 INFO [depth=4] Crawling: http://elections.maryland.gov/about/documents/Agenda_6_23_2022.pdf
2026-02-25 12:11:06,643 INFO [depth=4] Crawling: http://elections.maryland.gov/about/meeting_materials/June_23_2022.pdf
2026-02-25 12:11:07,764 INFO [depth=4] Crawling: http://elections.maryland.gov/about/minutes/June_23_2022.pdf
2026-02-25 12:11:09,296 INFO [depth=4] Crawling: http://elections.maryland.gov/about/documents/Agenda_6_2_2022.pdf
2026-02-25 12:11:10,662 INFO [depth=4] Crawling: http://elections.maryland.gov/about/meeting_materials/June_2 2022.pdf
2026-02-25 12:11:13,350 INFO [depth=4] Crawling: http://elections.maryland.gov/about/minutes/June_02_2022.pdf
2026-02-25 12:11:14,950 INFO [depth=4] Crawling: http://elections.maryland.gov/about/documents/Agenda_5_20_2022.pdf
2026-02-25 12:11:16,310 INFO [depth=4] Crawling: http://elections.maryland.gov/about/meeting_materials/5_20_2022.pdf
2026-02-25 12:11:17,690 INFO [depth=4] Crawling: http://elections.maryland.gov/about/minutes/May_20.pdf
2026-02-25 12:11:19,090 INFO [depth=4] Crawling: http://elections.maryland.gov/about/documents/Agenda_4_27_2022.pdf
2026-02-25 12:11:20,311 INFO [depth=4] Crawling: http://elections.maryland.gov/about/documents/Replacement_EVC_April2022.pdf
2026-02-25 12:11:21,611 INFO [depth=4] Crawling: http://elections.maryland.gov/about/meeting_materials/April_27_2022.pdf
2026-02-25 12:11:22,933 INFO [depth=4] Crawling: http://elections.maryland.gov/about/minutes/April_27.pdf
2026-02-25 12:11:24,311 INFO [depth=4] Crawling: http://elections.maryland.gov/about/documents/Agenda_3_10_2022.pdf
2026-02-25 12:11:25,445 INFO [depth=4] Crawling: http://elections.maryland.gov/about/meeting_materials/March_10_2022.pdf
2026-02-25 12:11:26,710 INFO [depth=4] Crawling: http://elections.maryland.gov/about/minutes/March_10.pdf
2026-02-25 12:11:27,929 INFO [depth=4] Crawling: http://elections.maryland.gov/about/documents/Early_Voting Center1272022.pdf
2026-02-25 12:11:30,144 INFO [depth=4] Crawling: http://elections.maryland.gov/about/documents/Agenda_1_27_2022.pdf
2026-02-25 12:11:31,301 INFO [depth=4] Crawling: http://elections.maryland.gov/pdf/minutes/2022_01_27.pdf
2026-02-25 12:11:32,505 INFO [depth=4] Crawling: http://elections.maryland.gov/about/meeting_materials/January_27_2022.pdf
2026-02-25 12:11:33,778 INFO [depth=4] Crawling: http://elections.maryland.gov/about/documents/Agenda_12_16_2021.pdf
2026-02-25 12:11:34,850 INFO [depth=4] Crawling: http://elections.maryland.gov/about/meeting_materials/December_16_2021.pdf
2026-02-25 12:11:35,919 INFO [depth=4] Crawling: http://elections.maryland.gov/pdf/minutes/2021_12_16.pdf
2026-02-25 12:11:37,240 INFO [depth=4] Crawling: http://elections.maryland.gov/about/meeting_materials/regulations_12_2021.pdf
2026-02-25 12:11:38,390 INFO [depth=4] Crawling: http://elections.maryland.gov/about/meeting_materials/EVC_Presentation_122021.pdf
2026-02-25 12:11:39,778 INFO [depth=4] Crawling: http://elections.maryland.gov/about/documents/Agenda_10_28_2021.pdf
2026-02-25 12:11:41,167 INFO [depth=4] Crawling: http://elections.maryland.gov/about/meeting_materials/October_28_2021.pdf
2026-02-25 12:11:42,566 INFO [depth=4] Crawling: http://elections.maryland.gov/pdf/minutes/10_28_2021.pdf
2026-02-25 12:11:43,912 INFO [depth=4] Crawling: http://elections.maryland.gov/about/documents/Agenda_7_22_2021.pdf
2026-02-25 12:11:44,993 INFO [depth=4] Crawling: http://elections.maryland.gov/about/meeting_materials/July_22_2021.pdf
2026-02-25 12:11:46,285 INFO [depth=4] Crawling: http://elections.maryland.gov/pdf/minutes/2021_07_22.pdf
2026-02-25 12:11:47,788 INFO [depth=4] Crawling: http://elections.maryland.gov/about/documents/Agenda_6_22_2021.pdf
2026-02-25 12:11:48,957 INFO [depth=4] Crawling: http://elections.maryland.gov/about/meeting_materials/June_22_2021.pdf
2026-02-25 12:11:50,121 INFO [depth=4] Crawling: http://elections.maryland.gov/pdf/minutes/2021_06_22.pdf
2026-02-25 12:11:51,480 INFO [depth=4] Crawling: http://elections.maryland.gov/about/documents/Agenda_5_27_2021.pdf
2026-02-25 12:11:52,835 INFO [depth=4] Crawling: http://elections.maryland.gov/about/meeting_materials/May_27_2021.pdf
2026-02-25 12:11:54,092 INFO [depth=4] Crawling: http://elections.maryland.gov/pdf/minutes/2021_05_27.pdf
2026-02-25 12:11:56,257 INFO [depth=4] Crawling: http://elections.maryland.gov/about/documents/Agenda_3_26_2021.pdf
2026-02-25 12:11:57,370 INFO [depth=4] Crawling: http://elections.maryland.gov/about/documents/Agenda_2_11_2021.pdf
2026-02-25 12:11:59,161 INFO [depth=4] Crawling: http://elections.maryland.gov/about/meeting_materials/February_11_2021.pdf
2026-02-25 12:12:00,311 INFO [depth=4] Crawling: http://elections.maryland.gov/about/meeting_materials/February_11 2021.pdf
2026-02-25 12:12:01,647 INFO [depth=4] Crawling: http://elections.maryland.gov/about/documents/Agenda_1_28_2021.pdf
2026-02-25 12:12:03,188 INFO [depth=4] Crawling: http://elections.maryland.gov/about/documents/Agenda_1_12_2021.pdf
2026-02-25 12:12:04,541 INFO [depth=4] Crawling: http://elections.maryland.gov/about/meeting_materials/January_12_2021.pdf
2026-02-25 12:12:05,838 INFO [depth=4] Crawling: http://elections.maryland.gov/about/meeting_materials/January_12 2021.pdf
2026-02-25 12:12:07,131 INFO [depth=4] Crawling: http://elections.maryland.gov/about/documents/Electoral_College_2020.pdf
2026-02-25 12:12:08,333 INFO [depth=4] Crawling: http://elections.maryland.gov/about/documents/Agenda_12_7_2020.pdf
2026-02-25 12:12:09,440 INFO [depth=4] Crawling: http://elections.maryland.gov/about/documents/Agenda_12_04_2020.pdf
2026-02-25 12:12:10,681 INFO [depth=4] Crawling: http://elections.maryland.gov/pdf/minutes/2020_12_04.pdf
2026-02-25 12:12:11,845 INFO [depth=4] Crawling: http://elections.maryland.gov/about/meeting_materials/December_4_2020.pdf
2026-02-25 12:12:13,020 INFO [depth=4] Crawling: http://elections.maryland.gov/about/documents/Canvass_Agenda_Dec_04_2020.pdf
2026-02-25 12:12:14,436 INFO [depth=4] Crawling: http://elections.maryland.gov/about/documents/Agenda_10_08_2020.pdf
2026-02-25 12:12:16,034 INFO [depth=4] Crawling: http://elections.maryland.gov/pdf/minutes/10_10082020.pdf
2026-02-25 12:12:17,158 INFO [depth=4] Crawling: http://elections.maryland.gov/about/meeting_materials/October_8_2020.pdf
2026-02-25 12:12:18,502 INFO [depth=4] Crawling: http://elections.maryland.gov/about/documents/Agenda_9_24_2020.pdf
2026-02-25 12:12:19,682 INFO [depth=4] Crawling: http://elections.maryland.gov/pdf/minutes/09_09242020.pdf
2026-02-25 12:12:20,794 INFO [depth=4] Crawling: http://elections.maryland.gov/about/meeting_materials/September_24_2020.pdf
2026-02-25 12:12:22,068 INFO [depth=4] Crawling: http://elections.maryland.gov/about/documents/Agenda_9_11_2020.pdf
2026-02-25 12:12:23,201 INFO [depth=4] Crawling: http://elections.maryland.gov/pdf/minutes/09_09112020.pdf
2026-02-25 12:12:24,261 INFO [depth=4] Crawling: http://elections.maryland.gov/about/meeting_materials/September_11_2020.pdf
2026-02-25 12:12:25,445 INFO [depth=4] Crawling: http://elections.maryland.gov/about/documents/Agenda_9_4_2020.pdf
2026-02-25 12:12:26,765 INFO [depth=4] Crawling: http://elections.maryland.gov/pdf/minutes/09_09042020.pdf
2026-02-25 12:12:27,951 INFO [depth=4] Crawling: http://elections.maryland.gov/about/meeting_materials/September_4_2020.pdf
2026-02-25 12:12:29,072 INFO [depth=4] Crawling: http://elections.maryland.gov/about/documents/Agenda_8_28_2020.pdf
2026-02-25 12:12:30,293 INFO [depth=4] Crawling: http://elections.maryland.gov/pdf/minutes/08_08282020.pdf
2026-02-25 12:12:31,950 INFO [depth=4] Crawling: http://elections.maryland.gov/about/meeting_materials/August_28_2020.pdf
2026-02-25 12:12:33,173 INFO [depth=4] Crawling: http://elections.maryland.gov/about/documents/Agenda_8_19_2020.pdf
2026-02-25 12:12:34,191 INFO [depth=4] Crawling: http://elections.maryland.gov/pdf/minutes/08_08192020.pdf
2026-02-25 12:12:35,422 INFO [depth=4] Crawling: http://elections.maryland.gov/about/meeting_materials/August_19_2020.pdf
2026-02-25 12:12:36,585 INFO [depth=4] Crawling: http://elections.maryland.gov/about/documents/Agenda_8_12_2020.pdf
2026-02-25 12:12:37,738 INFO [depth=4] Crawling: http://elections.maryland.gov/pdf/minutes/08_08122020.pdf
2026-02-25 12:12:38,886 INFO [depth=4] Crawling: http://elections.maryland.gov/about/meeting_materials/August_12_2020.pdf
2026-02-25 12:12:40,732 INFO [depth=4] Crawling: http://elections.maryland.gov/about/documents/Agenda_8_7_2020.pdf
2026-02-25 12:12:42,102 INFO [depth=4] Crawling: http://elections.maryland.gov/pdf/minutes/08_08072020.pdf
2026-02-25 12:12:43,303 INFO [depth=4] Crawling: http://elections.maryland.gov/about/meeting_materials/August_7_2020.pdf
2026-02-25 12:12:44,471 INFO [depth=4] Crawling: http://elections.maryland.gov/about/documents/Agenda_8_5_2020.pdf
2026-02-25 12:12:45,818 INFO [depth=4] Crawling: http://elections.maryland.gov/pdf/minutes/08_08052020.pdf
2026-02-25 12:12:47,084 INFO [depth=4] Crawling: http://elections.maryland.gov/about/meeting_materials/August_5_2020.pdf
2026-02-25 12:12:48,196 INFO [depth=4] Crawling: http://elections.maryland.gov/about/meeting_materials/August_5_2020_voting_locations.pdf
2026-02-25 12:12:49,435 INFO [depth=4] Crawling: http://elections.maryland.gov/about/documents/Agenda_7_23_2020.pdf
2026-02-25 12:12:50,557 INFO [depth=4] Crawling: http://elections.maryland.gov/pdf/minutes/2020_07_23.pdf
2026-02-25 12:12:51,804 INFO [depth=4] Crawling: http://elections.maryland.gov/about/meeting_materials/July_23_2020.pdf
2026-02-25 12:12:52,961 INFO [depth=4] Crawling: http://elections.maryland.gov/about/documents/Canvass_Agenda_06_02_2020.pdf
2026-02-25 12:12:54,033 INFO [depth=4] Crawling: http://elections.maryland.gov/about/documents/Agenda_6_30_2020.pdf
2026-02-25 12:12:55,163 INFO [depth=4] Crawling: http://elections.maryland.gov/pdf/minutes/2020_06_30.pdf
2026-02-25 12:12:56,483 INFO [depth=4] Crawling: http://elections.maryland.gov/about/meeting_materials/June_30_2020.pdf
2026-02-25 12:12:57,859 INFO [depth=4] Crawling: http://elections.maryland.gov/about/documents/Agenda_6_18_2020.pdf
2026-02-25 12:12:59,266 INFO [depth=4] Crawling: http://elections.maryland.gov/pdf/minutes/2020_06_18.pdf
2026-02-25 12:13:00,562 INFO [depth=4] Crawling: http://elections.maryland.gov/about/meeting_materials/June_18_2020.pdf
2026-02-25 12:13:02,048 INFO [depth=4] Crawling: http://elections.maryland.gov/about/meeting_materials/2020-02 SBE policy - petition deadline extension.pdf
2026-02-25 12:13:03,486 INFO [depth=4] Crawling: http://elections.maryland.gov/about/documents/Agenda_5_28_2020.pdf
2026-02-25 12:13:05,062 INFO [depth=4] Crawling: http://elections.maryland.gov/pdf/minutes/2020_05_28.pdf
2026-02-25 12:13:07,339 INFO [depth=4] Crawling: http://elections.maryland.gov/about/meeting_materials/May_28_2020.pdf
2026-02-25 12:13:08,971 INFO [depth=4] Crawling: http://elections.maryland.gov/about/documents/Agenda_5_20_2020.pdf
2026-02-25 12:13:10,631 INFO [depth=4] Crawling: http://elections.maryland.gov/pdf/minutes/2020_05_20.pdf
2026-02-25 12:13:12,108 INFO [depth=4] Crawling: http://elections.maryland.gov/about/meeting_materials/May_20_2020.pdf
2026-02-25 12:13:13,861 INFO [depth=4] Crawling: http://elections.maryland.gov/about/documents/Agenda_4_22_2020.pdf
2026-02-25 12:13:15,299 INFO [depth=4] Crawling: http://elections.maryland.gov/pdf/minutes/2020_05_14.pdf
2026-02-25 12:13:16,681 INFO [depth=4] Crawling: http://elections.maryland.gov/about/meeting_materials/May_14_2020.pdf
2026-02-25 12:13:18,895 INFO [depth=4] Crawling: http://elections.maryland.gov/about/documents/Canvass_Agenda_05_12_2020.pdf
2026-02-25 12:13:20,290 INFO [depth=4] Crawling: http://elections.maryland.gov/pdf/minutes/2020_04_22.pdf
2026-02-25 12:13:22,223 INFO [depth=4] Crawling: http://elections.maryland.gov/about/meeting_materials/April_22_2020.pdf
2026-02-25 12:13:23,636 INFO [depth=4] Crawling: http://elections.maryland.gov/about/documents/Agenda_4_13_2020.pdf
2026-02-25 12:13:24,794 INFO [depth=4] Crawling: http://elections.maryland.gov/pdf/minutes/2020_04_13.pdf
2026-02-25 12:13:26,263 INFO [depth=4] Crawling: http://elections.maryland.gov/about/meeting_materials/April_13_2020.pdf
2026-02-25 12:13:27,882 INFO [depth=4] Crawling: http://elections.maryland.gov/about/documents/Agenda_4_2_2020.pdf
2026-02-25 12:13:28,994 INFO [depth=4] Crawling: http://elections.maryland.gov/pdf/minutes/2020_04_02.pdf
2026-02-25 12:13:30,299 INFO [depth=4] Crawling: http://elections.maryland.gov/about/meeting_materials/April_2_2020.pdf
2026-02-25 12:13:31,484 INFO [depth=4] Crawling: http://elections.maryland.gov/about/meeting_materials/March_2020.pdf
2026-02-25 12:13:33,031 INFO [depth=4] Crawling: http://elections.maryland.gov/about/documents/Agenda_3_25_2020.pdf
2026-02-25 12:13:34,370 INFO [depth=4] Crawling: http://elections.maryland.gov/pdf/minutes/2020_03_25.pdf
2026-02-25 12:13:35,612 INFO [depth=4] Crawling: http://elections.maryland.gov/about/documents/Agenda_2_27_2020.pdf
2026-02-25 12:13:36,802 INFO [depth=4] Crawling: http://elections.maryland.gov/pdf/minutes/2020_02.pdf
2026-02-25 12:13:37,929 INFO [depth=4] Crawling: http://elections.maryland.gov/about/meeting_materials/February_2020.pdf
2026-02-25 12:13:39,099 INFO [depth=4] Crawling: http://elections.maryland.gov/about/documents/Agenda_2_21_2020.pdf
2026-02-25 12:13:41,377 INFO [depth=4] Crawling: http://elections.maryland.gov/about/meeting_materials/February_21_2020.pdf
2026-02-25 12:13:42,821 INFO [depth=4] Crawling: http://elections.maryland.gov/about/documents/Agenda_1_16_2020.pdf
2026-02-25 12:13:44,034 INFO [depth=4] Crawling: http://elections.maryland.gov/pdf/minutes/2020_01.pdf
2026-02-25 12:13:45,188 INFO [depth=4] Crawling: http://elections.maryland.gov/about/meeting_materials/January_2020.pdf
2026-02-25 12:13:46,325 INFO [depth=4] Crawling: http://elections.maryland.gov/about/documents/Agenda_12_12_2019.pdf
2026-02-25 12:13:47,462 INFO [depth=4] Crawling: http://elections.maryland.gov/pdf/minutes/2019_12.pdf
2026-02-25 12:13:48,640 INFO [depth=4] Crawling: http://elections.maryland.gov/about/meeting_materials/December_2019.pdf
2026-02-25 12:13:50,037 INFO [depth=4] Crawling: http://elections.maryland.gov/about/documents/Agenda_10_31_2019.pdf
2026-02-25 12:13:51,329 INFO [depth=4] Crawling: http://elections.maryland.gov/pdf/minutes/2019_10_31.pdf
2026-02-25 12:13:52,494 INFO [depth=4] Crawling: http://elections.maryland.gov/about/meeting_materials/October_31_2019.pdf
2026-02-25 12:13:53,893 INFO [depth=4] Crawling: http://elections.maryland.gov/about/documents/Agenda_10_08_2019.pdf
2026-02-25 12:13:55,168 INFO [depth=4] Crawling: http://elections.maryland.gov/pdf/minutes/2019_10_08.pdf
2026-02-25 12:13:56,498 INFO [depth=4] Crawling: http://elections.maryland.gov/about/meeting_materials/October_8_2019.pdf
2026-02-25 12:13:57,673 INFO [depth=4] Crawling: http://elections.maryland.gov/about/documents/Agenda_9_26_2019.pdf
2026-02-25 12:13:58,849 INFO [depth=4] Crawling: http://elections.maryland.gov/pdf/minutes/2019_09.pdf
2026-02-25 12:14:00,239 INFO [depth=4] Crawling: http://elections.maryland.gov/about/meeting_materials/September_2019.pdf
2026-02-25 12:14:01,695 INFO [depth=4] Crawling: http://elections.maryland.gov/about/documents/Agenda_8_22_2019.pdf
2026-02-25 12:14:02,838 INFO [depth=4] Crawling: http://elections.maryland.gov/pdf/minutes/2019_08.pdf
2026-02-25 12:14:04,003 INFO [depth=4] Crawling: http://elections.maryland.gov/about/meeting_materials/August_2019.pdf
2026-02-25 12:14:05,184 INFO [depth=4] Crawling: http://elections.maryland.gov/about/documents/agenda_7_25_2019.pdf
2026-02-25 12:14:06,406 INFO [depth=4] Crawling: http://elections.maryland.gov/pdf/minutes/2019_07.pdf
2026-02-25 12:14:09,412 INFO [depth=4] Crawling: http://elections.maryland.gov/about/meeting_materials/July_2019.pdf
2026-02-25 12:14:10,474 INFO [depth=4] Crawling: http://elections.maryland.gov/about/documents/Agenda_6_27_2019.pdf
2026-02-25 12:14:12,060 INFO [depth=4] Crawling: http://elections.maryland.gov/pdf/minutes/2019_06.pdf
2026-02-25 12:14:13,279 INFO [depth=4] Crawling: http://elections.maryland.gov/about/meeting_materials/June_2019.pdf
2026-02-25 12:14:14,572 INFO [depth=4] Crawling: http://elections.maryland.gov/about/documents/Agenda_5_16_2019.pdf
2026-02-25 12:14:15,879 INFO [depth=4] Crawling: http://elections.maryland.gov/pdf/minutes/2019_05.pdf
2026-02-25 12:14:17,031 INFO [depth=4] Crawling: http://elections.maryland.gov/about/meeting_materials/May_2019.pdf
2026-02-25 12:14:18,239 INFO [depth=4] Crawling: http://elections.maryland.gov/about/documents/Agenda_4_24_2019.pdf
2026-02-25 12:14:19,362 INFO [depth=4] Crawling: http://elections.maryland.gov/pdf/minutes/2019_04.pdf
2026-02-25 12:14:20,745 INFO [depth=4] Crawling: http://elections.maryland.gov/about/meeting_materials/April_2019.pdf
2026-02-25 12:14:22,908 INFO [depth=4] Crawling: http://elections.maryland.gov/about/documents/Agenda_3_28_2019.pdf
2026-02-25 12:14:24,079 INFO [depth=4] Crawling: http://elections.maryland.gov/pdf/minutes/2019_03.pdf
2026-02-25 12:14:25,272 INFO [depth=4] Crawling: http://elections.maryland.gov/about/meeting_materials/March_2019.pdf
2026-02-25 12:14:26,493 INFO [depth=4] Crawling: http://elections.maryland.gov/about/documents/Agenda_1_10_2019.pdf
2026-02-25 12:14:27,679 INFO [depth=4] Crawling: http://elections.maryland.gov/pdf/minutes/2019_01.pdf
2026-02-25 12:14:29,163 INFO [depth=4] Crawling: http://elections.maryland.gov/about/meeting_materials/January_2019.pdf
2026-02-25 12:14:30,383 INFO [depth=4] Crawling: http://elections.maryland.gov/about/documents/Agenda_11_29_2018.pdf
2026-02-25 12:14:31,814 INFO [depth=4] Crawling: http://elections.maryland.gov/pdf/minutes/2018_11.pdf
2026-02-25 12:14:32,922 INFO [depth=4] Crawling: http://elections.maryland.gov/about/meeting_materials/November_2018.pdf
2026-02-25 12:14:34,094 INFO [depth=4] Crawling: http://elections.maryland.gov/about/documents/Agenda_10_04_2018.pdf
2026-02-25 12:14:35,295 INFO [depth=4] Crawling: http://elections.maryland.gov/pdf/minutes/2018_10.pdf
2026-02-25 12:14:36,499 INFO [depth=4] Crawling: http://elections.maryland.gov/about/meeting_materials/October_2018.pdf
2026-02-25 12:14:37,737 INFO [depth=4] Crawling: http://elections.maryland.gov/about/documents/Agenda_8_23_2018.pdf
2026-02-25 12:14:38,924 INFO [depth=4] Crawling: http://elections.maryland.gov/pdf/minutes/2018_08.pdf
2026-02-25 12:14:40,266 INFO [depth=4] Crawling: http://elections.maryland.gov/about/meeting_materials/August_2018.pdf
2026-02-25 12:14:41,673 INFO [depth=4] Crawling: http://elections.maryland.gov/about/documents/Agenda_7_19_2018.pdf
2026-02-25 12:14:42,848 INFO [depth=4] Crawling: http://elections.maryland.gov/pdf/minutes/2018_07.pdf
2026-02-25 12:14:44,499 INFO [depth=4] Crawling: http://elections.maryland.gov/about/meeting_materials/July_2018.pdf
2026-02-25 12:14:45,673 INFO [depth=4] Crawling: http://elections.maryland.gov/about/documents/Agenda_5_24_2018.pdf
2026-02-25 12:14:47,222 INFO [depth=4] Crawling: http://elections.maryland.gov/pdf/minutes/2018_05_31.pdf
2026-02-25 12:14:48,335 INFO [depth=4] Crawling: http://elections.maryland.gov/about/meeting_materials/May_2018.pdf
2026-02-25 12:14:49,762 INFO [depth=4] Crawling: http://elections.maryland.gov/about/documents/Agenda_4_24_2018.pdf
2026-02-25 12:14:51,779 INFO [depth=4] Crawling: http://elections.maryland.gov/pdf/minutes/2018_04_24.pdf
2026-02-25 12:14:53,022 INFO [depth=4] Crawling: http://elections.maryland.gov/about/meeting_materials/April_24_2018.pdf
2026-02-25 12:14:54,295 INFO [depth=4] Crawling: http://elections.maryland.gov/about/documents/Agenda_4_12_2018.pdf
2026-02-25 12:14:55,413 INFO [depth=4] Crawling: http://elections.maryland.gov/pdf/minutes/2018_04_12.pdf
2026-02-25 12:14:56,525 INFO [depth=4] Crawling: http://elections.maryland.gov/about/meeting_materials/April_2018.pdf
2026-02-25 12:14:57,846 INFO [depth=4] Crawling: http://elections.maryland.gov/about/documents/Agenda_2_22_2018.pdf
2026-02-25 12:14:59,002 INFO [depth=4] Crawling: http://elections.maryland.gov/pdf/minutes/2018_02.pdf
2026-02-25 12:15:00,135 INFO [depth=4] Crawling: http://elections.maryland.gov/about/meeting_materials/February_2018.pdf
2026-02-25 12:15:01,258 INFO [depth=4] Crawling: http://elections.maryland.gov/about/documents/Agenda_1_18_2018.pdf
2026-02-25 12:15:02,573 INFO [depth=4] Crawling: http://elections.maryland.gov/pdf/minutes/2018_01.pdf
2026-02-25 12:15:03,740 INFO [depth=4] Crawling: http://elections.maryland.gov/about/meeting_materials/January_2018.pdf
2026-02-25 12:15:05,106 INFO [depth=4] Crawling: http://elections.maryland.gov/about/documents/Agenda_12_7_2017.pdf
2026-02-25 12:15:07,312 INFO [depth=4] Crawling: http://elections.maryland.gov/pdf/minutes/2017_12.pdf
2026-02-25 12:15:08,495 INFO [depth=4] Crawling: http://elections.maryland.gov/about/meeting_materials/December_2017.pdf
2026-02-25 12:15:09,606 INFO [depth=4] Crawling: http://elections.maryland.gov/about/documents/Agenda_10_26_2017.pdf
2026-02-25 12:15:10,888 INFO [depth=4] Crawling: http://elections.maryland.gov/pdf/minutes/2017_10.pdf
2026-02-25 12:15:12,124 INFO [depth=4] Crawling: http://elections.maryland.gov/about/meeting_materials/October_2017.pdf
2026-02-25 12:15:13,322 INFO [depth=4] Crawling: http://elections.maryland.gov/about/documents/Agenda_9_29_2017.pdf
2026-02-25 12:15:14,580 INFO [depth=4] Crawling: http://elections.maryland.gov/pdf/minutes/2017_09.pdf
2026-02-25 12:15:16,125 INFO [depth=4] Crawling: http://elections.maryland.gov/about/meeting_materials/September_2017.pdf
2026-02-25 12:15:17,269 INFO [depth=4] Crawling: http://elections.maryland.gov/about/documents/agenda_8_24_2017.pdf
2026-02-25 12:15:18,892 INFO [depth=4] Crawling: http://elections.maryland.gov/pdf/minutes/2017_08.pdf
2026-02-25 12:15:20,202 INFO [depth=4] Crawling: http://elections.maryland.gov/about/meeting_materials/August_2017.pdf
2026-02-25 12:15:21,394 INFO [depth=4] Crawling: http://elections.maryland.gov/about/documents/agenda_7_27_2017.pdf
2026-02-25 12:15:22,668 INFO [depth=4] Crawling: http://elections.maryland.gov/pdf/minutes/2017_07.pdf
2026-02-25 12:15:24,662 INFO [depth=4] Crawling: http://elections.maryland.gov/about/meeting_materials/July_2017.pdf
2026-02-25 12:15:26,136 INFO [depth=4] Crawling: http://elections.maryland.gov/about/documents/Agenda_5_18_2017.pdf
2026-02-25 12:15:27,475 INFO [depth=4] Crawling: http://elections.maryland.gov/pdf/minutes/2017_05.pdf
2026-02-25 12:15:29,268 INFO [depth=4] Crawling: http://elections.maryland.gov/about/meeting_materials/May_2017.pdf
2026-02-25 12:15:30,948 INFO [depth=4] Crawling: http://elections.maryland.gov/about/documents/Agenda_4_20_2017.pdf
2026-02-25 12:15:32,758 INFO [depth=4] Crawling: http://elections.maryland.gov/pdf/minutes/2017_04.pdf
2026-02-25 12:15:35,181 INFO [depth=4] Crawling: http://elections.maryland.gov/about/meeting_materials/April_2017.pdf
2026-02-25 12:15:36,548 INFO [depth=4] Crawling: http://elections.maryland.gov/about/documents/Agenda_2_23_2017.pdf
2026-02-25 12:15:37,770 INFO [depth=4] Crawling: http://elections.maryland.gov/pdf/minutes/2017_02.pdf
2026-02-25 12:15:39,048 INFO [depth=4] Crawling: http://elections.maryland.gov/about/meeting_materials/February_2017.pdf
2026-02-25 12:15:40,235 INFO [depth=4] Crawling: http://elections.maryland.gov/about/documents/Agenda_1_25_2017.pdf
2026-02-25 12:15:41,456 INFO [depth=4] Crawling: http://elections.maryland.gov/pdf/minutes/2017_01.pdf
2026-02-25 12:15:42,697 INFO [depth=4] Crawling: http://elections.maryland.gov/about/meeting_materials/January_2017.pdf
2026-02-25 12:15:43,829 INFO [depth=4] Crawling: http://elections.maryland.gov/about/documents/Agenda_12_15_2016.pdf
2026-02-25 12:15:45,073 INFO [depth=4] Crawling: http://elections.maryland.gov/about/documents/Agenda_10_28_2016.pdf
2026-02-25 12:15:47,289 INFO [depth=4] Crawling: http://elections.maryland.gov/about/documents/Agenda_9_29_2016.pdf
2026-02-25 12:15:48,557 INFO [depth=4] Crawling: http://elections.maryland.gov/about/documents/Agenda_9_14_2016.pdf
2026-02-25 12:15:49,792 INFO [depth=4] Crawling: http://elections.maryland.gov/about/documents/Agenda_9_08_2016.pdf
2026-02-25 12:15:51,065 INFO [depth=4] Crawling: http://elections.maryland.gov/about/documents/Agenda_8_25_2016.pdf
2026-02-25 12:15:52,422 INFO [depth=4] Crawling: http://elections.maryland.gov/about/documents/agenda_7_28_2016.pdf
2026-02-25 12:15:53,803 INFO [depth=4] Crawling: http://elections.maryland.gov/about/documents/Agenda_6_30_2016.pdf
2026-02-25 12:15:55,222 INFO [depth=4] Crawling: http://elections.maryland.gov/about/documents/Agenda_5_18_2016.pdf
2026-02-25 12:15:56,965 INFO [depth=4] Crawling: http://elections.maryland.gov/about/documents/Agenda_3_24_2016.pdf
2026-02-25 12:15:58,145 INFO [depth=4] Crawling: http://elections.maryland.gov/about/documents/Agenda_3_4_2016.pdf
2026-02-25 12:15:59,378 INFO [depth=4] Crawling: http://elections.maryland.gov/about/documents/Agenda_2_25_2016.pdf
2026-02-25 12:16:00,572 INFO [depth=4] Crawling: http://elections.maryland.gov/about/documents/Agenda_2_4_2016.pdf
2026-02-25 12:16:01,762 INFO [depth=4] Crawling: http://elections.maryland.gov/about/documents/Agenda_January_21_2016.pdf
2026-02-25 12:16:03,079 INFO [depth=4] Crawling: http://elections.maryland.gov/about/documents/Agenda_11_13_2015.pdf
2026-02-25 12:16:04,472 INFO [depth=4] Crawling: http://elections.maryland.gov/about/documents/Agenda_10_23_2015.pdf
2026-02-25 12:16:05,613 INFO [depth=4] Crawling: http://elections.maryland.gov/about/documents/Agenda_10_15_2015.pdf
2026-02-25 12:16:07,001 INFO [depth=4] Crawling: http://elections.maryland.gov/about/documents/Agenda_9_24_2015.pdf
2026-02-25 12:16:08,250 INFO [depth=4] Crawling: http://elections.maryland.gov/about/documents/Agenda_8_27_2015.pdf
2026-02-25 12:16:09,398 INFO [depth=4] Crawling: http://elections.maryland.gov/about/documents/agenda_7_16_2015.pdf
2026-02-25 12:16:10,660 INFO [depth=4] Crawling: http://elections.maryland.gov/documents/Agenda_May.pdf
2026-02-25 12:16:11,837 INFO [depth=4] Crawling: http://elections.maryland.gov/about/documents/Agenda_4_30_2015.pdf
2026-02-25 12:16:12,956 INFO [depth=4] Crawling: http://elections.maryland.gov/about/documents/Agenda_3_19_2015.pdf
2026-02-25 12:16:14,162 INFO [depth=4] Crawling: http://elections.maryland.gov/about/documents/Agenda_1_29_2015.pdf
2026-02-25 12:16:15,845 INFO [depth=4] Crawling: http://elections.maryland.gov/about/documents/Agenda_12_11_2014.pdf
2026-02-25 12:16:17,112 INFO [depth=4] Crawling: http://elections.maryland.gov/about/documents/Agenda_10_30_2014.pdf
2026-02-25 12:16:18,655 INFO [depth=4] Crawling: http://elections.maryland.gov/about/documents/Agenda_9_25_2014.pdf
2026-02-25 12:16:20,112 INFO [depth=4] Crawling: http://elections.maryland.gov/about/documents/Agenda_8_28_2014.pdf
2026-02-25 12:16:21,406 INFO [depth=4] Crawling: http://elections.maryland.gov/about/documents/Agenda_7_10_2014.pdf
2026-02-25 12:16:23,122 INFO [depth=4] Crawling: http://elections.maryland.gov/about/documents/Agenda_4_24_2014.pdf
2026-02-25 12:16:24,345 INFO [depth=4] Crawling: http://elections.maryland.gov/about/documents/Agenda_3_27_2014.pdf
2026-02-25 12:16:25,912 INFO [depth=4] Crawling: http://elections.maryland.gov/about/documents/Agenda_2_27_2014.pdf
2026-02-25 12:16:27,262 INFO [depth=4] Crawling: http://elections.maryland.gov/about/documents/Agenda_1_23_2014.pdf
2026-02-25 12:16:28,507 INFO [depth=4] Crawling: http://elections.maryland.gov/about/documents/Agenda_11_21_2013.pdf
2026-02-25 12:16:29,591 INFO [depth=4] Crawling: http://elections.maryland.gov/about/documents/Agenda_9_26_2013.pdf
2026-02-25 12:16:30,979 INFO [depth=4] Crawling: http://elections.maryland.gov/about/documents/Agenda_8_22_2013.pdf
2026-02-25 12:16:32,228 INFO [depth=4] Crawling: http://elections.maryland.gov/about/documents/Agenda_7_17_2013.pdf
2026-02-25 12:16:33,458 INFO [depth=4] Crawling: http://elections.maryland.gov/about/documents/Agenda_5_23_2013.pdf
2026-02-25 12:16:34,690 INFO [depth=4] Crawling: http://elections.maryland.gov/about/documents/Agenda_4_25_2013.pdf
2026-02-25 12:16:36,038 INFO [depth=4] Crawling: http://elections.maryland.gov/about/documents/Agenda_3_28_2013.pdf
2026-02-25 12:16:37,183 INFO [depth=4] Crawling: http://elections.maryland.gov/about/documents/Agenda_1_31_2013.pdf
2026-02-25 12:16:38,391 INFO [depth=4] Crawling: http://elections.maryland.gov/about/documents/Agenda_12_6_2012.pdf
2026-02-25 12:16:39,607 INFO [depth=4] Crawling: http://elections.maryland.gov/pdf/minutes/Agenda_10_25_2012_meeting.pdf
2026-02-25 12:16:41,061 INFO [depth=4] Crawling: http://elections.maryland.gov/pdf/minutes/Agenda_9_27_2012_meeting.pdf
2026-02-25 12:16:42,395 INFO [depth=4] Crawling: http://elections.maryland.gov/about/documents/Agenda_8_23_2012.pdf
2026-02-25 12:16:43,652 INFO [depth=4] Crawling: http://elections.maryland.gov/about/documents/Agenda_6_28_2012.pdf
2026-02-25 12:16:44,837 INFO [depth=4] Crawling: http://elections.maryland.gov/about/documents/Agenda_5_24_2012.pdf
2026-02-25 12:16:46,108 INFO [depth=4] Crawling: http://elections.maryland.gov/about/documents/Agenda_3_12_2012.pdf
2026-02-25 12:16:47,373 INFO [depth=4] Crawling: http://elections.maryland.gov/about/documents/Agenda_2_23_2012.pdf
2026-02-25 12:16:48,544 INFO [depth=4] Crawling: http://elections.maryland.gov/about/documents/Agenda_12_19_2011.pdf
2026-02-25 12:16:49,729 INFO [depth=4] Crawling: http://elections.maryland.gov/about/documents/Agenda_11_10_2011.pdf
2026-02-25 12:16:51,178 INFO [depth=4] Crawling: http://elections.maryland.gov/about/documents/Agenda_9_22_2011.pdf
2026-02-25 12:16:52,564 INFO [depth=4] Crawling: http://elections.maryland.gov/about/documents/Agenda_8_25_2011.pdf
2026-02-25 12:16:53,840 INFO [depth=4] Crawling: http://elections.maryland.gov/about/documents/Agenda_7_28_2011.pdf
2026-02-25 12:16:55,199 INFO [depth=4] Crawling: http://elections.maryland.gov/about/documents/Agenda_6_30_2011.pdf
2026-02-25 12:16:56,606 INFO [depth=4] Crawling: http://elections.maryland.gov/about/documents/Agenda_4_28_2011.pdf
2026-02-25 12:16:57,989 INFO [depth=4] Crawling: http://elections.maryland.gov/about/documents/Agenda_3_24_2011.pdf
2026-02-25 12:16:59,376 INFO [depth=4] Crawling: http://elections.maryland.gov/about/documents/Agenda_2_10_2011.pdf
2026-02-25 12:17:00,820 INFO [depth=4] Crawling: http://elections.maryland.gov/pdf/minutes/Agenda_12_14_2010.pdf
2026-02-25 12:17:02,175 INFO [depth=4] Crawling: http://elections.maryland.gov/pdf/minutes/Agenda_9_27.pdf
2026-02-25 12:17:03,411 INFO [depth=4] Crawling: http://elections.maryland.gov/about/documents/Agenda_8_5.pdf
2026-02-25 12:17:04,688 INFO [depth=4] Crawling: http://elections.maryland.gov/about/documents/Agenda_6_3.pdf
2026-02-25 12:17:06,033 INFO [depth=4] Crawling: http://elections.maryland.gov/about/documents/Agenda_4_29.pdf
2026-02-25 12:17:07,489 INFO [depth=4] Crawling: http://elections.maryland.gov/about/documents/Agenda_3_25.pdf
2026-02-25 12:17:08,910 INFO [depth=4] Crawling: http://elections.maryland.gov/pdf/minutes/Agenda_2_25_meeting.pdf
2026-02-25 12:17:10,291 INFO [depth=4] Crawling: http://elections.maryland.gov/pdf/minutes/Agenda_1_28_2010_meeting.pdf
2026-02-25 12:17:11,660 INFO [depth=4] Crawling: http://elections.maryland.gov/pdf/minutes/Agenda_12_17_meeting.pdf
2026-02-25 12:17:12,810 INFO [depth=4] Crawling: http://elections.maryland.gov/pdf/minutes/Agenda_10_22_meeting.pdf
2026-02-25 12:17:14,021 INFO [depth=4] Crawling: http://elections.maryland.gov/pdf/minutes/Agenda_9_24_Meeting.pdf
2026-02-25 12:17:15,174 INFO [depth=4] Crawling: http://elections.maryland.gov/pdf/minutes/Agenda_7_23_meeting.pdf
2026-02-25 12:17:16,555 INFO [depth=4] Crawling: http://elections.maryland.gov/pdf/minutes/Agenda_5_28_meeting.pdf
2026-02-25 12:17:18,000 INFO [depth=4] Crawling: http://elections.maryland.gov/pdf/minutes/Agenda_4_22_meeting.pdf
2026-02-25 12:17:19,462 INFO [depth=4] Crawling: http://elections.maryland.gov/pdf/minutes/Agenda_3_26_meeting.pdf
2026-02-25 12:17:20,625 INFO [depth=4] Crawling: http://elections.maryland.gov/pdf/minutes/2016_12.pdf
2026-02-25 12:17:21,939 INFO [depth=4] Crawling: http://elections.maryland.gov/pdf/minutes/2016_10.pdf
2026-02-25 12:17:23,176 INFO [depth=4] Crawling: http://elections.maryland.gov/pdf/minutes/2016_09_29.pdf
2026-02-25 12:17:24,357 INFO [depth=4] Crawling: http://elections.maryland.gov/pdf/minutes/2016_09_14.pdf
2026-02-25 12:17:25,562 INFO [depth=4] Crawling: http://elections.maryland.gov/pdf/minutes/2016_09_08.pdf
2026-02-25 12:17:26,681 INFO [depth=4] Crawling: http://elections.maryland.gov/pdf/minutes/2016_08.pdf
2026-02-25 12:17:27,772 INFO [depth=4] Crawling: http://elections.maryland.gov/pdf/minutes/2016_07.pdf
2026-02-25 12:17:29,071 INFO [depth=4] Crawling: http://elections.maryland.gov/pdf/minutes/2016_06.pdf
2026-02-25 12:17:30,283 INFO [depth=4] Crawling: http://elections.maryland.gov/pdf/minutes/2016_05.pdf
2026-02-25 12:17:31,548 INFO [depth=4] Crawling: http://elections.maryland.gov/pdf/minutes/2016_03_24.pdf
2026-02-25 12:17:32,654 INFO [depth=4] Crawling: http://elections.maryland.gov/pdf/minutes/2016_03_04.pdf
2026-02-25 12:17:34,035 INFO [depth=4] Crawling: http://elections.maryland.gov/pdf/minutes/2016_02.pdf
2026-02-25 12:17:35,728 INFO [depth=4] Crawling: http://elections.maryland.gov/pdf/minutes/2016_02_04.pdf
2026-02-25 12:17:37,622 INFO [depth=4] Crawling: http://elections.maryland.gov/pdf/minutes/2016_01.pdf
2026-02-25 12:17:38,878 INFO [depth=4] Crawling: http://elections.maryland.gov/pdf/minutes/2015_11.pdf
2026-02-25 12:17:40,150 INFO [depth=4] Crawling: http://elections.maryland.gov/pdf/minutes/2015_10_23.pdf
2026-02-25 12:17:41,498 INFO [depth=4] Crawling: http://elections.maryland.gov/pdf/minutes/2015_10_15.pdf
2026-02-25 12:17:42,973 INFO [depth=4] Crawling: http://elections.maryland.gov/pdf/minutes/2015_09.pdf
2026-02-25 12:17:44,898 INFO [depth=4] Crawling: http://elections.maryland.gov/pdf/minutes/2015_08.pdf
2026-02-25 12:17:46,222 INFO [depth=4] Crawling: http://elections.maryland.gov/pdf/minutes/2015_07.pdf
2026-02-25 12:17:47,992 INFO [depth=4] Crawling: http://elections.maryland.gov/pdf/minutes/2015_05.pdf
2026-02-25 12:17:49,222 INFO [depth=4] Crawling: http://elections.maryland.gov/pdf/minutes/2015_04.pdf
2026-02-25 12:17:50,729 INFO [depth=4] Crawling: http://elections.maryland.gov/pdf/minutes/2015_03.pdf
2026-02-25 12:17:52,292 INFO [depth=4] Crawling: http://elections.maryland.gov/pdf/minutes/2015_01.pdf
2026-02-25 12:17:53,560 INFO [depth=4] Crawling: http://elections.maryland.gov/pdf/minutes/2014_12.pdf
2026-02-25 12:17:54,817 INFO [depth=4] Crawling: http://elections.maryland.gov/pdf/minutes/2014_10.pdf
2026-02-25 12:17:56,188 INFO [depth=4] Crawling: http://elections.maryland.gov/pdf/minutes/2014_09.pdf
2026-02-25 12:17:57,407 INFO [depth=4] Crawling: http://elections.maryland.gov/pdf/minutes/2014_08.pdf
2026-02-25 12:17:58,672 INFO [depth=4] Crawling: http://elections.maryland.gov/pdf/minutes/2014_07.pdf
2026-02-25 12:17:59,819 INFO [depth=4] Crawling: http://elections.maryland.gov/pdf/minutes/2014_04.pdf
2026-02-25 12:18:01,010 INFO [depth=4] Crawling: http://elections.maryland.gov/pdf/minutes/2014_03.pdf
2026-02-25 12:18:02,267 INFO [depth=4] Crawling: http://elections.maryland.gov/pdf/minutes/2014_02.pdf
2026-02-25 12:18:03,518 INFO [depth=4] Crawling: http://elections.maryland.gov/pdf/minutes/2014_01.pdf
2026-02-25 12:18:04,791 INFO [depth=4] Crawling: http://elections.maryland.gov/pdf/minutes/2013_11.pdf
2026-02-25 12:18:05,990 INFO [depth=4] Crawling: http://elections.maryland.gov/pdf/minutes/2013_09.pdf
2026-02-25 12:18:07,173 INFO [depth=4] Crawling: http://elections.maryland.gov/pdf/minutes/2013_08.pdf
2026-02-25 12:18:08,594 INFO [depth=4] Crawling: http://elections.maryland.gov/pdf/minutes/2013_07.pdf
2026-02-25 12:18:09,739 INFO [depth=4] Crawling: http://elections.maryland.gov/pdf/minutes/2013_05.pdf
2026-02-25 12:18:10,894 INFO [depth=4] Crawling: http://elections.maryland.gov/pdf/minutes/2013_04.pdf
2026-02-25 12:18:12,502 INFO [depth=4] Crawling: http://elections.maryland.gov/pdf/minutes/2013_03.pdf
2026-02-25 12:18:13,728 INFO [depth=4] Crawling: http://elections.maryland.gov/pdf/minutes/2013_01.pdf
2026-02-25 12:18:14,925 INFO [depth=4] Crawling: http://elections.maryland.gov/pdf/minutes/2012_12.pdf
2026-02-25 12:18:16,411 INFO [depth=4] Crawling: http://elections.maryland.gov/pdf/minutes/2012_10.pdf
2026-02-25 12:18:18,077 INFO [depth=4] Crawling: http://elections.maryland.gov/pdf/minutes/2012_09.pdf
2026-02-25 12:18:19,254 INFO [depth=4] Crawling: http://elections.maryland.gov/pdf/minutes/2012_08.pdf
2026-02-25 12:18:20,468 INFO [depth=4] Crawling: http://elections.maryland.gov/pdf/minutes/2012_06.pdf
2026-02-25 12:18:21,985 INFO [depth=4] Crawling: http://elections.maryland.gov/pdf/minutes/2012_5.pdf
2026-02-25 12:18:23,649 INFO [depth=4] Crawling: http://elections.maryland.gov/pdf/minutes/2012_3.pdf
2026-02-25 12:18:24,902 INFO [depth=4] Crawling: http://elections.maryland.gov/pdf/minutes/2012_2.pdf
2026-02-25 12:18:26,173 INFO [depth=4] Crawling: http://elections.maryland.gov/pdf/minutes/2011_12.pdf
2026-02-25 12:18:27,433 INFO [depth=4] Crawling: http://elections.maryland.gov/pdf/minutes/2011_11.pdf
2026-02-25 12:18:28,618 INFO [depth=4] Crawling: http://elections.maryland.gov/pdf/minutes/2011_09.pdf
2026-02-25 12:18:29,860 INFO [depth=4] Crawling: http://elections.maryland.gov/pdf/minutes/2011_08.pdf
2026-02-25 12:18:31,015 INFO [depth=4] Crawling: http://elections.maryland.gov/pdf/minutes/2011_07.pdf
2026-02-25 12:18:32,576 INFO [depth=4] Crawling: http://elections.maryland.gov/pdf/minutes/2011_06.pdf
2026-02-25 12:18:33,794 INFO [depth=4] Crawling: http://elections.maryland.gov/pdf/minutes/2011_04.pdf
2026-02-25 12:18:34,977 INFO [depth=4] Crawling: http://elections.maryland.gov/pdf/minutes/2011_03.pdf
2026-02-25 12:18:36,143 INFO [depth=4] Crawling: http://elections.maryland.gov/pdf/minutes/2011_02.pdf
2026-02-25 12:18:37,678 INFO [depth=4] Crawling: http://elections.maryland.gov/pdf/minutes/2010_12.pdf
2026-02-25 12:18:38,778 INFO [depth=4] Crawling: http://elections.maryland.gov/pdf/minutes/2010_09.pdf
2026-02-25 12:18:40,139 INFO [depth=4] Crawling: http://elections.maryland.gov/pdf/minutes/2010_08.pdf
2026-02-25 12:18:41,531 INFO [depth=4] Crawling: http://elections.maryland.gov/pdf/minutes/2010_06.pdf
2026-02-25 12:18:42,794 INFO [depth=4] Crawling: http://elections.maryland.gov/pdf/minutes/2010_04.pdf
2026-02-25 12:18:44,225 INFO [depth=4] Crawling: http://elections.maryland.gov/pdf/minutes/2010_03.pdf
2026-02-25 12:18:45,400 INFO [depth=4] Crawling: http://elections.maryland.gov/pdf/minutes/2010_02.pdf
2026-02-25 12:18:46,908 INFO [depth=4] Crawling: http://elections.maryland.gov/pdf/minutes/2010_01.pdf
2026-02-25 12:18:48,311 INFO [depth=4] Crawling: http://elections.maryland.gov/pdf/minutes/2009_12.pdf
2026-02-25 12:18:50,193 INFO [depth=4] Crawling: http://elections.maryland.gov/pdf/minutes/2009_10.pdf
2026-02-25 12:18:51,961 INFO [depth=4] Crawling: http://elections.maryland.gov/pdf/minutes/2009_09.pdf
2026-02-25 12:18:53,531 INFO [depth=4] Crawling: http://elections.maryland.gov/pdf/minutes/2009_07.pdf
2026-02-25 12:18:55,106 INFO [depth=4] Crawling: http://elections.maryland.gov/pdf/minutes/2009_05.pdf
2026-02-25 12:18:56,774 INFO [depth=4] Crawling: http://elections.maryland.gov/pdf/minutes/2009_04.pdf
2026-02-25 12:18:58,327 INFO [depth=4] Crawling: http://elections.maryland.gov/pdf/minutes/2009_03.pdf
2026-02-25 12:19:00,349 INFO [depth=4] Crawling: http://elections.maryland.gov/pdf/minutes/2008_12.pdf
2026-02-25 12:19:01,921 INFO [depth=4] Crawling: http://elections.maryland.gov/pdf/minutes/2008_10.pdf
2026-02-25 12:19:03,294 INFO [depth=4] Crawling: http://elections.maryland.gov/pdf/minutes/2008_09.pdf
2026-02-25 12:19:04,579 INFO [depth=4] Crawling: http://elections.maryland.gov/pdf/minutes/2008_08.pdf
2026-02-25 12:19:05,780 INFO [depth=4] Crawling: http://elections.maryland.gov/pdf/minutes/2008_07.pdf
2026-02-25 12:19:07,071 INFO [depth=4] Crawling: http://elections.maryland.gov/pdf/minutes/2008_05.pdf
2026-02-25 12:19:08,459 INFO [depth=4] Crawling: http://elections.maryland.gov/pdf/minutes/2008_04.pdf
2026-02-25 12:19:09,748 INFO [depth=4] Crawling: http://elections.maryland.gov/pdf/minutes/2008_02.pdf
2026-02-25 12:19:11,033 INFO [depth=4] Crawling: http://elections.maryland.gov/pdf/minutes/2008_01.pdf
2026-02-25 12:19:12,205 INFO [depth=4] Crawling: http://elections.maryland.gov/pdf/minutes/2007_12.pdf
2026-02-25 12:19:13,685 INFO [depth=4] Crawling: http://elections.maryland.gov/pdf/minutes/2007_11.pdf
2026-02-25 12:19:14,970 INFO [depth=4] Crawling: http://elections.maryland.gov/pdf/minutes/2007_10.pdf
2026-02-25 12:19:16,266 INFO [depth=4] Crawling: http://elections.maryland.gov/pdf/minutes/2007_08.pdf
2026-02-25 12:19:17,388 INFO [depth=4] Crawling: http://elections.maryland.gov/pdf/minutes/2007_07.pdf
2026-02-25 12:19:18,599 INFO [depth=4] Crawling: http://elections.maryland.gov/pdf/minutes/2007_05.pdf
2026-02-25 12:19:19,744 INFO [depth=4] Crawling: http://elections.maryland.gov/pdf/minutes/2007_04.pdf
2026-02-25 12:19:20,944 INFO [depth=4] Crawling: http://elections.maryland.gov/pdf/minutes/2007_03.pdf
2026-02-25 12:19:22,457 INFO [depth=4] Crawling: http://elections.maryland.gov/pdf/minutes/2007_02.pdf
2026-02-25 12:19:23,648 INFO [depth=4] Crawling: http://elections.maryland.gov/pdf/minutes/2007_01.pdf
2026-02-25 12:19:24,731 INFO [depth=4] Crawling: http://elections.maryland.gov/pdf/minutes/2006_11.pdf
2026-02-25 12:19:25,999 INFO [depth=4] Crawling: http://elections.maryland.gov/pdf/minutes/2006_10.pdf
2026-02-25 12:19:27,264 INFO [depth=4] Crawling: http://elections.maryland.gov/pdf/minutes/2006_09.pdf
2026-02-25 12:19:28,423 INFO [depth=4] Crawling: http://elections.maryland.gov/pdf/minutes/2006_08.pdf
2026-02-25 12:19:29,626 INFO [depth=4] Crawling: http://elections.maryland.gov/pdf/Minutes_07-24-2006.pdf
2026-02-25 12:19:30,761 INFO [depth=4] Crawling: http://elections.maryland.gov/pdf/Minutes_07-06-2006.pdf
2026-02-25 12:19:31,928 INFO [depth=4] Crawling: http://elections.maryland.gov/pdf/Minutes_06-2006.pdf
2026-02-25 12:19:33,090 INFO [depth=4] Crawling: http://elections.maryland.gov/pdf/pollbook_briefing_5-31.pdf
2026-02-25 12:19:34,267 INFO [depth=4] Crawling: http://elections.maryland.gov/pdf/Minutes_05-2006.pdf
2026-02-25 12:19:35,455 INFO [depth=4] Crawling: http://elections.maryland.gov/pdf/Minutes_3-06.pdf
2026-02-25 12:19:36,616 INFO [depth=4] Crawling: http://elections.maryland.gov/pdf/Minutes_2-06.pdf
2026-02-25 12:19:38,174 INFO [depth=4] Crawling: http://elections.maryland.gov/pdf/Minutes_01-19-2006.pdf
2026-02-25 12:19:39,480 INFO [depth=4] Crawling: http://elections.maryland.gov/pdf/Minutes_12-05.pdf
2026-02-25 12:19:40,750 INFO [depth=4] Crawling: http://elections.maryland.gov/pdf/Nov_2005.pdf
2026-02-25 12:19:42,151 INFO [depth=4] Crawling: http://elections.maryland.gov/pdf/minutes/10-05_Minutes.pdf
2026-02-25 12:19:43,305 INFO [depth=4] Crawling: http://elections.maryland.gov/pdf/Minutes0805.pdf
2026-02-25 12:19:44,622 INFO [depth=4] Crawling: http://elections.maryland.gov/pdf/Minutes_07-05.pdf
2026-02-25 12:19:46,831 INFO [depth=4] Crawling: http://elections.maryland.gov/pdf/minutes_June-13-2005-final.pdf
2026-02-25 12:19:48,146 INFO [depth=4] Crawling: http://elections.maryland.gov/pdf/minutes/2005_04.pdf
2026-02-25 12:19:49,255 INFO [depth=4] Crawling: http://elections.maryland.gov/pdf/minutes/2005_03_revised.pdf
2026-02-25 12:19:50,621 INFO [depth=4] Crawling: http://elections.maryland.gov/pdf/minutes/2005_02.pdf
2026-02-25 12:19:51,909 INFO [depth=4] Crawling: http://elections.maryland.gov/pdf/minutes/2005_01.pdf
2026-02-25 12:19:53,028 INFO [depth=4] Crawling: http://elections.maryland.gov/pdf/minutes/2004_11_Revised.pdf
2026-02-25 12:19:54,754 INFO [depth=4] Crawling: http://elections.maryland.gov/pdf/minutes/2004_10.pdf
2026-02-25 12:19:56,454 INFO [depth=4] Crawling: http://elections.maryland.gov/pdf/minutes/2004_09.pdf
2026-02-25 12:19:58,059 INFO [depth=4] Crawling: http://elections.maryland.gov/pdf/Minutes_08102004.pdf
2026-02-25 12:19:59,739 INFO [depth=4] Crawling: http://elections.maryland.gov/pdf/minutes/2004_07.pdf
2026-02-25 12:20:02,002 INFO [depth=4] Crawling: http://elections.maryland.gov/pdf/minutes/2004_05.pdf
2026-02-25 12:20:03,458 INFO [depth=4] Crawling: http://elections.maryland.gov/pdf/minutes/2004_04.pdf
2026-02-25 12:20:04,738 INFO [depth=4] Crawling: http://elections.maryland.gov/pdf/minutes/2004_03.pdf
2026-02-25 12:20:05,989 INFO [depth=4] Crawling: http://elections.maryland.gov/pdf/minutes/2004_02.pdf
2026-02-25 12:20:07,250 INFO [depth=4] Crawling: http://elections.maryland.gov/pdf/minutes/2004_01.pdf
2026-02-25 12:20:08,605 INFO [depth=4] Crawling: http://elections.maryland.gov/pdf/minutes/2003_12.pdf
2026-02-25 12:20:09,691 INFO [depth=4] Crawling: http://elections.maryland.gov/pdf/minutes/2003_11.pdf
2026-02-25 12:20:10,978 INFO [depth=4] Crawling: http://elections.maryland.gov/pdf/minutes/2003_10.pdf
2026-02-25 12:20:12,693 INFO [depth=4] Crawling: http://elections.maryland.gov/pdf/minutes/2003_09.pdf
2026-02-25 12:20:13,922 INFO [depth=4] Crawling: http://elections.maryland.gov/pdf/minutes/2003_08.pdf
2026-02-25 12:20:15,160 INFO [depth=4] Crawling: http://elections.maryland.gov/pdf/minutes/2003_07.pdf
2026-02-25 12:20:16,432 INFO [depth=4] Crawling: https://elections.maryland.gov/pdf/Proclamation_Special_Election.pdf
2026-02-25 12:20:17,515 INFO [depth=4] Crawling: https://elections.maryland.gov/elections/documents/Special_Election_1981_congress.pdf
2026-02-25 12:20:18,552 INFO [depth=4] Crawling: https://elections.maryland.gov/elections/documents/Special_Election_1981_congress_general.pdf
2026-02-25 12:20:19,832 INFO [depth=4] Crawling: https://elections.maryland.gov/elections/municipal_results/2025/2025-Aberdeen_Election_Results.pdf
2026-02-25 12:20:21,042 INFO [depth=4] Crawling: https://elections.maryland.gov/elections/municipal_results/2025/2025-Bel_Air_Election_Results.pdf
2026-02-25 12:20:22,372 INFO [depth=4] Crawling: https://elections.maryland.gov/elections/municipal_results/2025/2025-Brookeville_Election_Results.pdf
2026-02-25 12:20:23,464 INFO [depth=4] Crawling: https://elections.maryland.gov/elections/municipal_results/2025/2025-Burkittsville_Election_Results.pdf
2026-02-25 12:20:24,547 INFO [depth=4] Crawling: https://elections.maryland.gov/elections/municipal_results/2025/2025_Chestertown_Election_Results.pdf
2026-02-25 12:20:26,030 INFO [depth=4] Crawling: https://elections.maryland.gov/elections/municipal_results/2025/2025-Cheverly_Election_Results.pdf
2026-02-25 12:20:27,134 INFO [depth=4] Crawling: https://elections.maryland.gov/elections/municipal_results/2025/2025-Clear_Spring_Election_Results.pdf
2026-02-25 12:20:28,211 INFO [depth=4] Crawling: https://elections.maryland.gov/elections/municipal_results/2025/2025-College_Park_Election_Results.pdf
2026-02-25 12:20:29,338 INFO [depth=4] Crawling: https://elections.maryland.gov/elections/municipal_results/2025/2025-Ridgely_election.pdf
2026-02-25 12:20:30,502 INFO [depth=4] Crawling: https://elections.maryland.gov/elections/municipal_results/2025/2025-Cottage_City_Election_Results-En.pdf
2026-02-25 12:20:31,628 INFO [depth=4] Crawling: https://elections.maryland.gov/elections/municipal_results/2025/2025-Village_of_Drummond_Election_Results.pdf
2026-02-25 12:20:32,783 INFO [depth=4] Crawling: https://elections.maryland.gov/elections/municipal_results/2025/2025-City_of_Frederick_Certified_Primary_Results.pdf
2026-02-25 12:20:33,860 INFO [depth=4] Crawling: https://elections.maryland.gov/elections/municipal_results/2025/2025-Frederick_General_Election_Results.pdf
2026-02-25 12:20:34,909 INFO [depth=4] Crawling: https://elections.maryland.gov/elections/municipal_results/2025/2025_Friendship_Heights_Election_Results.pdf
2026-02-25 12:20:37,055 INFO [depth=4] Crawling: https://elections.maryland.gov/elections/municipal_results/2025/2025-Friendship_Heights_Election_Results.pdf
2026-02-25 12:20:38,053 INFO [depth=4] Crawling: https://elections.maryland.gov/elections/municipal_results/2025/2025-Gaithersburg_Election_Results.pdf
2026-02-25 12:20:39,125 INFO [depth=4] Crawling: https://elections.maryland.gov/elections/municipal_results/2025/2025_Galena_Election_Results.pdf
2026-02-25 12:20:41,115 INFO [depth=4] Crawling: https://elections.maryland.gov/elections/municipal_results/2025/2025-Garrett_Park_Election_Results.pdf
2026-02-25 12:20:42,400 INFO [depth=4] Crawling: https://elections.maryland.gov/elections/municipal_results/2025/2025-Glen_Echo_Certification_of_Election_Results.pdf
2026-02-25 12:20:43,954 INFO [depth=4] Crawling: https://elections.maryland.gov/elections/municipal_results/2025/2025-Greensboro_Election_Results.pdf
2026-02-25 12:20:44,987 INFO [depth=4] Crawling: https://elections.maryland.gov/elections/municipal_results/2025/2025-Hancock_SKM_C3350i25042507290.pdf
2026-02-25 12:20:46,260 INFO [depth=4] Crawling: https://elections.maryland.gov/elections/municipal_results/2025/2025-Havre_de_Grace_Election_Results.pdf
2026-02-25 12:20:47,507 INFO [depth=4] Crawling: https://elections.maryland.gov/elections/municipal_results/2025/2025-Town_of_Hebron_Election_Results.pdf
2026-02-25 12:20:48,685 INFO [depth=4] Crawling: https://elections.maryland.gov/elections/municipal_results/2025/2025-Hyattsville_Election_Results.pdf
2026-02-25 12:20:50,078 INFO [depth=4] Crawling: https://elections.maryland.gov/elections/municipal_results/2025/2025-Hurlock_Election_Results.pdf
2026-02-25 12:20:51,121 INFO [depth=4] Crawling: https://elections.maryland.gov/elections/municipal_results/2025/2025-Kensington_Election_Results.pdf
2026-02-25 12:20:52,122 INFO [depth=4] Crawling: https://elections.maryland.gov/elections/municipal_results/2025/2025-Landover_Hills_Election_Results.pdf
2026-02-25 12:20:54,122 INFO [depth=4] Crawling: https://elections.maryland.gov/elections/municipal_results/2025/2025-Town_of_La_Plata_General_Results-Certified.pdf
2026-02-25 12:20:55,307 INFO [depth=4] Crawling: https://elections.maryland.gov/elections/municipal_results/2025/2025_LaPlata_Municipal_Primary_Election_Results.pdf
2026-02-25 12:20:56,341 INFO [depth=4] Crawling: https://elections.maryland.gov/elections/municipal_results/2025/2025-Laurel_Election_Results.pdf
2026-02-25 12:20:57,445 INFO [depth=4] Crawling: https://elections.maryland.gov/elections/municipal_results/2025/2025-Laytonsville_Election_Results.pdf
2026-02-25 12:20:58,489 INFO [depth=4] Crawling: https://elections.maryland.gov/elections/municipal_results/2025/2025-Mardela_Election_Results.pdf
2026-02-25 12:20:59,549 INFO [depth=4] Crawling: https://elections.maryland.gov/elections/municipal_results/2025/2025-Marydel_Election_Outcome.pdf
2026-02-25 12:21:00,666 INFO [depth=4] Crawling: https://elections.maryland.gov/elections/municipal_results/2025/2025_Millington_Election_Results.pdf
2026-02-25 12:21:01,836 INFO [depth=4] Crawling: https://elections.maryland.gov/elections/municipal_results/2025/2025-MtAiry_CertifiedResults.pdf
2026-02-25 12:21:03,235 INFO [depth=4] Crawling: https://elections.maryland.gov/elections/municipal_results/2025/2025-Mt_Rainier_Election_Results.pdf
2026-02-25 12:21:04,352 INFO [depth=4] Crawling: https://elections.maryland.gov/elections/municipal_results/2025/2025-Ocean_City_Election_Results.pdf
2026-02-25 12:21:05,439 INFO [depth=4] Crawling: https://elections.maryland.gov/elections/municipal_results/2025/2025_Perryville_Election_Results.pdf
2026-02-25 12:21:06,475 INFO [depth=4] Crawling: https://elections.maryland.gov/elections/municipal_results/2025/2025-Preston_election_results.pdf
2026-02-25 12:21:07,648 INFO [depth=4] Crawling: https://elections.maryland.gov/elections/municipal_results/2025/2025-Riverdale_Park_Election_Results.pdf
2026-02-25 12:21:08,777 INFO [depth=4] Crawling: https://elections.maryland.gov/elections/municipal_results/2025/2025_Rock_Hall_Election_Results.pdf
2026-02-25 12:21:09,820 INFO [depth=4] Crawling: https://elections.maryland.gov/elections/municipal_results/2025/2025-Snow_Hill_Election_Results-P1.pdf
2026-02-25 12:21:10,906 INFO [depth=4] Crawling: https://elections.maryland.gov/elections/municipal_results/2025/2025-Snow_Hill_Election_Results-P2.pdf
2026-02-25 12:21:12,162 INFO [depth=4] Crawling: https://elections.maryland.gov/elections/municipal_results/2025/2025-Taneytown_Election_Results.pdf
2026-02-25 12:21:13,863 INFO [depth=4] Crawling: https://elections.maryland.gov/elections/municipal_results/2025/2025-Town_of_Bladensburg_Election_Results.pdf
2026-02-25 12:21:15,504 INFO [depth=4] Crawling: https://elections.maryland.gov/elections/municipal_results/2025/2025_ChevyChase_Certificate_of_Election.pdf
2026-02-25 12:21:16,660 INFO [depth=4] Crawling: https://elections.maryland.gov/elections/municipal_results/2025/2025-Town_of_Denton-State_Uncontested_Notification.pdf
2026-02-25 12:21:17,855 INFO [depth=4] Crawling: https://elections.maryland.gov/elections/municipal_results/2025/2025-Town_of_Pittsville_Election_Results.pdf
2026-02-25 12:21:19,160 INFO [depth=4] Crawling: https://elections.maryland.gov/elections/municipal_results/2025/2025-Town_of_Rising_Sun_Election_General_Return_Sheet.pdf
2026-02-25 12:21:20,339 INFO [depth=4] Crawling: https://elections.maryland.gov/elections/municipal_results/2025/2025-University_Park_Election_Results.pdf
2026-02-25 12:21:22,605 INFO [depth=4] Crawling: https://elections.maryland.gov/elections/municipal_results/2025/2025-Upper_Marlboro_Election_Results.pdf
2026-02-25 12:21:24,006 INFO [depth=4] Crawling: https://elections.maryland.gov/elections/municipal_results/2025/2025-Village_of_Chevy_Chase-Board_of_Managers_Election_Certification.pdf
2026-02-25 12:21:25,255 INFO [depth=4] Crawling: https://elections.maryland.gov/elections/municipal_results/2025/2025-ChevyChase_Section5_Certificate_of_Election_Results-signed.pdf
2026-02-25 12:21:26,434 INFO [depth=4] Crawling: https://elections.maryland.gov/elections/municipal_results/2025/2025-Village_of_North_Chevy_Chase_Election_Results.pdf
2026-02-25 12:21:27,685 INFO [depth=4] Crawling: https://elections.maryland.gov/elections/municipal_results/2025/2025-Martins_Additions_Election_Results.pdf
2026-02-25 12:21:29,054 INFO [depth=4] Crawling: https://elections.maryland.gov/elections/municipal_results/2025/2025-Washington_Grove_Election_Results.pdf
2026-02-25 12:21:30,178 INFO [depth=4] Crawling: https://elections.maryland.gov/elections/municipal_results/2025/2025-Westminster_Election_Results.pdf
2026-02-25 12:21:31,380 INFO [depth=4] Crawling: https://elections.maryland.gov/elections/municipal_results/2025/2025_Williamsport_Election_Results.pdf
2026-02-25 12:21:32,539 INFO [depth=4] Crawling: https://elections.maryland.gov/elections/municipal_results/2025/2025_Willards_Election_Results.pdf
2026-02-25 12:21:33,771 INFO [depth=4] Crawling: https://elections.maryland.gov/elections/municipal_results/2025/2025-Willards_Runoff_Election_Results.pdf
2026-02-25 12:21:34,956 INFO [depth=4] Crawling: https://elections.maryland.gov/elections/municipal_results/2024-Cumberland_SKM_C36824121215360.pdf
2026-02-25 12:21:36,421 INFO [depth=4] Crawling: https://elections.maryland.gov/elections/municipal_results/11-19 Town of Sharpsburg Election.pdf
2026-02-25 12:21:37,963 INFO [depth=4] Crawling: https://elections.maryland.gov/elections/municipal_results/Chesapeake Beach Certified Results_Nov2024.pdf
2026-02-25 12:21:39,116 INFO [depth=4] Crawling: https://elections.maryland.gov/elections/municipal_results/Town of Clear Spring 2024.pdf
2026-02-25 12:21:40,487 INFO [depth=4] Crawling: https://elections.maryland.gov/elections/municipal_results/11-5 2024 Denton Certified Election Results.pdf
2026-02-25 12:21:41,500 INFO [depth=4] Crawling: https://elections.maryland.gov/elections/municipal_results/Ocean_City_2024.pdf
2026-02-25 12:21:42,683 INFO [depth=4] Crawling: https://elections.maryland.gov/elections/municipal_results/Chesapeake_Beach_2024.pdf
2026-02-25 12:21:43,896 INFO [depth=4] Crawling: https://elections.maryland.gov/elections/municipal_results/certified election letter Oct 2024.pdf
2026-02-25 12:21:44,955 INFO [depth=4] Crawling: https://elections.maryland.gov/elections/municipal_results/2024_Betterton_Election_Results.pdf
2026-02-25 12:21:46,094 INFO [depth=4] Crawling: https://elections.maryland.gov/elections/municipal_results/TownofBerlin_2024.pdf
2026-02-25 12:21:47,202 INFO [depth=4] Crawling: https://elections.maryland.gov/elections/municipal_results/7 - 29- Preston 2024 Special Election Results.pdf
2026-02-25 12:21:48,237 INFO [depth=4] Crawling: https://elections.maryland.gov/elections/municipal_results/OFFICIAL Election Results Jun 14 2024.pdf
2026-02-25 12:21:48,576 INFO HTTP 404 — marking failed: https://elections.maryland.gov/elections/municipal_results/OFFICIAL Election Results Jun 14 2024.pdf
2026-02-25 12:21:48,578 INFO [depth=4] Crawling: https://elections.maryland.gov/elections/municipal_results/DOC061424-06142024121849.pdf
2026-02-25 12:21:49,714 INFO [depth=4] Crawling: https://elections.maryland.gov/elections/municipal_results/Town of Church Hill Jun 3 2024.pdf
2026-02-25 12:21:50,023 INFO HTTP 404 — marking failed: https://elections.maryland.gov/elections/municipal_results/Town of Church Hill Jun 3 2024.pdf
2026-02-25 12:21:50,024 INFO [depth=4] Crawling: https://elections.maryland.gov/elections/municipal_results/Barton_2024.pdf
2026-02-25 12:21:51,089 INFO [depth=4] Crawling: https://elections.maryland.gov/elections/municipal_results/OFFICIAL NOTICE 2024 VMA Election Results.pdf
2026-02-25 12:21:52,587 INFO [depth=4] Crawling: https://elections.maryland.gov/elections/municipal_results/Westernport_2024.pdf
2026-02-25 12:21:53,598 INFO [depth=4] Crawling: https://elections.maryland.gov/elections/municipal_results/2024 VOD election returns .pdf
2026-02-25 12:21:54,767 INFO [depth=4] Crawling: https://elections.maryland.gov/elections/municipal_results/townofsmithsburg051424.pdf
2026-02-25 12:21:55,924 INFO [depth=4] Crawling: https://elections.maryland.gov/elections/municipal_results/Election Results 2024_townofperryville.pdf
2026-02-25 12:21:57,028 INFO [depth=4] Crawling: https://elections.maryland.gov/elections/municipal_results/Certification Letter to WashCo Clerk of Court 2024 (Signed).pdf
2026-02-25 12:21:58,069 INFO [depth=4] Crawling: https://elections.maryland.gov/elections/municipal_results/2024_0507_Chevy Chase_Official_Certification_of_Results Final.pdf
2026-02-25 12:21:59,135 INFO [depth=4] Crawling: https://elections.maryland.gov/elections/municipal_results/Scan May 30 at 8.11 AM.pdf
2026-02-25 12:21:59,379 INFO HTTP 404 — marking failed: https://elections.maryland.gov/elections/municipal_results/Scan May 30 at 8.11 AM.pdf
2026-02-25 12:21:59,380 INFO [depth=4] Crawling: https://elections.maryland.gov/elections/municipal_results/Leonardtown_May 2024 signed.pdf
2026-02-25 12:22:00,451 INFO [depth=4] Crawling: https://elections.maryland.gov/elections/municipal_results/2024Election Results_townofLaytonsville.pdf
2026-02-25 12:22:01,557 INFO [depth=4] Crawling: https://elections.maryland.gov/elections/municipal_results/2024 Election Results Statement_Keedysville.pdf
2026-02-25 12:22:02,651 INFO [depth=4] Crawling: https://elections.maryland.gov/elections/municipal_results/2024 ELECTION RESULTS_Town of Ridgely.pdf
2026-02-25 12:22:03,804 INFO [depth=4] Crawling: https://elections.maryland.gov/elections/municipal_results/2024 Election Results_town of hebron.pdf
2026-02-25 12:22:04,977 INFO [depth=4] Crawling: https://elections.maryland.gov/elections/municipal_results/2023 CITY OF ABERDEEN OFFICIAL ELECTION RESULTS.pdf
2026-02-25 12:22:05,954 INFO [depth=4] Crawling: https://elections.maryland.gov/elections/municipal_results/10-2-23 Town of Bladensburg election results.pdf
2026-02-25 12:22:07,376 INFO [depth=4] Crawling: https://elections.maryland.gov/elections/municipal_results/Clear_Springs_2023.pdf
2026-02-25 12:22:08,404 INFO [depth=4] Crawling: https://elections.maryland.gov/elections/municipal_results/Delmar.pdf
2026-02-25 12:22:09,750 INFO [depth=4] Crawling: https://elections.maryland.gov/elections/municipal_results/Denton Municipal Election 2023 Results.pdf
2026-02-25 12:22:10,804 INFO [depth=4] Crawling: https://elections.maryland.gov/elections/municipal_results/2023-Gaithersburg_Election_Results.pdf
2026-02-25 12:22:11,937 INFO [depth=4] Crawling: https://elections.maryland.gov/elections/municipal_results/Town of Greensboro Election Results - Nov 7, 2023.pdf
2026-02-25 12:22:12,317 INFO HTTP 404 — marking failed: https://elections.maryland.gov/elections/municipal_results/Town of Greensboro Election Results - Nov 7, 2023.pdf
2026-02-25 12:22:12,318 INFO [depth=4] Crawling: https://elections.maryland.gov/elections/municipal_results/Scanned from Town of Hurlock.pdf
2026-02-25 12:22:13,352 INFO [depth=4] Crawling: https://elections.maryland.gov/elections/municipal_results/2023_general_election_official_results_transmission_to_state_board_of_elections.pdf
2026-02-25 12:22:14,435 INFO [depth=4] Crawling: https://elections.maryland.gov/elections/municipal_results/marydel_Election Results.pdf
2026-02-25 12:22:15,511 INFO [depth=4] Crawling: https://elections.maryland.gov/elections/municipal_results/2023 Town of Pittsville - Election Results.pdf
2026-02-25 12:22:16,589 INFO [depth=4] Crawling: https://elections.maryland.gov/elections/municipal_results/Rockville 2023 Election.pdf
2026-02-25 12:22:18,004 INFO [depth=4] Crawling: https://elections.maryland.gov/elections/municipal_results/Salisbury_2023.pdf
2026-02-25 12:22:19,385 INFO [depth=4] Crawling: https://elections.maryland.gov/elections/municipal_results/2023 Thurmont Election Results.pdf
2026-02-25 12:22:20,708 INFO [depth=4] Crawling: https://elections.maryland.gov/elections/municipal_results/Official Results Bel Air 2023 Signed.pdf
2026-02-25 12:22:21,878 INFO [depth=4] Crawling: https://elections.maryland.gov/elections/municipal_results/Town_of_Chestertown_2023.pdf
2026-02-25 12:22:23,269 INFO [depth=4] Crawling: https://elections.maryland.gov/elections/municipal_results/townofqueenstown_nov62023.pdf
2026-02-25 12:22:24,399 INFO [depth=5] Crawling: http://www.elections.maryland.gov/about/documents/PG24 - Agenda - Meeting of the State Board of Canvassers - December 5 2024.pdf
2026-02-25 12:22:25,608 INFO [depth=5] Crawling: http://www.elections.maryland.gov/laws_and_regs/documents/Notice%20of%20Proposed%20Action_Issue%2013%20(06-30-2023).pdf
2026-02-25 12:22:26,828 INFO [depth=5] Crawling: http://www.elections.maryland.gov/about/documents/2023/November/30/01_Agenda.pdf
2026-02-25 12:22:28,319 INFO [depth=5] Crawling: http://www.elections.maryland.gov/about/documents/2023/November/30/02_Minutes.pdf
2026-02-25 12:22:29,674 INFO [depth=5] Crawling: http://www.elections.maryland.gov/about/documents/2023/November/30/Misc_A.pdf
2026-02-25 12:22:31,120 INFO [depth=5] Crawling: http://www.elections.maryland.gov/about/documents/2023/November/30/Misc_B.pdf
2026-02-25 12:22:32,654 INFO [depth=5] Crawling: http://www.elections.maryland.gov/about/documents/2023/November/30/Misc_C.pdf
2026-02-25 12:22:33,905 INFO [depth=5] Crawling: http://www.elections.maryland.gov/about/documents/2023/November/01_Agenda.pdf
2026-02-25 12:22:35,151 INFO [depth=5] Crawling: http://www.elections.maryland.gov/about/documents/2023/November/Misc.pdf
2026-02-25 12:22:36,413 INFO [depth=5] Crawling: http://www.elections.maryland.gov/press_room/documents/Missing Audio Transmission.pdf
2026-02-25 12:22:38,089 INFO [depth=5] Crawling: http://www.elections.maryland.gov/about/documents/2023/October/01_Agenda.1.pdf
2026-02-25 12:22:39,499 INFO [depth=5] Crawling: http://www.elections.maryland.gov/about/documents/2023/October/09_09282023_open_2023_Corrected Final.pdf
2026-02-25 12:22:40,972 INFO [depth=5] Crawling: http://www.elections.maryland.gov/about/documents/2023/October/03_Administrators Report & AAG Report.pdf
2026-02-25 12:22:42,332 INFO [depth=5] Crawling: http://www.elections.maryland.gov/about/documents/2023/October/04_Regulations.pdf
2026-02-25 12:22:44,027 INFO [depth=5] Crawling: http://www.elections.maryland.gov/about/documents/2023/October/05_Waivers.pdf
2026-02-25 12:22:45,598 INFO [depth=5] Crawling: http://www.elections.maryland.gov/about/documents/2023/October/Misc.pdf
2026-02-25 12:22:46,879 INFO [depth=5] Crawling: http://www.elections.maryland.gov/about/documents/2023/September/01_September 28, 2023 - Agenda.pdf
2026-02-25 12:22:48,220 INFO [depth=5] Crawling: http://www.elections.maryland.gov/about/documents/2023/September/02_Minutes.pdf
2026-02-25 12:22:49,986 INFO [depth=5] Crawling: http://www.elections.maryland.gov/about/documents/2023/September/03_Administrators.pdf
2026-02-25 12:22:51,889 INFO [depth=5] Crawling: http://www.elections.maryland.gov/about/documents/2023/September/04_Regulations.pdf
2026-02-25 12:22:53,194 INFO [depth=5] Crawling: http://www.elections.maryland.gov/about/documents/2023/September/05_Waivers.pdf
2026-02-25 12:22:54,507 INFO [depth=5] Crawling: http://www.elections.maryland.gov/about/documents/2023/August/01_Agenda.pdf
2026-02-25 12:22:55,682 INFO [depth=5] Crawling: http://www.elections.maryland.gov/about/documents/2023/August/02.pdf
2026-02-25 12:22:56,925 INFO [depth=5] Crawling: http://www.elections.maryland.gov/about/documents/2023/August/03.pdf
2026-02-25 12:22:58,197 INFO [depth=5] Crawling: http://www.elections.maryland.gov/about/documents/2023/August/04.pdf
2026-02-25 12:22:59,530 INFO [depth=5] Crawling: http://www.elections.maryland.gov/about/documents/2023/August/05.pdf
2026-02-25 12:23:00,789 INFO [depth=5] Crawling: http://www.elections.maryland.gov/about/documents/2023/August/Misc.pdf
2026-02-25 12:23:01,937 INFO [depth=5] Crawling: http://www.elections.maryland.gov/about/documents/2023/July/01_Agenda.pdf
2026-02-25 12:23:03,300 INFO [depth=5] Crawling: http://www.elections.maryland.gov/about/documents/2023/July/05_Waivers.pdf
2026-02-25 12:23:04,788 INFO [depth=5] Crawling: http://www.elections.maryland.gov/about/documents/2023/June/20/01_Agenda.pdf
2026-02-25 12:23:06,407 INFO [depth=5] Crawling: http://www.elections.maryland.gov/about/documents/2023/June/20/02_Minutes.pdf
2026-02-25 12:23:08,134 INFO [depth=5] Crawling: http://www.elections.maryland.gov/about/documents/2023/June/20/03_AdministratorReport.pdf
2026-02-25 12:23:09,319 INFO [depth=5] Crawling: http://www.elections.maryland.gov/about/documents/2023/June/20/04_Regulations.pdf
2026-02-25 12:23:10,446 INFO [depth=5] Crawling: http://www.elections.maryland.gov/about/documents/2023/June/20/05_Waivers.pdf
2026-02-25 12:23:12,163 INFO [depth=5] Crawling: http://www.elections.maryland.gov/about/documents/2023/June/20/Misc.pdf
2026-02-25 12:23:13,583 INFO [depth=5] Crawling: http://www.elections.maryland.gov/about/documents/2023/June/Agenda-Special Meeting8.pdf
2026-02-25 12:23:15,027 INFO [depth=5] Crawling: http://www.elections.maryland.gov/about/documents/2023/June/Agenda-Special Meeting.pdf
2026-02-25 12:23:16,353 INFO [depth=5] Crawling: http://www.elections.maryland.gov/about/documents/2023/May/01_Agenda.pdf
2026-02-25 12:23:17,778 INFO [depth=5] Crawling: http://www.elections.maryland.gov/about/documents/2023/May/02_Minutes.pdf
2026-02-25 12:23:19,049 INFO [depth=5] Crawling: http://www.elections.maryland.gov/about/documents/2023/May/03_AdministratorReport.pdf
2026-02-25 12:23:20,919 INFO [depth=5] Crawling: http://www.elections.maryland.gov/about/documents/2023/May/04_Regulations.pdf
2026-02-25 12:23:22,610 INFO [depth=5] Crawling: http://www.elections.maryland.gov/about/documents/2023/May/05_Waivers.pdf
2026-02-25 12:23:24,067 INFO [depth=5] Crawling: http://www.elections.maryland.gov/about/documents/2023/May/Misc_a.pdf
2026-02-25 12:23:25,643 INFO [depth=5] Crawling: http://www.elections.maryland.gov/about/documents/2023/May/Misc_b.pdf
2026-02-25 12:23:27,598 INFO [depth=5] Crawling: http://www.elections.maryland.gov/about/documents/2023/May/Misc_c.pdf
2026-02-25 12:23:28,860 INFO [depth=5] Crawling: http://www.elections.maryland.gov/about/documents/2023/May/Misc_d.pdf
2026-02-25 12:23:30,015 INFO [depth=5] Crawling: http://www.elections.maryland.gov/about/documents/2023/May/AdministratorPosition.pdf
2026-02-25 12:23:31,438 INFO [depth=5] Crawling: http://www.elections.maryland.gov/about/documents/2023/April/01_Agenda.pdf
2026-02-25 12:23:32,611 INFO [depth=5] Crawling: http://www.elections.maryland.gov/about/documents/2023/March/01_Agenda.1.pdf
2026-02-25 12:23:33,911 INFO [depth=5] Crawling: http://www.elections.maryland.gov/about/documents/2023/March/02_Minutes _02232023_open_2023_final.pdf
2026-02-25 12:23:35,217 INFO [depth=5] Crawling: http://www.elections.maryland.gov/about/documents/2023/March/03_AdministratorReport.pdf
2026-02-25 12:23:36,378 INFO [depth=5] Crawling: http://www.elections.maryland.gov/about/documents/2023/March/04_Regulations.pdf
2026-02-25 12:23:36,746 INFO HTTP 404 — marking failed: http://www.elections.maryland.gov/about/documents/2023/March/04_Regulations.pdf
2026-02-25 12:23:36,748 INFO [depth=5] Crawling: http://www.elections.maryland.gov/about/documents/2023/March/05_waviers.pdf
2026-02-25 12:23:38,111 INFO [depth=5] Crawling: http://www.elections.maryland.gov/about/documents/2023/March/Misc.pdf
2026-02-25 12:23:39,550 INFO [depth=5] Crawling: http://www.elections.maryland.gov/about/documents/2023/February/01_Agenda-2-23-2023.pdf
2026-02-25 12:23:40,855 INFO [depth=5] Crawling: http://www.elections.maryland.gov/about/documents/2023/February/02_01192023_open_2023_final.pdf
2026-02-25 12:23:42,087 INFO [depth=5] Crawling: http://www.elections.maryland.gov/about/documents/2023/February/03_Administrator's Report.pdf
2026-02-25 12:23:43,278 INFO [depth=5] Crawling: http://www.elections.maryland.gov/about/documents/2023/February/04_Regulations.pdf
2026-02-25 12:23:44,492 INFO [depth=5] Crawling: http://www.elections.maryland.gov/about/documents/2023/February/05_Waviers.pdf
2026-02-25 12:23:45,805 INFO [depth=5] Crawling: http://www.elections.maryland.gov/about/documents/2023/February/08a_House Ways & Means - SBE Briefing and Follow Up.pdf
2026-02-25 12:23:47,217 INFO [depth=5] Crawling: http://www.elections.maryland.gov/about/documents/Agenda_1_19_2023.pdf
2026-02-25 12:23:48,494 INFO [depth=5] Crawling: http://www.elections.maryland.gov/about/documents/2023/January/01_01192023_open_2023_final.pdf
2026-02-25 12:23:49,961 INFO [depth=5] Crawling: http://www.elections.maryland.gov/about/documents/2023/January/Administrator & AAG Reports.pdf
2026-02-25 12:23:51,366 INFO [depth=5] Crawling: http://www.elections.maryland.gov/about/documents/2023/January/Regulations.pdf
2026-02-25 12:23:52,830 INFO [depth=5] Crawling: http://www.elections.maryland.gov/about/documents/2023/January/Waivers.pdf
2026-02-25 12:23:54,053 INFO [depth=5] Crawling: http://www.elections.maryland.gov/about/documents/Agenda_Bd_of _State_Canvassers_2022_General.1.pdf
2026-02-25 12:23:55,209 INFO [depth=5] Crawling: http://www.elections.maryland.gov/about/documents/Board of Canvassers_2022.pdf
2026-02-25 12:23:57,452 INFO [depth=5] Crawling: http://www.elections.maryland.gov/about/documents/2022/October/26/01_Agenda.2.pdf
2026-02-25 12:23:58,787 INFO [depth=5] Crawling: http://www.elections.maryland.gov/about/documents/2022/October/26/02_Minutes.pdf
2026-02-25 12:24:00,000 INFO [depth=5] Crawling: http://www.elections.maryland.gov/about/documents/2022/October/26/03_Administrator&AAGReports.pdf
2026-02-25 12:24:01,159 INFO [depth=5] Crawling: http://www.elections.maryland.gov/about/documents/2022/October/26/04_Regulations.pdf
2026-02-25 12:24:02,473 INFO [depth=5] Crawling: http://www.elections.maryland.gov/about/documents/2022/October/26/05_Waviers_Title 13 Late Fee Waivers.pdf
2026-02-25 12:24:03,785 INFO [depth=5] Crawling: http://www.elections.maryland.gov/about/documents/2022/October/26/06_Other.pdf
2026-02-25 12:24:05,299 INFO [depth=5] Crawling: http://www.elections.maryland.gov/about/documents/Agenda_9_28_2022.pdf
2026-02-25 12:24:06,510 INFO [depth=5] Crawling: http://www.elections.maryland.gov/about/meeting_materials/September_28_2022.pdf
2026-02-25 12:24:08,214 INFO [depth=5] Crawling: http://www.elections.maryland.gov/about/documents/Agenda_9_06_2022.pdf
2026-02-25 12:24:10,755 INFO [depth=5] Crawling: http://www.elections.maryland.gov/about/meeting_materials/September_6_2022.pdf
2026-02-25 12:24:12,516 INFO [depth=5] Crawling: http://www.elections.maryland.gov/about/minutes/September_06_2022.pdf
2026-02-25 12:24:13,784 INFO [depth=5] Crawling: http://www.elections.maryland.gov/about/documents/Agenda_8_15_2022.pdf
2026-02-25 12:24:15,111 INFO [depth=5] Crawling: http://www.elections.maryland.gov/about/meeting_materials/August_15_2022.pdf
2026-02-25 12:24:16,501 INFO [depth=5] Crawling: http://www.elections.maryland.gov/about/minutes/August_15_2022.pdf
2026-02-25 12:24:17,762 INFO [depth=5] Crawling: http://www.elections.maryland.gov/about/documents/Agenda_8_1_2022.pdf
2026-02-25 12:24:18,969 INFO [depth=5] Crawling: http://www.elections.maryland.gov/about/meeting_materials/August_1_2022.pdf
2026-02-25 12:24:20,311 INFO [depth=5] Crawling: http://www.elections.maryland.gov/about/documents/Agenda_6_28_2022.pdf
2026-02-25 12:24:22,227 INFO [depth=5] Crawling: http://www.elections.maryland.gov/about/meeting_materials/June_28_2022.pdf
2026-02-25 12:24:23,923 INFO [depth=5] Crawling: http://www.elections.maryland.gov/about/minutes/June_28_2022.pdf
2026-02-25 12:24:25,856 INFO [depth=5] Crawling: http://www.elections.maryland.gov/about/documents/Agenda_6_23_2022.pdf
2026-02-25 12:24:27,027 INFO [depth=5] Crawling: http://www.elections.maryland.gov/about/meeting_materials/June_23_2022.pdf
2026-02-25 12:24:28,398 INFO [depth=5] Crawling: http://www.elections.maryland.gov/about/minutes/June_23_2022.pdf
2026-02-25 12:24:29,616 INFO [depth=5] Crawling: http://www.elections.maryland.gov/about/documents/Agenda_6_2_2022.pdf
2026-02-25 12:24:30,820 INFO [depth=5] Crawling: http://www.elections.maryland.gov/about/meeting_materials/June_2 2022.pdf
2026-02-25 12:24:32,396 INFO [depth=5] Crawling: http://www.elections.maryland.gov/about/minutes/June_02_2022.pdf
2026-02-25 12:24:33,637 INFO [depth=5] Crawling: http://www.elections.maryland.gov/about/documents/Agenda_5_20_2022.pdf
2026-02-25 12:24:34,929 INFO [depth=5] Crawling: http://www.elections.maryland.gov/about/meeting_materials/5_20_2022.pdf
2026-02-25 12:24:36,128 INFO [depth=5] Crawling: http://www.elections.maryland.gov/about/minutes/May_20.pdf
2026-02-25 12:24:37,371 INFO [depth=5] Crawling: http://www.elections.maryland.gov/about/documents/Agenda_4_27_2022.pdf
2026-02-25 12:24:38,657 INFO [depth=5] Crawling: http://www.elections.maryland.gov/about/documents/Replacement_EVC_April2022.pdf
2026-02-25 12:24:39,951 INFO [depth=5] Crawling: http://www.elections.maryland.gov/about/meeting_materials/April_27_2022.pdf
2026-02-25 12:24:41,735 INFO [depth=5] Crawling: http://www.elections.maryland.gov/about/minutes/April_27.pdf
2026-02-25 12:24:43,068 INFO [depth=5] Crawling: http://www.elections.maryland.gov/about/documents/Agenda_3_10_2022.pdf
2026-02-25 12:24:44,586 INFO [depth=5] Crawling: http://www.elections.maryland.gov/about/meeting_materials/March_10_2022.pdf
2026-02-25 12:24:46,155 INFO [depth=5] Crawling: http://www.elections.maryland.gov/about/minutes/March_10.pdf
2026-02-25 12:24:47,461 INFO [depth=5] Crawling: http://www.elections.maryland.gov/about/documents/Early_Voting Center1272022.pdf
2026-02-25 12:24:48,603 INFO [depth=5] Crawling: http://www.elections.maryland.gov/about/documents/Agenda_1_27_2022.pdf
2026-02-25 12:24:49,823 INFO [depth=5] Crawling: http://www.elections.maryland.gov/pdf/minutes/2022_01_27.pdf
2026-02-25 12:24:51,492 INFO [depth=5] Crawling: http://www.elections.maryland.gov/about/meeting_materials/January_27_2022.pdf
2026-02-25 12:24:52,817 INFO [depth=5] Crawling: http://www.elections.maryland.gov/about/documents/Agenda_12_16_2021.pdf
2026-02-25 12:24:53,938 INFO [depth=5] Crawling: http://www.elections.maryland.gov/about/meeting_materials/December_16_2021.pdf
2026-02-25 12:24:55,382 INFO [depth=5] Crawling: http://www.elections.maryland.gov/pdf/minutes/2021_12_16.pdf
2026-02-25 12:24:56,806 INFO [depth=5] Crawling: http://www.elections.maryland.gov/about/meeting_materials/regulations_12_2021.pdf
2026-02-25 12:24:58,091 INFO [depth=5] Crawling: http://www.elections.maryland.gov/about/meeting_materials/EVC_Presentation_122021.pdf
2026-02-25 12:24:59,299 INFO [depth=5] Crawling: http://www.elections.maryland.gov/about/documents/Agenda_10_28_2021.pdf
2026-02-25 12:25:00,659 INFO [depth=5] Crawling: http://www.elections.maryland.gov/about/meeting_materials/October_28_2021.pdf
2026-02-25 12:25:02,094 INFO [depth=5] Crawling: http://www.elections.maryland.gov/pdf/minutes/10_28_2021.pdf
2026-02-25 12:25:03,444 INFO [depth=5] Crawling: http://www.elections.maryland.gov/about/documents/Agenda_7_22_2021.pdf
2026-02-25 12:25:05,156 INFO [depth=5] Crawling: http://www.elections.maryland.gov/about/meeting_materials/July_22_2021.pdf
2026-02-25 12:25:06,556 INFO [depth=5] Crawling: http://www.elections.maryland.gov/pdf/minutes/2021_07_22.pdf
2026-02-25 12:25:07,811 INFO [depth=5] Crawling: http://www.elections.maryland.gov/about/documents/Agenda_6_22_2021.pdf
2026-02-25 12:25:08,976 INFO [depth=5] Crawling: http://www.elections.maryland.gov/about/meeting_materials/June_22_2021.pdf
2026-02-25 12:25:10,129 INFO [depth=5] Crawling: http://www.elections.maryland.gov/pdf/minutes/2021_06_22.pdf
2026-02-25 12:25:11,489 INFO [depth=5] Crawling: http://www.elections.maryland.gov/about/documents/Agenda_5_27_2021.pdf
2026-02-25 12:25:12,871 INFO [depth=5] Crawling: http://www.elections.maryland.gov/about/meeting_materials/May_27_2021.pdf
2026-02-25 12:25:14,216 INFO [depth=5] Crawling: http://www.elections.maryland.gov/pdf/minutes/2021_05_27.pdf
2026-02-25 12:25:15,404 INFO [depth=5] Crawling: http://www.elections.maryland.gov/about/documents/Agenda_3_26_2021.pdf
2026-02-25 12:25:16,673 INFO [depth=5] Crawling: http://www.elections.maryland.gov/about/documents/Agenda_2_11_2021.pdf
2026-02-25 12:25:18,413 INFO [depth=5] Crawling: http://www.elections.maryland.gov/about/meeting_materials/February_11_2021.pdf
2026-02-25 12:25:19,839 INFO [depth=5] Crawling: http://www.elections.maryland.gov/about/meeting_materials/February_11 2021.pdf
2026-02-25 12:25:21,377 INFO [depth=5] Crawling: http://www.elections.maryland.gov/about/documents/Agenda_1_28_2021.pdf
2026-02-25 12:25:22,884 INFO [depth=5] Crawling: http://www.elections.maryland.gov/about/documents/Agenda_1_12_2021.pdf
2026-02-25 12:25:24,646 INFO [depth=5] Crawling: http://www.elections.maryland.gov/about/meeting_materials/January_12_2021.pdf
2026-02-25 12:25:26,028 INFO [depth=5] Crawling: http://www.elections.maryland.gov/about/meeting_materials/January_12 2021.pdf
2026-02-25 12:25:27,454 INFO [depth=5] Crawling: http://www.elections.maryland.gov/about/documents/Electoral_College_2020.pdf
2026-02-25 12:25:28,845 INFO [depth=5] Crawling: http://www.elections.maryland.gov/about/documents/Agenda_12_7_2020.pdf
2026-02-25 12:25:30,222 INFO [depth=5] Crawling: http://www.elections.maryland.gov/about/documents/Agenda_12_04_2020.pdf
2026-02-25 12:25:31,621 INFO [depth=5] Crawling: http://www.elections.maryland.gov/pdf/minutes/2020_12_04.pdf
2026-02-25 12:25:33,261 INFO [depth=5] Crawling: http://www.elections.maryland.gov/about/meeting_materials/December_4_2020.pdf
2026-02-25 12:25:34,617 INFO [depth=5] Crawling: http://www.elections.maryland.gov/about/documents/Canvass_Agenda_Dec_04_2020.pdf
2026-02-25 12:25:36,122 INFO [depth=5] Crawling: http://www.elections.maryland.gov/about/documents/Agenda_10_08_2020.pdf
2026-02-25 12:25:37,594 INFO [depth=5] Crawling: http://www.elections.maryland.gov/pdf/minutes/10_10082020.pdf
2026-02-25 12:25:38,860 INFO [depth=5] Crawling: http://www.elections.maryland.gov/about/meeting_materials/October_8_2020.pdf
2026-02-25 12:25:40,061 INFO [depth=5] Crawling: http://www.elections.maryland.gov/about/documents/Agenda_9_24_2020.pdf
2026-02-25 12:25:41,560 INFO [depth=5] Crawling: http://www.elections.maryland.gov/pdf/minutes/09_09242020.pdf
2026-02-25 12:25:42,809 INFO [depth=5] Crawling: http://www.elections.maryland.gov/about/meeting_materials/September_24_2020.pdf
2026-02-25 12:25:44,193 INFO [depth=5] Crawling: http://www.elections.maryland.gov/about/documents/Agenda_9_11_2020.pdf
2026-02-25 12:25:45,650 INFO [depth=5] Crawling: http://www.elections.maryland.gov/pdf/minutes/09_09112020.pdf
2026-02-25 12:25:47,252 INFO [depth=5] Crawling: http://www.elections.maryland.gov/about/meeting_materials/September_11_2020.pdf
2026-02-25 12:25:48,573 INFO [depth=5] Crawling: http://www.elections.maryland.gov/about/documents/Agenda_9_4_2020.pdf
2026-02-25 12:25:50,170 INFO [depth=5] Crawling: http://www.elections.maryland.gov/pdf/minutes/09_09042020.pdf
2026-02-25 12:25:52,771 INFO [depth=5] Crawling: http://www.elections.maryland.gov/about/meeting_materials/September_4_2020.pdf
2026-02-25 12:25:54,093 INFO [depth=5] Crawling: http://www.elections.maryland.gov/about/documents/Agenda_8_28_2020.pdf
2026-02-25 12:25:55,277 INFO [depth=5] Crawling: http://www.elections.maryland.gov/pdf/minutes/08_08282020.pdf
2026-02-25 12:25:56,594 INFO [depth=5] Crawling: http://www.elections.maryland.gov/about/meeting_materials/August_28_2020.pdf
2026-02-25 12:25:58,015 INFO [depth=5] Crawling: http://www.elections.maryland.gov/about/documents/Agenda_8_19_2020.pdf
2026-02-25 12:25:59,377 INFO [depth=5] Crawling: http://www.elections.maryland.gov/pdf/minutes/08_08192020.pdf
2026-02-25 12:26:00,978 INFO [depth=5] Crawling: http://www.elections.maryland.gov/about/meeting_materials/August_19_2020.pdf
2026-02-25 12:26:02,480 INFO [depth=5] Crawling: http://www.elections.maryland.gov/about/documents/Agenda_8_12_2020.pdf
2026-02-25 12:26:04,721 INFO [depth=5] Crawling: http://www.elections.maryland.gov/pdf/minutes/08_08122020.pdf
2026-02-25 12:26:06,154 INFO [depth=5] Crawling: http://www.elections.maryland.gov/about/meeting_materials/August_12_2020.pdf
2026-02-25 12:26:07,447 INFO [depth=5] Crawling: http://www.elections.maryland.gov/about/documents/Agenda_8_7_2020.pdf
2026-02-25 12:26:08,686 INFO [depth=5] Crawling: http://www.elections.maryland.gov/pdf/minutes/08_08072020.pdf
2026-02-25 12:26:10,329 INFO [depth=5] Crawling: http://www.elections.maryland.gov/about/meeting_materials/August_7_2020.pdf
2026-02-25 12:26:11,956 INFO [depth=5] Crawling: http://www.elections.maryland.gov/about/documents/Agenda_8_5_2020.pdf
2026-02-25 12:26:13,455 INFO [depth=5] Crawling: http://www.elections.maryland.gov/pdf/minutes/08_08052020.pdf
2026-02-25 12:26:15,057 INFO [depth=5] Crawling: http://www.elections.maryland.gov/about/meeting_materials/August_5_2020.pdf
2026-02-25 12:26:16,471 INFO [depth=5] Crawling: http://www.elections.maryland.gov/about/meeting_materials/August_5_2020_voting_locations.pdf
2026-02-25 12:26:18,461 INFO [depth=5] Crawling: http://www.elections.maryland.gov/about/documents/Agenda_7_23_2020.pdf
2026-02-25 12:26:20,025 INFO [depth=5] Crawling: http://www.elections.maryland.gov/pdf/minutes/2020_07_23.pdf
2026-02-25 12:26:21,412 INFO [depth=5] Crawling: http://www.elections.maryland.gov/about/meeting_materials/July_23_2020.pdf
2026-02-25 12:26:22,790 INFO [depth=5] Crawling: http://www.elections.maryland.gov/about/documents/Canvass_Agenda_06_02_2020.pdf
2026-02-25 12:26:24,032 INFO [depth=5] Crawling: http://www.elections.maryland.gov/about/documents/Agenda_6_30_2020.pdf
2026-02-25 12:26:25,686 INFO [depth=5] Crawling: http://www.elections.maryland.gov/pdf/minutes/2020_06_30.pdf
2026-02-25 12:26:27,090 INFO [depth=5] Crawling: http://www.elections.maryland.gov/about/meeting_materials/June_30_2020.pdf
2026-02-25 12:26:28,333 INFO [depth=5] Crawling: http://www.elections.maryland.gov/about/documents/Agenda_6_18_2020.pdf
2026-02-25 12:26:29,675 INFO [depth=5] Crawling: http://www.elections.maryland.gov/pdf/minutes/2020_06_18.pdf
2026-02-25 12:26:31,103 INFO [depth=5] Crawling: http://www.elections.maryland.gov/about/meeting_materials/June_18_2020.pdf
2026-02-25 12:26:32,316 INFO [depth=5] Crawling: http://www.elections.maryland.gov/about/meeting_materials/2020-02 SBE policy - petition deadline extension.pdf
2026-02-25 12:26:33,477 INFO [depth=5] Crawling: http://www.elections.maryland.gov/about/documents/Agenda_5_28_2020.pdf
2026-02-25 12:26:34,692 INFO [depth=5] Crawling: http://www.elections.maryland.gov/pdf/minutes/2020_05_28.pdf
2026-02-25 12:26:36,006 INFO [depth=5] Crawling: http://www.elections.maryland.gov/about/meeting_materials/May_28_2020.pdf
2026-02-25 12:26:37,522 INFO [depth=5] Crawling: http://www.elections.maryland.gov/about/documents/Agenda_5_20_2020.pdf
2026-02-25 12:26:39,075 INFO [depth=5] Crawling: http://www.elections.maryland.gov/pdf/minutes/2020_05_20.pdf
2026-02-25 12:26:40,254 INFO [depth=5] Crawling: http://www.elections.maryland.gov/about/meeting_materials/May_20_2020.pdf
2026-02-25 12:26:41,415 INFO [depth=5] Crawling: http://www.elections.maryland.gov/about/documents/Agenda_4_22_2020.pdf
2026-02-25 12:26:42,724 INFO [depth=5] Crawling: http://www.elections.maryland.gov/pdf/minutes/2020_05_14.pdf
2026-02-25 12:26:44,729 INFO [depth=5] Crawling: http://www.elections.maryland.gov/about/meeting_materials/May_14_2020.pdf
2026-02-25 12:26:45,905 INFO [depth=5] Crawling: http://www.elections.maryland.gov/about/documents/Canvass_Agenda_05_12_2020.pdf
2026-02-25 12:26:47,112 INFO [depth=5] Crawling: http://www.elections.maryland.gov/pdf/minutes/2020_04_22.pdf
2026-02-25 12:26:48,227 INFO [depth=5] Crawling: http://www.elections.maryland.gov/about/meeting_materials/April_22_2020.pdf
2026-02-25 12:26:49,382 INFO [depth=5] Crawling: http://www.elections.maryland.gov/about/documents/Agenda_4_13_2020.pdf
2026-02-25 12:26:50,644 INFO [depth=5] Crawling: http://www.elections.maryland.gov/pdf/minutes/2020_04_13.pdf
2026-02-25 12:26:52,093 INFO [depth=5] Crawling: http://www.elections.maryland.gov/about/meeting_materials/April_13_2020.pdf
2026-02-25 12:26:53,399 INFO [depth=5] Crawling: http://www.elections.maryland.gov/about/documents/Agenda_4_2_2020.pdf
2026-02-25 12:26:54,626 INFO [depth=5] Crawling: http://www.elections.maryland.gov/pdf/minutes/2020_04_02.pdf
2026-02-25 12:26:56,737 INFO [depth=5] Crawling: http://www.elections.maryland.gov/about/meeting_materials/April_2_2020.pdf
2026-02-25 12:26:57,853 INFO [depth=5] Crawling: http://www.elections.maryland.gov/about/meeting_materials/March_2020.pdf
2026-02-25 12:26:59,230 INFO [depth=5] Crawling: http://www.elections.maryland.gov/about/documents/Agenda_3_25_2020.pdf
2026-02-25 12:27:00,480 INFO [depth=5] Crawling: http://www.elections.maryland.gov/pdf/minutes/2020_03_25.pdf
2026-02-25 12:27:01,653 INFO [depth=5] Crawling: http://www.elections.maryland.gov/about/documents/Agenda_2_27_2020.pdf
2026-02-25 12:27:03,110 INFO [depth=5] Crawling: http://www.elections.maryland.gov/pdf/minutes/2020_02.pdf
2026-02-25 12:27:04,555 INFO [depth=5] Crawling: http://www.elections.maryland.gov/about/meeting_materials/February_2020.pdf
2026-02-25 12:27:05,904 INFO [depth=5] Crawling: http://www.elections.maryland.gov/about/documents/Agenda_2_21_2020.pdf
2026-02-25 12:27:07,370 INFO [depth=5] Crawling: http://www.elections.maryland.gov/about/meeting_materials/February_21_2020.pdf
2026-02-25 12:27:08,624 INFO [depth=5] Crawling: http://www.elections.maryland.gov/about/documents/Agenda_1_16_2020.pdf
2026-02-25 12:27:10,156 INFO [depth=5] Crawling: http://www.elections.maryland.gov/pdf/minutes/2020_01.pdf
2026-02-25 12:27:11,911 INFO [depth=5] Crawling: http://www.elections.maryland.gov/about/meeting_materials/January_2020.pdf
2026-02-25 12:27:13,131 INFO [depth=5] Crawling: http://www.elections.maryland.gov/about/documents/Agenda_12_12_2019.pdf
2026-02-25 12:27:14,264 INFO [depth=5] Crawling: http://www.elections.maryland.gov/pdf/minutes/2019_12.pdf
2026-02-25 12:27:15,519 INFO [depth=5] Crawling: http://www.elections.maryland.gov/about/meeting_materials/December_2019.pdf
2026-02-25 12:27:16,954 INFO [depth=5] Crawling: http://www.elections.maryland.gov/about/documents/Agenda_10_31_2019.pdf
2026-02-25 12:27:18,320 INFO [depth=5] Crawling: http://www.elections.maryland.gov/pdf/minutes/2019_10_31.pdf
2026-02-25 12:27:19,636 INFO [depth=5] Crawling: http://www.elections.maryland.gov/about/meeting_materials/October_31_2019.pdf
2026-02-25 12:27:20,770 INFO [depth=5] Crawling: http://www.elections.maryland.gov/about/documents/Agenda_10_08_2019.pdf
2026-02-25 12:27:21,862 INFO [depth=5] Crawling: http://www.elections.maryland.gov/pdf/minutes/2019_10_08.pdf
2026-02-25 12:27:23,106 INFO [depth=5] Crawling: http://www.elections.maryland.gov/about/meeting_materials/October_8_2019.pdf
2026-02-25 12:27:24,415 INFO [depth=5] Crawling: http://www.elections.maryland.gov/about/documents/Agenda_9_26_2019.pdf
2026-02-25 12:27:26,109 INFO [depth=5] Crawling: http://www.elections.maryland.gov/pdf/minutes/2019_09.pdf
2026-02-25 12:27:27,282 INFO [depth=5] Crawling: http://www.elections.maryland.gov/about/meeting_materials/September_2019.pdf
2026-02-25 12:27:28,995 INFO [depth=5] Crawling: http://www.elections.maryland.gov/about/documents/Agenda_8_22_2019.pdf
2026-02-25 12:27:30,075 INFO [depth=5] Crawling: http://www.elections.maryland.gov/pdf/minutes/2019_08.pdf
2026-02-25 12:27:31,412 INFO [depth=5] Crawling: http://www.elections.maryland.gov/about/meeting_materials/August_2019.pdf
2026-02-25 12:27:32,553 INFO [depth=5] Crawling: http://www.elections.maryland.gov/about/documents/agenda_7_25_2019.pdf
2026-02-25 12:27:33,867 INFO [depth=5] Crawling: http://www.elections.maryland.gov/pdf/minutes/2019_07.pdf
2026-02-25 12:27:36,438 INFO [depth=5] Crawling: http://www.elections.maryland.gov/about/meeting_materials/July_2019.pdf
2026-02-25 12:27:37,640 INFO [depth=5] Crawling: http://www.elections.maryland.gov/about/documents/Agenda_6_27_2019.pdf
2026-02-25 12:27:38,876 INFO [depth=5] Crawling: http://www.elections.maryland.gov/pdf/minutes/2019_06.pdf
2026-02-25 12:27:40,089 INFO [depth=5] Crawling: http://www.elections.maryland.gov/about/meeting_materials/June_2019.pdf
2026-02-25 12:27:41,458 INFO [depth=5] Crawling: http://www.elections.maryland.gov/about/documents/Agenda_5_16_2019.pdf
2026-02-25 12:27:42,767 INFO [depth=5] Crawling: http://www.elections.maryland.gov/pdf/minutes/2019_05.pdf
2026-02-25 12:27:44,137 INFO [depth=5] Crawling: http://www.elections.maryland.gov/about/meeting_materials/May_2019.pdf
2026-02-25 12:27:45,369 INFO [depth=5] Crawling: http://www.elections.maryland.gov/about/documents/Agenda_4_24_2019.pdf
2026-02-25 12:27:46,532 INFO [depth=5] Crawling: http://www.elections.maryland.gov/pdf/minutes/2019_04.pdf
2026-02-25 12:27:47,907 INFO [depth=5] Crawling: http://www.elections.maryland.gov/about/meeting_materials/April_2019.pdf
2026-02-25 12:27:49,194 INFO [depth=5] Crawling: http://www.elections.maryland.gov/about/documents/Agenda_3_28_2019.pdf
2026-02-25 12:27:50,448 INFO [depth=5] Crawling: http://www.elections.maryland.gov/pdf/minutes/2019_03.pdf
2026-02-25 12:27:51,769 INFO [depth=5] Crawling: http://www.elections.maryland.gov/about/meeting_materials/March_2019.pdf
2026-02-25 12:27:53,001 INFO [depth=5] Crawling: http://www.elections.maryland.gov/about/documents/Agenda_1_10_2019.pdf
2026-02-25 12:27:54,826 INFO [depth=5] Crawling: http://www.elections.maryland.gov/pdf/minutes/2019_01.pdf
2026-02-25 12:27:56,712 INFO [depth=5] Crawling: http://www.elections.maryland.gov/about/meeting_materials/January_2019.pdf
2026-02-25 12:27:58,214 INFO [depth=5] Crawling: http://www.elections.maryland.gov/about/documents/Agenda_11_29_2018.pdf
2026-02-25 12:27:59,637 INFO [depth=5] Crawling: http://www.elections.maryland.gov/pdf/minutes/2018_11.pdf
2026-02-25 12:28:00,996 INFO [depth=5] Crawling: http://www.elections.maryland.gov/about/meeting_materials/November_2018.pdf
2026-02-25 12:28:04,551 INFO [depth=5] Crawling: http://www.elections.maryland.gov/about/documents/Agenda_10_04_2018.pdf
2026-02-25 12:28:05,928 INFO [depth=5] Crawling: http://www.elections.maryland.gov/pdf/minutes/2018_10.pdf
2026-02-25 12:28:07,313 INFO [depth=5] Crawling: http://www.elections.maryland.gov/about/meeting_materials/October_2018.pdf
2026-02-25 12:28:09,790 INFO [depth=5] Crawling: http://www.elections.maryland.gov/about/documents/Agenda_8_23_2018.pdf
2026-02-25 12:28:11,584 INFO [depth=5] Crawling: http://www.elections.maryland.gov/pdf/minutes/2018_08.pdf
2026-02-25 12:28:13,032 INFO [depth=5] Crawling: http://www.elections.maryland.gov/about/meeting_materials/August_2018.pdf
2026-02-25 12:28:14,322 INFO [depth=5] Crawling: http://www.elections.maryland.gov/about/documents/Agenda_7_19_2018.pdf
2026-02-25 12:28:15,744 INFO [depth=5] Crawling: http://www.elections.maryland.gov/pdf/minutes/2018_07.pdf
2026-02-25 12:28:17,027 INFO [depth=5] Crawling: http://www.elections.maryland.gov/about/meeting_materials/July_2018.pdf
2026-02-25 12:28:18,321 INFO [depth=5] Crawling: http://www.elections.maryland.gov/about/documents/Agenda_5_24_2018.pdf
2026-02-25 12:28:19,560 INFO [depth=5] Crawling: http://www.elections.maryland.gov/pdf/minutes/2018_05_31.pdf
2026-02-25 12:28:21,196 INFO [depth=5] Crawling: http://www.elections.maryland.gov/about/meeting_materials/May_2018.pdf
2026-02-25 12:28:22,548 INFO [depth=5] Crawling: http://www.elections.maryland.gov/about/documents/Agenda_4_24_2018.pdf
2026-02-25 12:28:23,815 INFO [depth=5] Crawling: http://www.elections.maryland.gov/pdf/minutes/2018_04_24.pdf
2026-02-25 12:28:24,922 INFO [depth=5] Crawling: http://www.elections.maryland.gov/about/meeting_materials/April_24_2018.pdf
2026-02-25 12:28:26,250 INFO [depth=5] Crawling: http://www.elections.maryland.gov/about/documents/Agenda_4_12_2018.pdf
2026-02-25 12:28:27,434 INFO [depth=5] Crawling: http://www.elections.maryland.gov/pdf/minutes/2018_04_12.pdf
2026-02-25 12:28:28,695 INFO [depth=5] Crawling: http://www.elections.maryland.gov/about/meeting_materials/April_2018.pdf
2026-02-25 12:28:30,286 INFO [depth=5] Crawling: http://www.elections.maryland.gov/about/documents/Agenda_2_22_2018.pdf
2026-02-25 12:28:31,496 INFO [depth=5] Crawling: http://www.elections.maryland.gov/pdf/minutes/2018_02.pdf
2026-02-25 12:28:33,105 INFO [depth=5] Crawling: http://www.elections.maryland.gov/about/meeting_materials/February_2018.pdf
2026-02-25 12:28:34,645 INFO [depth=5] Crawling: http://www.elections.maryland.gov/about/documents/Agenda_1_18_2018.pdf
2026-02-25 12:28:37,082 INFO [depth=5] Crawling: http://www.elections.maryland.gov/pdf/minutes/2018_01.pdf
2026-02-25 12:28:38,356 INFO [depth=5] Crawling: http://www.elections.maryland.gov/about/meeting_materials/January_2018.pdf
2026-02-25 12:28:39,581 INFO [depth=5] Crawling: http://www.elections.maryland.gov/about/documents/Agenda_12_7_2017.pdf
2026-02-25 12:28:40,798 INFO [depth=5] Crawling: http://www.elections.maryland.gov/pdf/minutes/2017_12.pdf
2026-02-25 12:28:41,987 INFO [depth=5] Crawling: http://www.elections.maryland.gov/about/meeting_materials/December_2017.pdf
2026-02-25 12:28:44,111 INFO [depth=5] Crawling: http://www.elections.maryland.gov/about/documents/Agenda_10_26_2017.pdf
2026-02-25 12:28:45,321 INFO [depth=5] Crawling: http://www.elections.maryland.gov/pdf/minutes/2017_10.pdf
2026-02-25 12:28:46,560 INFO [depth=5] Crawling: http://www.elections.maryland.gov/about/meeting_materials/October_2017.pdf
2026-02-25 12:28:47,898 INFO [depth=5] Crawling: http://www.elections.maryland.gov/about/documents/Agenda_9_29_2017.pdf
2026-02-25 12:28:49,198 INFO [depth=5] Crawling: http://www.elections.maryland.gov/pdf/minutes/2017_09.pdf
2026-02-25 12:28:51,456 INFO [depth=5] Crawling: http://www.elections.maryland.gov/about/meeting_materials/September_2017.pdf
2026-02-25 12:28:53,661 INFO [depth=5] Crawling: http://www.elections.maryland.gov/about/documents/agenda_8_24_2017.pdf
2026-02-25 12:28:54,765 INFO [depth=5] Crawling: http://www.elections.maryland.gov/pdf/minutes/2017_08.pdf
2026-02-25 12:28:55,930 INFO [depth=5] Crawling: http://www.elections.maryland.gov/about/meeting_materials/August_2017.pdf
2026-02-25 12:28:57,226 INFO [depth=5] Crawling: http://www.elections.maryland.gov/about/documents/agenda_7_27_2017.pdf
2026-02-25 12:28:58,428 INFO [depth=5] Crawling: http://www.elections.maryland.gov/pdf/minutes/2017_07.pdf
2026-02-25 12:28:59,785 INFO [depth=5] Crawling: http://www.elections.maryland.gov/about/meeting_materials/July_2017.pdf
2026-02-25 12:29:01,395 INFO [depth=5] Crawling: http://www.elections.maryland.gov/about/documents/Agenda_5_18_2017.pdf
2026-02-25 12:29:02,678 INFO [depth=5] Crawling: http://www.elections.maryland.gov/pdf/minutes/2017_05.pdf
2026-02-25 12:29:03,810 INFO [depth=5] Crawling: http://www.elections.maryland.gov/about/meeting_materials/May_2017.pdf
2026-02-25 12:29:05,011 INFO [depth=5] Crawling: http://www.elections.maryland.gov/about/documents/Agenda_4_20_2017.pdf
2026-02-25 12:29:06,570 INFO [depth=5] Crawling: http://www.elections.maryland.gov/pdf/minutes/2017_04.pdf
2026-02-25 12:29:08,670 INFO [depth=5] Crawling: http://www.elections.maryland.gov/about/meeting_materials/April_2017.pdf
2026-02-25 12:29:09,917 INFO [depth=5] Crawling: http://www.elections.maryland.gov/about/documents/Agenda_2_23_2017.pdf
2026-02-25 12:29:11,219 INFO [depth=5] Crawling: http://www.elections.maryland.gov/pdf/minutes/2017_02.pdf
2026-02-25 12:29:12,853 INFO [depth=5] Crawling: http://www.elections.maryland.gov/about/meeting_materials/February_2017.pdf
2026-02-25 12:29:14,379 INFO [depth=5] Crawling: http://www.elections.maryland.gov/about/documents/Agenda_1_25_2017.pdf
2026-02-25 12:29:15,857 INFO [depth=5] Crawling: http://www.elections.maryland.gov/pdf/minutes/2017_01.pdf
2026-02-25 12:29:17,234 INFO [depth=5] Crawling: http://www.elections.maryland.gov/about/meeting_materials/January_2017.pdf
2026-02-25 12:29:18,637 INFO [depth=5] Crawling: http://www.elections.maryland.gov/about/documents/Agenda_12_15_2016.pdf
2026-02-25 12:29:20,246 INFO [depth=5] Crawling: http://www.elections.maryland.gov/about/documents/Agenda_10_28_2016.pdf
2026-02-25 12:29:21,592 INFO [depth=5] Crawling: http://www.elections.maryland.gov/about/documents/Agenda_9_29_2016.pdf
2026-02-25 12:29:23,081 INFO [depth=5] Crawling: http://www.elections.maryland.gov/about/documents/Agenda_9_14_2016.pdf
2026-02-25 12:29:24,575 INFO [depth=5] Crawling: http://www.elections.maryland.gov/about/documents/Agenda_9_08_2016.pdf
2026-02-25 12:29:26,146 INFO [depth=5] Crawling: http://www.elections.maryland.gov/about/documents/Agenda_8_25_2016.pdf
2026-02-25 12:29:27,466 INFO [depth=5] Crawling: http://www.elections.maryland.gov/about/documents/agenda_7_28_2016.pdf
2026-02-25 12:29:28,661 INFO [depth=5] Crawling: http://www.elections.maryland.gov/about/documents/Agenda_6_30_2016.pdf
2026-02-25 12:29:30,330 INFO [depth=5] Crawling: http://www.elections.maryland.gov/about/documents/Agenda_5_18_2016.pdf
2026-02-25 12:29:31,756 INFO [depth=5] Crawling: http://www.elections.maryland.gov/about/documents/Agenda_3_24_2016.pdf
2026-02-25 12:29:33,036 INFO [depth=5] Crawling: http://www.elections.maryland.gov/about/documents/Agenda_3_4_2016.pdf
2026-02-25 12:29:34,677 INFO [depth=5] Crawling: http://www.elections.maryland.gov/about/documents/Agenda_2_25_2016.pdf
2026-02-25 12:29:35,895 INFO [depth=5] Crawling: http://www.elections.maryland.gov/about/documents/Agenda_2_4_2016.pdf
2026-02-25 12:29:37,576 INFO [depth=5] Crawling: http://www.elections.maryland.gov/about/documents/Agenda_January_21_2016.pdf
2026-02-25 12:29:38,819 INFO [depth=5] Crawling: http://www.elections.maryland.gov/about/documents/Agenda_11_13_2015.pdf
2026-02-25 12:29:40,226 INFO [depth=5] Crawling: http://www.elections.maryland.gov/about/documents/Agenda_10_23_2015.pdf
2026-02-25 12:29:41,569 INFO [depth=5] Crawling: http://www.elections.maryland.gov/about/documents/Agenda_10_15_2015.pdf
2026-02-25 12:29:42,903 INFO [depth=5] Crawling: http://www.elections.maryland.gov/about/documents/Agenda_9_24_2015.pdf
2026-02-25 12:29:44,453 INFO [depth=5] Crawling: http://www.elections.maryland.gov/about/documents/Agenda_8_27_2015.pdf
2026-02-25 12:29:45,670 INFO [depth=5] Crawling: http://www.elections.maryland.gov/about/documents/agenda_7_16_2015.pdf
2026-02-25 12:29:47,188 INFO [depth=5] Crawling: http://www.elections.maryland.gov/documents/Agenda_May.pdf
2026-02-25 12:29:49,258 INFO [depth=5] Crawling: http://www.elections.maryland.gov/about/documents/Agenda_4_30_2015.pdf
2026-02-25 12:29:50,647 INFO [depth=5] Crawling: http://www.elections.maryland.gov/about/documents/Agenda_3_19_2015.pdf
2026-02-25 12:29:52,023 INFO [depth=5] Crawling: http://www.elections.maryland.gov/about/documents/Agenda_1_29_2015.pdf
2026-02-25 12:29:53,435 INFO [depth=5] Crawling: http://www.elections.maryland.gov/about/documents/Agenda_12_11_2014.pdf
2026-02-25 12:29:54,882 INFO [depth=5] Crawling: http://www.elections.maryland.gov/about/documents/Agenda_10_30_2014.pdf
2026-02-25 12:29:56,213 INFO [depth=5] Crawling: http://www.elections.maryland.gov/about/documents/Agenda_9_25_2014.pdf
2026-02-25 12:29:57,701 INFO [depth=5] Crawling: http://www.elections.maryland.gov/about/documents/Agenda_8_28_2014.pdf
2026-02-25 12:29:59,495 INFO [depth=5] Crawling: http://www.elections.maryland.gov/about/documents/Agenda_7_10_2014.pdf
2026-02-25 12:30:01,012 INFO [depth=5] Crawling: http://www.elections.maryland.gov/about/documents/Agenda_4_24_2014.pdf
2026-02-25 12:30:03,039 INFO [depth=5] Crawling: http://www.elections.maryland.gov/about/documents/Agenda_3_27_2014.pdf
2026-02-25 12:30:05,487 INFO [depth=5] Crawling: http://www.elections.maryland.gov/about/documents/Agenda_2_27_2014.pdf
2026-02-25 12:30:06,891 INFO [depth=5] Crawling: http://www.elections.maryland.gov/about/documents/Agenda_1_23_2014.pdf
2026-02-25 12:30:08,331 INFO [depth=5] Crawling: http://www.elections.maryland.gov/about/documents/Agenda_11_21_2013.pdf
2026-02-25 12:30:09,753 INFO [depth=5] Crawling: http://www.elections.maryland.gov/about/documents/Agenda_9_26_2013.pdf
2026-02-25 12:30:11,011 INFO [depth=5] Crawling: http://www.elections.maryland.gov/about/documents/Agenda_8_22_2013.pdf
2026-02-25 12:30:12,219 INFO [depth=5] Crawling: http://www.elections.maryland.gov/about/documents/Agenda_7_17_2013.pdf
2026-02-25 12:30:13,520 INFO [depth=5] Crawling: http://www.elections.maryland.gov/about/documents/Agenda_5_23_2013.pdf
2026-02-25 12:30:14,753 INFO [depth=5] Crawling: http://www.elections.maryland.gov/about/documents/Agenda_4_25_2013.pdf
2026-02-25 12:30:16,055 INFO [depth=5] Crawling: http://www.elections.maryland.gov/about/documents/Agenda_3_28_2013.pdf
2026-02-25 12:30:17,899 INFO [depth=5] Crawling: http://www.elections.maryland.gov/about/documents/Agenda_1_31_2013.pdf
2026-02-25 12:30:19,153 INFO [depth=5] Crawling: http://www.elections.maryland.gov/about/documents/Agenda_12_6_2012.pdf
2026-02-25 12:30:20,621 INFO [depth=5] Crawling: http://www.elections.maryland.gov/pdf/minutes/Agenda_10_25_2012_meeting.pdf
2026-02-25 12:30:21,829 INFO [depth=5] Crawling: http://www.elections.maryland.gov/pdf/minutes/Agenda_9_27_2012_meeting.pdf
2026-02-25 12:30:23,287 INFO [depth=5] Crawling: http://www.elections.maryland.gov/about/documents/Agenda_8_23_2012.pdf
2026-02-25 12:30:24,491 INFO [depth=5] Crawling: http://www.elections.maryland.gov/about/documents/Agenda_6_28_2012.pdf
2026-02-25 12:30:25,856 INFO [depth=5] Crawling: http://www.elections.maryland.gov/about/documents/Agenda_5_24_2012.pdf
2026-02-25 12:30:27,136 INFO [depth=5] Crawling: http://www.elections.maryland.gov/about/documents/Agenda_3_12_2012.pdf
2026-02-25 12:30:28,501 INFO [depth=5] Crawling: http://www.elections.maryland.gov/about/documents/Agenda_2_23_2012.pdf
2026-02-25 12:30:29,941 INFO [depth=5] Crawling: http://www.elections.maryland.gov/about/documents/Agenda_12_19_2011.pdf
2026-02-25 12:30:31,155 INFO [depth=5] Crawling: http://www.elections.maryland.gov/about/documents/Agenda_11_10_2011.pdf
2026-02-25 12:30:32,397 INFO [depth=5] Crawling: http://www.elections.maryland.gov/about/documents/Agenda_9_22_2011.pdf
2026-02-25 12:30:33,595 INFO [depth=5] Crawling: http://www.elections.maryland.gov/about/documents/Agenda_8_25_2011.pdf
2026-02-25 12:30:35,262 INFO [depth=5] Crawling: http://www.elections.maryland.gov/about/documents/Agenda_7_28_2011.pdf
2026-02-25 12:30:36,567 INFO [depth=5] Crawling: http://www.elections.maryland.gov/about/documents/Agenda_6_30_2011.pdf
2026-02-25 12:30:37,923 INFO [depth=5] Crawling: http://www.elections.maryland.gov/about/documents/Agenda_4_28_2011.pdf
2026-02-25 12:30:39,214 INFO [depth=5] Crawling: http://www.elections.maryland.gov/about/documents/Agenda_3_24_2011.pdf
2026-02-25 12:30:40,930 INFO [depth=5] Crawling: http://www.elections.maryland.gov/about/documents/Agenda_2_10_2011.pdf
2026-02-25 12:30:42,480 INFO [depth=5] Crawling: http://www.elections.maryland.gov/pdf/minutes/Agenda_12_14_2010.pdf
2026-02-25 12:30:44,092 INFO [depth=5] Crawling: http://www.elections.maryland.gov/pdf/minutes/Agenda_9_27.pdf
2026-02-25 12:30:45,737 INFO [depth=5] Crawling: http://www.elections.maryland.gov/about/documents/Agenda_8_5.pdf
2026-02-25 12:30:47,303 INFO [depth=5] Crawling: http://www.elections.maryland.gov/about/documents/Agenda_6_3.pdf
2026-02-25 12:30:49,035 INFO [depth=5] Crawling: http://www.elections.maryland.gov/about/documents/Agenda_4_29.pdf
2026-02-25 12:30:50,360 INFO [depth=5] Crawling: http://www.elections.maryland.gov/about/documents/Agenda_3_25.pdf
2026-02-25 12:30:52,847 INFO [depth=5] Crawling: http://www.elections.maryland.gov/pdf/minutes/Agenda_2_25_meeting.pdf
2026-02-25 12:30:54,820 INFO [depth=5] Crawling: http://www.elections.maryland.gov/pdf/minutes/Agenda_1_28_2010_meeting.pdf
2026-02-25 12:30:56,696 INFO [depth=5] Crawling: http://www.elections.maryland.gov/pdf/minutes/Agenda_12_17_meeting.pdf
2026-02-25 12:30:57,967 INFO [depth=5] Crawling: http://www.elections.maryland.gov/pdf/minutes/Agenda_10_22_meeting.pdf
2026-02-25 12:30:59,197 INFO [depth=5] Crawling: http://www.elections.maryland.gov/pdf/minutes/Agenda_9_24_Meeting.pdf
2026-02-25 12:31:00,807 INFO [depth=5] Crawling: http://www.elections.maryland.gov/pdf/minutes/Agenda_7_23_meeting.pdf
2026-02-25 12:31:02,267 INFO [depth=5] Crawling: http://www.elections.maryland.gov/pdf/minutes/Agenda_5_28_meeting.pdf
2026-02-25 12:31:03,591 INFO [depth=5] Crawling: http://www.elections.maryland.gov/pdf/minutes/Agenda_4_22_meeting.pdf
2026-02-25 12:31:05,032 INFO [depth=5] Crawling: http://www.elections.maryland.gov/pdf/minutes/Agenda_3_26_meeting.pdf
2026-02-25 12:31:06,782 INFO [depth=5] Crawling: http://www.elections.maryland.gov/pdf/minutes/2016_12.pdf
2026-02-25 12:31:08,412 INFO [depth=5] Crawling: http://www.elections.maryland.gov/pdf/minutes/2016_10.pdf
2026-02-25 12:31:10,052 INFO [depth=5] Crawling: http://www.elections.maryland.gov/pdf/minutes/2016_09_29.pdf
2026-02-25 12:31:11,992 INFO [depth=5] Crawling: http://www.elections.maryland.gov/pdf/minutes/2016_09_14.pdf
2026-02-25 12:31:14,044 INFO [depth=5] Crawling: http://www.elections.maryland.gov/pdf/minutes/2016_09_08.pdf
2026-02-25 12:31:15,725 INFO [depth=5] Crawling: http://www.elections.maryland.gov/pdf/minutes/2016_08.pdf
2026-02-25 12:31:18,454 INFO [depth=5] Crawling: http://www.elections.maryland.gov/pdf/minutes/2016_07.pdf
2026-02-25 12:31:21,820 INFO [depth=5] Crawling: http://www.elections.maryland.gov/pdf/minutes/2016_06.pdf
2026-02-25 12:31:23,362 INFO [depth=5] Crawling: http://www.elections.maryland.gov/pdf/minutes/2016_05.pdf
2026-02-25 12:31:25,202 INFO [depth=5] Crawling: http://www.elections.maryland.gov/pdf/minutes/2016_03_24.pdf
2026-02-25 12:31:27,930 INFO [depth=5] Crawling: http://www.elections.maryland.gov/pdf/minutes/2016_03_04.pdf
2026-02-25 12:31:30,631 INFO [depth=5] Crawling: http://www.elections.maryland.gov/pdf/minutes/2016_02.pdf
2026-02-25 12:31:33,703 INFO [depth=5] Crawling: http://www.elections.maryland.gov/pdf/minutes/2016_02_04.pdf
2026-02-25 12:31:34,893 INFO [depth=5] Crawling: http://www.elections.maryland.gov/pdf/minutes/2016_01.pdf
2026-02-25 12:31:36,372 INFO [depth=5] Crawling: http://www.elections.maryland.gov/pdf/minutes/2015_11.pdf
2026-02-25 12:31:38,084 INFO [depth=5] Crawling: http://www.elections.maryland.gov/pdf/minutes/2015_10_23.pdf
2026-02-25 12:31:40,698 INFO [depth=5] Crawling: http://www.elections.maryland.gov/pdf/minutes/2015_10_15.pdf
2026-02-25 12:31:41,997 INFO [depth=5] Crawling: http://www.elections.maryland.gov/pdf/minutes/2015_09.pdf
2026-02-25 12:31:43,292 INFO [depth=5] Crawling: http://www.elections.maryland.gov/pdf/minutes/2015_08.pdf
2026-02-25 12:31:44,550 INFO [depth=5] Crawling: http://www.elections.maryland.gov/pdf/minutes/2015_07.pdf
2026-02-25 12:31:46,008 INFO [depth=5] Crawling: http://www.elections.maryland.gov/pdf/minutes/2015_05.pdf
2026-02-25 12:31:48,353 INFO [depth=5] Crawling: http://www.elections.maryland.gov/pdf/minutes/2015_04.pdf
2026-02-25 12:31:49,703 INFO [depth=5] Crawling: http://www.elections.maryland.gov/pdf/minutes/2015_03.pdf
2026-02-25 12:31:50,939 INFO [depth=5] Crawling: http://www.elections.maryland.gov/pdf/minutes/2015_01.pdf
2026-02-25 12:31:52,314 INFO [depth=5] Crawling: http://www.elections.maryland.gov/pdf/minutes/2014_12.pdf
2026-02-25 12:31:54,029 INFO [depth=5] Crawling: http://www.elections.maryland.gov/pdf/minutes/2014_10.pdf
2026-02-25 12:31:55,284 INFO [depth=5] Crawling: http://www.elections.maryland.gov/pdf/minutes/2014_09.pdf
2026-02-25 12:31:56,696 INFO [depth=5] Crawling: http://www.elections.maryland.gov/pdf/minutes/2014_08.pdf
2026-02-25 12:31:57,975 INFO [depth=5] Crawling: http://www.elections.maryland.gov/pdf/minutes/2014_07.pdf
2026-02-25 12:31:59,230 INFO [depth=5] Crawling: http://www.elections.maryland.gov/pdf/minutes/2014_04.pdf
2026-02-25 12:32:00,659 INFO [depth=5] Crawling: http://www.elections.maryland.gov/pdf/minutes/2014_03.pdf
2026-02-25 12:32:02,353 INFO [depth=5] Crawling: http://www.elections.maryland.gov/pdf/minutes/2014_02.pdf
2026-02-25 12:32:03,613 INFO [depth=5] Crawling: http://www.elections.maryland.gov/pdf/minutes/2014_01.pdf
2026-02-25 12:32:04,933 INFO [depth=5] Crawling: http://www.elections.maryland.gov/pdf/minutes/2013_11.pdf
2026-02-25 12:32:06,473 INFO [depth=5] Crawling: http://www.elections.maryland.gov/pdf/minutes/2013_09.pdf
2026-02-25 12:32:08,030 INFO [depth=5] Crawling: http://www.elections.maryland.gov/pdf/minutes/2013_08.pdf
2026-02-25 12:32:09,275 INFO [depth=5] Crawling: http://www.elections.maryland.gov/pdf/minutes/2013_07.pdf
2026-02-25 12:32:10,513 INFO [depth=5] Crawling: http://www.elections.maryland.gov/pdf/minutes/2013_05.pdf
2026-02-25 12:32:11,684 INFO [depth=5] Crawling: http://www.elections.maryland.gov/pdf/minutes/2013_04.pdf
2026-02-25 12:32:12,995 INFO [depth=5] Crawling: http://www.elections.maryland.gov/pdf/minutes/2013_03.pdf
2026-02-25 12:32:14,341 INFO [depth=5] Crawling: http://www.elections.maryland.gov/pdf/minutes/2013_01.pdf
2026-02-25 12:32:15,736 INFO [depth=5] Crawling: http://www.elections.maryland.gov/pdf/minutes/2012_12.pdf
2026-02-25 12:32:16,936 INFO [depth=5] Crawling: http://www.elections.maryland.gov/pdf/minutes/2012_10.pdf
2026-02-25 12:32:18,653 INFO [depth=5] Crawling: http://www.elections.maryland.gov/pdf/minutes/2012_09.pdf
2026-02-25 12:32:19,886 INFO [depth=5] Crawling: http://www.elections.maryland.gov/pdf/minutes/2012_08.pdf
2026-02-25 12:32:21,121 INFO [depth=5] Crawling: http://www.elections.maryland.gov/pdf/minutes/2012_06.pdf
2026-02-25 12:32:22,244 INFO [depth=5] Crawling: http://www.elections.maryland.gov/pdf/minutes/2012_5.pdf
2026-02-25 12:32:23,691 INFO [depth=5] Crawling: http://www.elections.maryland.gov/pdf/minutes/2012_3.pdf
2026-02-25 12:32:25,028 INFO [depth=5] Crawling: http://www.elections.maryland.gov/pdf/minutes/2012_2.pdf
2026-02-25 12:32:26,395 INFO [depth=5] Crawling: http://www.elections.maryland.gov/pdf/minutes/2011_12.pdf
2026-02-25 12:32:27,830 INFO [depth=5] Crawling: http://www.elections.maryland.gov/pdf/minutes/2011_11.pdf
2026-02-25 12:32:29,134 INFO [depth=5] Crawling: http://www.elections.maryland.gov/pdf/minutes/2011_09.pdf
2026-02-25 12:32:30,481 INFO [depth=5] Crawling: http://www.elections.maryland.gov/pdf/minutes/2011_08.pdf
2026-02-25 12:32:31,937 INFO [depth=5] Crawling: http://www.elections.maryland.gov/pdf/minutes/2011_07.pdf
2026-02-25 12:32:33,563 INFO [depth=5] Crawling: http://www.elections.maryland.gov/pdf/minutes/2011_06.pdf
2026-02-25 12:32:34,713 INFO [depth=5] Crawling: http://www.elections.maryland.gov/pdf/minutes/2011_04.pdf
2026-02-25 12:32:36,004 INFO [depth=5] Crawling: http://www.elections.maryland.gov/pdf/minutes/2011_03.pdf
2026-02-25 12:32:37,391 INFO [depth=5] Crawling: http://www.elections.maryland.gov/pdf/minutes/2011_02.pdf
2026-02-25 12:32:38,861 INFO [depth=5] Crawling: http://www.elections.maryland.gov/pdf/minutes/2010_12.pdf
2026-02-25 12:32:40,321 INFO [depth=5] Crawling: http://www.elections.maryland.gov/pdf/minutes/2010_09.pdf
2026-02-25 12:32:41,558 INFO [depth=5] Crawling: http://www.elections.maryland.gov/pdf/minutes/2010_08.pdf
2026-02-25 12:32:42,990 INFO [depth=5] Crawling: http://www.elections.maryland.gov/pdf/minutes/2010_06.pdf
2026-02-25 12:32:44,305 INFO [depth=5] Crawling: http://www.elections.maryland.gov/pdf/minutes/2010_04.pdf
2026-02-25 12:32:45,494 INFO [depth=5] Crawling: http://www.elections.maryland.gov/pdf/minutes/2010_03.pdf
2026-02-25 12:32:46,744 INFO [depth=5] Crawling: http://www.elections.maryland.gov/pdf/minutes/2010_02.pdf
2026-02-25 12:32:48,080 INFO [depth=5] Crawling: http://www.elections.maryland.gov/pdf/minutes/2010_01.pdf
2026-02-25 12:32:50,256 INFO [depth=5] Crawling: http://www.elections.maryland.gov/pdf/minutes/2009_12.pdf
2026-02-25 12:32:51,496 INFO [depth=5] Crawling: http://www.elections.maryland.gov/pdf/minutes/2009_10.pdf
2026-02-25 12:32:52,655 INFO [depth=5] Crawling: http://www.elections.maryland.gov/pdf/minutes/2009_09.pdf
2026-02-25 12:32:53,935 INFO [depth=5] Crawling: http://www.elections.maryland.gov/pdf/minutes/2009_07.pdf
2026-02-25 12:32:55,028 INFO [depth=5] Crawling: http://www.elections.maryland.gov/pdf/minutes/2009_05.pdf
2026-02-25 12:32:56,470 INFO [depth=5] Crawling: http://www.elections.maryland.gov/pdf/minutes/2009_04.pdf
2026-02-25 12:32:57,585 INFO [depth=5] Crawling: http://www.elections.maryland.gov/pdf/minutes/2009_03.pdf
2026-02-25 12:32:58,840 INFO [depth=5] Crawling: http://www.elections.maryland.gov/pdf/minutes/2008_12.pdf
2026-02-25 12:33:00,044 INFO [depth=5] Crawling: http://www.elections.maryland.gov/pdf/minutes/2008_10.pdf
2026-02-25 12:33:01,560 INFO [depth=5] Crawling: http://www.elections.maryland.gov/pdf/minutes/2008_09.pdf
2026-02-25 12:33:02,779 INFO [depth=5] Crawling: http://www.elections.maryland.gov/pdf/minutes/2008_08.pdf
2026-02-25 12:33:04,414 INFO [depth=5] Crawling: http://www.elections.maryland.gov/pdf/minutes/2008_07.pdf
2026-02-25 12:33:05,758 INFO [depth=5] Crawling: http://www.elections.maryland.gov/pdf/minutes/2008_05.pdf
2026-02-25 12:33:07,017 INFO [depth=5] Crawling: http://www.elections.maryland.gov/pdf/minutes/2008_04.pdf
2026-02-25 12:33:08,549 INFO [depth=5] Crawling: http://www.elections.maryland.gov/pdf/minutes/2008_02.pdf
2026-02-25 12:33:09,911 INFO [depth=5] Crawling: http://www.elections.maryland.gov/pdf/minutes/2008_01.pdf
2026-02-25 12:33:11,142 INFO [depth=5] Crawling: http://www.elections.maryland.gov/pdf/minutes/2007_12.pdf
2026-02-25 12:33:12,383 INFO [depth=5] Crawling: http://www.elections.maryland.gov/pdf/minutes/2007_11.pdf
2026-02-25 12:33:13,686 INFO [depth=5] Crawling: http://www.elections.maryland.gov/pdf/minutes/2007_10.pdf
2026-02-25 12:33:14,853 INFO [depth=5] Crawling: http://www.elections.maryland.gov/pdf/minutes/2007_08.pdf
2026-02-25 12:33:16,061 INFO [depth=5] Crawling: http://www.elections.maryland.gov/pdf/minutes/2007_07.pdf
2026-02-25 12:33:17,348 INFO [depth=5] Crawling: http://www.elections.maryland.gov/pdf/minutes/2007_05.pdf
2026-02-25 12:33:18,469 INFO [depth=5] Crawling: http://www.elections.maryland.gov/pdf/minutes/2007_04.pdf
2026-02-25 12:33:19,656 INFO [depth=5] Crawling: http://www.elections.maryland.gov/pdf/minutes/2007_03.pdf
2026-02-25 12:33:20,836 INFO [depth=5] Crawling: http://www.elections.maryland.gov/pdf/minutes/2007_02.pdf
2026-02-25 12:33:22,042 INFO [depth=5] Crawling: http://www.elections.maryland.gov/pdf/minutes/2007_01.pdf
2026-02-25 12:33:23,320 INFO [depth=5] Crawling: http://www.elections.maryland.gov/pdf/minutes/2006_11.pdf
2026-02-25 12:33:24,507 INFO [depth=5] Crawling: http://www.elections.maryland.gov/pdf/minutes/2006_10.pdf
2026-02-25 12:33:26,037 INFO [depth=5] Crawling: http://www.elections.maryland.gov/pdf/minutes/2006_09.pdf
2026-02-25 12:33:27,647 INFO [depth=5] Crawling: http://www.elections.maryland.gov/pdf/minutes/2006_08.pdf
2026-02-25 12:33:29,058 INFO [depth=5] Crawling: http://www.elections.maryland.gov/pdf/Minutes_07-24-2006.pdf
2026-02-25 12:33:30,345 INFO [depth=5] Crawling: http://www.elections.maryland.gov/pdf/Minutes_07-06-2006.pdf
2026-02-25 12:33:31,516 INFO [depth=5] Crawling: http://www.elections.maryland.gov/pdf/Minutes_06-2006.pdf
2026-02-25 12:33:32,743 INFO [depth=5] Crawling: http://www.elections.maryland.gov/pdf/pollbook_briefing_5-31.pdf
2026-02-25 12:33:34,004 INFO [depth=5] Crawling: http://www.elections.maryland.gov/pdf/Minutes_05-2006.pdf
2026-02-25 12:33:35,178 INFO [depth=5] Crawling: http://www.elections.maryland.gov/pdf/Minutes_3-06.pdf
2026-02-25 12:33:36,483 INFO [depth=5] Crawling: http://www.elections.maryland.gov/pdf/Minutes_2-06.pdf
2026-02-25 12:33:37,631 INFO [depth=5] Crawling: http://www.elections.maryland.gov/pdf/Minutes_01-19-2006.pdf
2026-02-25 12:33:38,770 INFO [depth=5] Crawling: http://www.elections.maryland.gov/pdf/Minutes_12-05.pdf
2026-02-25 12:33:40,141 INFO [depth=5] Crawling: http://www.elections.maryland.gov/pdf/Nov_2005.pdf
2026-02-25 12:33:41,664 INFO [depth=5] Crawling: http://www.elections.maryland.gov/pdf/minutes/10-05_Minutes.pdf
2026-02-25 12:33:43,066 INFO [depth=5] Crawling: http://www.elections.maryland.gov/pdf/Minutes0805.pdf
2026-02-25 12:33:44,434 INFO [depth=5] Crawling: http://www.elections.maryland.gov/pdf/Minutes_07-05.pdf
2026-02-25 12:33:45,959 INFO [depth=5] Crawling: http://www.elections.maryland.gov/pdf/minutes_June-13-2005-final.pdf
2026-02-25 12:33:47,955 INFO [depth=5] Crawling: http://www.elections.maryland.gov/pdf/minutes/2005_04.pdf
2026-02-25 12:33:49,333 INFO [depth=5] Crawling: http://www.elections.maryland.gov/pdf/minutes/2005_03_revised.pdf
2026-02-25 12:33:50,584 INFO [depth=5] Crawling: http://www.elections.maryland.gov/pdf/minutes/2005_02.pdf
2026-02-25 12:33:52,065 INFO [depth=5] Crawling: http://www.elections.maryland.gov/pdf/minutes/2005_01.pdf
2026-02-25 12:33:53,380 INFO [depth=5] Crawling: http://www.elections.maryland.gov/pdf/minutes/2004_11_Revised.pdf
2026-02-25 12:33:54,736 INFO [depth=5] Crawling: http://www.elections.maryland.gov/pdf/minutes/2004_10.pdf
2026-02-25 12:33:56,180 INFO [depth=5] Crawling: http://www.elections.maryland.gov/pdf/minutes/2004_09.pdf
2026-02-25 12:33:57,780 INFO [depth=5] Crawling: http://www.elections.maryland.gov/pdf/Minutes_08102004.pdf
2026-02-25 12:33:58,937 INFO [depth=5] Crawling: http://www.elections.maryland.gov/pdf/minutes/2004_07.pdf
2026-02-25 12:34:00,352 INFO [depth=5] Crawling: http://www.elections.maryland.gov/pdf/minutes/2004_05.pdf
2026-02-25 12:34:01,581 INFO [depth=5] Crawling: http://www.elections.maryland.gov/pdf/minutes/2004_04.pdf
2026-02-25 12:34:02,937 INFO [depth=5] Crawling: http://www.elections.maryland.gov/pdf/minutes/2004_03.pdf
2026-02-25 12:34:04,240 INFO [depth=5] Crawling: http://www.elections.maryland.gov/pdf/minutes/2004_02.pdf
2026-02-25 12:34:05,464 INFO [depth=5] Crawling: http://www.elections.maryland.gov/pdf/minutes/2004_01.pdf
2026-02-25 12:34:06,633 INFO [depth=5] Crawling: http://www.elections.maryland.gov/pdf/minutes/2003_12.pdf
2026-02-25 12:34:07,839 INFO [depth=5] Crawling: http://www.elections.maryland.gov/pdf/minutes/2003_11.pdf
2026-02-25 12:34:09,084 INFO [depth=5] Crawling: http://www.elections.maryland.gov/pdf/minutes/2003_10.pdf
2026-02-25 12:34:10,304 INFO [depth=5] Crawling: http://www.elections.maryland.gov/pdf/minutes/2003_09.pdf
2026-02-25 12:34:11,638 INFO [depth=5] Crawling: http://www.elections.maryland.gov/pdf/minutes/2003_08.pdf
2026-02-25 12:34:12,828 INFO [depth=5] Crawling: http://www.elections.maryland.gov/pdf/minutes/2003_07.pdf
2026-02-25 12:34:14,006 INFO [depth=5] Crawling: http://elections.maryland.gov/voter_registration/documents/VR_List_Maintenance.pdf
2026-02-25 12:34:15,177 INFO [depth=5] Crawling: http://elections.maryland.gov/voter_registration/data_form.html
2026-02-25 12:34:16,187 INFO [depth=5] Crawling: http://elections.maryland.gov/voter_registration/documents/VR_List_Request_Form.pdf
2026-02-25 12:34:17,349 INFO [depth=5] Crawling: http://elections.maryland.gov/get_involved/Key_Award_Application.pdf
2026-02-25 12:34:18,534 INFO [depth=5] Crawling: https://www.elections.maryland.gov/get_involved/high_school_contest.html
2026-02-25 12:34:19,455 INFO [depth=5] Crawling: https://www.elections.maryland.gov/voting/municipal_results.html
2026-02-25 12:34:19,564 INFO HTTP 404 — marking failed: https://www.elections.maryland.gov/voting/municipal_results.html
2026-02-25 12:34:19,564 INFO [depth=5] Crawling: https://www.elections.maryland.gov/voting/documents/HowMDVotes.pdf
2026-02-25 12:34:20,521 INFO [depth=5] Crawling: https://www.elections.maryland.gov/voting/documents/HowMDVotes_Spanish.pdf
2026-02-25 12:34:21,527 INFO [depth=5] Crawling: https://www.elections.maryland.gov/get_involved/challenger_watcher.html
2026-02-25 12:34:22,465 INFO [depth=5] Crawling: https://www.elections.maryland.gov/voting_system/learn_about_the_new_voting_system.html
2026-02-25 12:34:23,376 INFO [depth=5] Crawling: https://www.elections.maryland.gov/voting_system/how_to_vote.html
2026-02-25 12:34:24,292 INFO [depth=5] Crawling: https://www.elections.maryland.gov/voting_system/ballot_audit_plan.html
2026-02-25 12:34:25,229 INFO [depth=5] Crawling: https://www.elections.maryland.gov/voting_system/voting_equipment.html
2026-02-25 12:34:26,240 INFO [depth=5] Crawling: https://www.elections.maryland.gov/voting_system/procurement.html
2026-02-25 12:34:27,148 INFO [depth=5] Crawling: https://www.elections.maryland.gov/overseas_voters/voter_registration.html
2026-02-25 12:34:28,056 INFO [depth=5] Crawling: https://www.elections.maryland.gov/overseas_voters/absentee.html
2026-02-25 12:34:28,990 INFO [depth=5] Crawling: https://www.elections.maryland.gov/overseas_voters/other_information.html
2026-02-25 12:34:29,948 INFO [depth=5] Crawling: https://www.elections.maryland.gov/voter_registration/students.html
2026-02-25 12:34:31,007 INFO [depth=5] Crawling: https://www.elections.maryland.gov/voter_registration/list_maintenance.html
2026-02-25 12:34:32,074 INFO [depth=5] Crawling: https://www.elections.maryland.gov/voter_registration/data.html
2026-02-25 12:34:32,993 INFO [depth=5] Crawling: https://www.elections.maryland.gov/voter_registration/documents/Online Voter Cancellation Form.pdf
2026-02-25 12:34:34,103 INFO [depth=5] Crawling: https://www.elections.maryland.gov/voter_registration/documents/NVRA_Power_Point_Training.pptx
2026-02-25 12:34:34,441 ERROR parsed tree length: 1, wrong data type or not valid HTML
2026-02-25 12:34:34,450 ERROR parsed tree length: 1, wrong data type or not valid HTML
2026-02-25 12:34:34,450 ERROR empty HTML tree: None
2026-02-25 12:34:34,450 WARNING discarding data: None
2026-02-25 12:34:35,242 INFO [depth=5] Crawling: https://www.elections.maryland.gov/voter_registration/documents/Waiting Room Poster.pdf
2026-02-25 12:34:36,336 INFO [depth=5] Crawling: https://www.elections.maryland.gov/voter_registration/documents/transmittal form.doc
2026-02-25 12:34:37,363 INFO [depth=5] Crawling: https://www.elections.maryland.gov/voter_registration/documents/sample declination form.doc
2026-02-25 12:34:38,457 INFO [depth=5] Crawling: https://www.elections.maryland.gov/voter_registration/documents/VRA-English.pdf
2026-02-25 12:34:39,670 INFO [depth=5] Crawling: https://www.elections.maryland.gov/voter_registration/documents/VRA-Spanish.pdf
2026-02-25 12:34:40,920 INFO [depth=5] Crawling: https://www.elections.maryland.gov/voter_registration/documents/VRA-Amharic.pdf
2026-02-25 12:34:42,163 INFO [depth=5] Crawling: https://www.elections.maryland.gov/voter_registration/documents/VRA-TraditionalChinese.pdf
2026-02-25 12:34:43,342 INFO [depth=5] Crawling: https://www.elections.maryland.gov/voter_registration/documents/VRA-SimplifiedChinese.pdf
2026-02-25 12:34:44,498 INFO [depth=5] Crawling: https://www.elections.maryland.gov/voter_registration/documents/VRA-Vietnamese.pdf
2026-02-25 12:34:45,553 INFO [depth=5] Crawling: https://www.elections.maryland.gov/pdf/vrar/MSR-2026_01.pdf
2026-02-25 12:34:46,880 INFO [depth=5] Crawling: https://www.elections.maryland.gov/pdf/vrar/MSR-2025_01.pdf
2026-02-25 12:34:48,120 INFO [depth=5] Crawling: https://www.elections.maryland.gov/pdf/vrar/MSR-2025_02.pdf
2026-02-25 12:34:49,170 INFO [depth=5] Crawling: https://www.elections.maryland.gov/pdf/vrar/MSR-2025_03.pdf
2026-02-25 12:34:50,330 INFO [depth=5] Crawling: https://www.elections.maryland.gov/pdf/vrar/MSR-2025_04.pdf
2026-02-25 12:34:51,464 INFO [depth=5] Crawling: https://www.elections.maryland.gov/pdf/vrar/MSR-2025_05.pdf
2026-02-25 12:34:52,714 INFO [depth=5] Crawling: https://www.elections.maryland.gov/pdf/vrar/MSR-2025_06.pdf
2026-02-25 12:34:53,855 INFO [depth=5] Crawling: https://www.elections.maryland.gov/pdf/vrar/MSR-2025_07.pdf
2026-02-25 12:34:55,148 INFO [depth=5] Crawling: https://www.elections.maryland.gov/pdf/vrar/MSR-2025_08.pdf
2026-02-25 12:34:56,183 INFO [depth=5] Crawling: https://www.elections.maryland.gov/pdf/vrar/MSR-2025_09.pdf
2026-02-25 12:34:57,246 INFO [depth=5] Crawling: https://www.elections.maryland.gov/pdf/vrar/MSR-2025_10.pdf
2026-02-25 12:34:58,240 INFO [depth=5] Crawling: https://www.elections.maryland.gov/pdf/vrar/MSR-2025_11.pdf
2026-02-25 12:34:59,509 INFO [depth=5] Crawling: https://www.elections.maryland.gov/pdf/vrar/MSR-2025_12.pdf
2026-02-25 12:35:00,658 INFO [depth=5] Crawling: https://www.elections.maryland.gov/pdf/vrar/MSR-2024_01.pdf
2026-02-25 12:35:01,665 INFO [depth=5] Crawling: https://www.elections.maryland.gov/pdf/vrar/MSR-2024_02.pdf
2026-02-25 12:35:02,737 INFO [depth=5] Crawling: https://www.elections.maryland.gov/pdf/vrar/MSR-2024_03.pdf
2026-02-25 12:35:03,854 INFO [depth=5] Crawling: https://www.elections.maryland.gov/pdf/vrar/MSR-2024_04.pdf
2026-02-25 12:35:04,993 INFO [depth=5] Crawling: https://www.elections.maryland.gov/pdf/vrar/MSR-2024_05.pdf
2026-02-25 12:35:05,997 INFO [depth=5] Crawling: https://www.elections.maryland.gov/pdf/vrar/MSR-2024_06.pdf
2026-02-25 12:35:07,208 INFO [depth=5] Crawling: https://www.elections.maryland.gov/pdf/vrar/MSR-2024_07.pdf
2026-02-25 12:35:08,401 INFO [depth=5] Crawling: https://www.elections.maryland.gov/pdf/vrar/MSR-2024_08.pdf
2026-02-25 12:35:09,744 INFO [depth=5] Crawling: https://www.elections.maryland.gov/pdf/vrar/MSR-2024_09.pdf
2026-02-25 12:35:10,991 INFO [depth=5] Crawling: https://www.elections.maryland.gov/pdf/vrar/MSR-2024_10.pdf
2026-02-25 12:35:12,180 INFO [depth=5] Crawling: https://www.elections.maryland.gov/pdf/vrar/MSR-2024_11.pdf
2026-02-25 12:35:13,287 INFO [depth=5] Crawling: https://www.elections.maryland.gov/pdf/vrar/MSR-2024_12.pdf
2026-02-25 12:35:14,473 INFO [depth=5] Crawling: https://www.elections.maryland.gov/pdf/vrar/MSR-2024.pdf
2026-02-25 12:35:15,634 INFO [depth=5] Crawling: https://www.elections.maryland.gov/pdf/vrar/MSR-2023_01.pdf
2026-02-25 12:35:16,947 INFO [depth=5] Crawling: https://www.elections.maryland.gov/pdf/vrar/MSR-2023_02.pdf
2026-02-25 12:35:18,035 INFO [depth=5] Crawling: https://www.elections.maryland.gov/pdf/vrar/MSR-2023_03.pdf
2026-02-25 12:35:19,601 INFO [depth=5] Crawling: https://www.elections.maryland.gov/pdf/vrar/MSR-2023_04.pdf
2026-02-25 12:35:20,784 INFO [depth=5] Crawling: https://www.elections.maryland.gov/pdf/vrar/MSR-2023_05.pdf
2026-02-25 12:35:21,885 INFO [depth=5] Crawling: https://www.elections.maryland.gov/pdf/vrar/MSR-2023_06.pdf
2026-02-25 12:35:22,930 INFO [depth=5] Crawling: https://www.elections.maryland.gov/pdf/vrar/MSR-2023_07.pdf
2026-02-25 12:35:24,299 INFO [depth=5] Crawling: https://www.elections.maryland.gov/pdf/vrar/MSR-2023_08.pdf
2026-02-25 12:35:25,523 INFO [depth=5] Crawling: https://www.elections.maryland.gov/pdf/vrar/MSR-2023_09.pdf
2026-02-25 12:35:26,524 INFO [depth=5] Crawling: https://www.elections.maryland.gov/pdf/vrar/MSR-2023_10.pdf
2026-02-25 12:35:27,737 INFO [depth=5] Crawling: https://www.elections.maryland.gov/pdf/vrar/MSR-2023_11.pdf
2026-02-25 12:35:28,862 INFO [depth=5] Crawling: https://www.elections.maryland.gov/pdf/vrar/MSR-2023_12.pdf
2026-02-25 12:35:30,148 INFO [depth=5] Crawling: https://www.elections.maryland.gov/pdf/vrar/MSR-2023.pdf
2026-02-25 12:35:31,178 INFO [depth=5] Crawling: https://www.elections.maryland.gov/pdf/vrar/MSR-2022_01.pdf
2026-02-25 12:35:32,258 INFO [depth=5] Crawling: https://www.elections.maryland.gov/pdf/vrar/MSR-2022_02.pdf
2026-02-25 12:35:33,608 INFO [depth=5] Crawling: https://www.elections.maryland.gov/pdf/vrar/MSR-2022_03.pdf
2026-02-25 12:35:34,963 INFO [depth=5] Crawling: https://www.elections.maryland.gov/pdf/vrar/MSR-2022_04.pdf
2026-02-25 12:35:36,070 INFO [depth=5] Crawling: https://www.elections.maryland.gov/pdf/vrar/MSR-2022_05.pdf
2026-02-25 12:35:37,519 INFO [depth=5] Crawling: https://www.elections.maryland.gov/pdf/vrar/MSR-2022_06.pdf
2026-02-25 12:35:38,789 INFO [depth=5] Crawling: https://www.elections.maryland.gov/pdf/vrar/MSR-2022_07.pdf
2026-02-25 12:35:40,385 INFO [depth=5] Crawling: https://www.elections.maryland.gov/pdf/vrar/MSR-2022_08.pdf
2026-02-25 12:35:41,541 INFO [depth=5] Crawling: https://www.elections.maryland.gov/pdf/vrar/MSR-2022_09.pdf
2026-02-25 12:35:42,663 INFO [depth=5] Crawling: https://www.elections.maryland.gov/pdf/vrar/MSR-2022_10.pdf
2026-02-25 12:35:44,204 INFO [depth=5] Crawling: https://www.elections.maryland.gov/pdf/vrar/MSR-2022_11.pdf
2026-02-25 12:35:45,378 INFO [depth=5] Crawling: https://www.elections.maryland.gov/pdf/vrar/MSR-2022_12.pdf
2026-02-25 12:35:46,595 INFO [depth=5] Crawling: https://www.elections.maryland.gov/pdf/vrar/MSR-2022.pdf
2026-02-25 12:35:47,685 INFO [depth=5] Crawling: https://www.elections.maryland.gov/pdf/vrar/MSR-2021_01.pdf
2026-02-25 12:35:49,164 INFO [depth=5] Crawling: https://www.elections.maryland.gov/pdf/vrar/MSR-2021_02.pdf
2026-02-25 12:35:50,986 INFO [depth=5] Crawling: https://www.elections.maryland.gov/pdf/vrar/MSR-2021_03.pdf
2026-02-25 12:35:52,179 INFO [depth=5] Crawling: https://www.elections.maryland.gov/pdf/vrar/MSR-2021_04.pdf
2026-02-25 12:35:53,310 INFO [depth=5] Crawling: https://www.elections.maryland.gov/pdf/vrar/MSR-2021_05.pdf
2026-02-25 12:35:54,648 INFO [depth=5] Crawling: https://www.elections.maryland.gov/pdf/vrar/MSR-2021_06.pdf
2026-02-25 12:35:55,982 INFO [depth=5] Crawling: https://www.elections.maryland.gov/pdf/vrar/MSR-2021_07.pdf
2026-02-25 12:35:57,025 INFO [depth=5] Crawling: https://www.elections.maryland.gov/pdf/vrar/MSR-2021_08.pdf
2026-02-25 12:35:58,148 INFO [depth=5] Crawling: https://www.elections.maryland.gov/pdf/vrar/MSR-2021_09.pdf
2026-02-25 12:35:59,193 INFO [depth=5] Crawling: https://www.elections.maryland.gov/pdf/vrar/MSR-2021_10.pdf
2026-02-25 12:36:00,811 INFO [depth=5] Crawling: https://www.elections.maryland.gov/pdf/vrar/MSR-2021_11.pdf
2026-02-25 12:36:01,959 INFO [depth=5] Crawling: https://www.elections.maryland.gov/pdf/vrar/MSR-2021_12.pdf
2026-02-25 12:36:03,910 INFO [depth=5] Crawling: https://www.elections.maryland.gov/pdf/vrar/MSR-2021.pdf
2026-02-25 12:36:04,967 INFO [depth=5] Crawling: https://www.elections.maryland.gov/pdf/vrar/MSR-2020_01.pdf
2026-02-25 12:36:06,030 INFO [depth=5] Crawling: https://www.elections.maryland.gov/pdf/vrar/MSR-2020_02.pdf
2026-02-25 12:36:07,185 INFO [depth=5] Crawling: https://www.elections.maryland.gov/pdf/vrar/MSR-2020_03.pdf
2026-02-25 12:36:08,248 INFO [depth=5] Crawling: https://www.elections.maryland.gov/pdf/vrar/MSR-2020_04.pdf
2026-02-25 12:36:09,263 INFO [depth=5] Crawling: https://www.elections.maryland.gov/pdf/vrar/MSR-2020_05.pdf
2026-02-25 12:36:11,763 INFO [depth=5] Crawling: https://www.elections.maryland.gov/pdf/vrar/MSR-2020_06.pdf
2026-02-25 12:36:12,823 INFO [depth=5] Crawling: https://www.elections.maryland.gov/pdf/vrar/MSR-2020_07.pdf
2026-02-25 12:36:14,075 INFO [depth=5] Crawling: https://www.elections.maryland.gov/pdf/vrar/MSR-2020_08.pdf
2026-02-25 12:36:15,252 INFO [depth=5] Crawling: https://www.elections.maryland.gov/pdf/vrar/MSR-2020_09.pdf
2026-02-25 12:36:16,245 INFO [depth=5] Crawling: https://www.elections.maryland.gov/pdf/vrar/MSR-2020_10.pdf
2026-02-25 12:36:17,262 INFO [depth=5] Crawling: https://www.elections.maryland.gov/pdf/vrar/MSR-2020_11.pdf
2026-02-25 12:36:18,236 INFO [depth=5] Crawling: https://www.elections.maryland.gov/pdf/vrar/MSR-2020_12.pdf
2026-02-25 12:36:20,218 INFO [depth=5] Crawling: https://www.elections.maryland.gov/pdf/vrar/MSR-2020.pdf
2026-02-25 12:36:21,206 INFO [depth=5] Crawling: https://www.elections.maryland.gov/pdf/vrar/MSR-2019_01.pdf
2026-02-25 12:36:22,318 INFO [depth=5] Crawling: https://www.elections.maryland.gov/pdf/vrar/MSR-2019_02.pdf
2026-02-25 12:36:23,420 INFO [depth=5] Crawling: https://www.elections.maryland.gov/pdf/vrar/MSR-2019_03.pdf
2026-02-25 12:36:24,456 INFO [depth=5] Crawling: https://www.elections.maryland.gov/pdf/vrar/MSR-2019_04.pdf
2026-02-25 12:36:25,432 INFO [depth=5] Crawling: https://www.elections.maryland.gov/pdf/vrar/MSR-2019_05.pdf
2026-02-25 12:36:26,429 INFO [depth=5] Crawling: https://www.elections.maryland.gov/pdf/vrar/MSR-2019_06.pdf
2026-02-25 12:36:27,513 INFO [depth=5] Crawling: https://www.elections.maryland.gov/pdf/vrar/MSR-2019_07.pdf
2026-02-25 12:36:28,697 INFO [depth=5] Crawling: https://www.elections.maryland.gov/pdf/vrar/MSR-2019_08.pdf
2026-02-25 12:36:29,862 INFO [depth=5] Crawling: https://www.elections.maryland.gov/pdf/vrar/MSR-2019_09.pdf
2026-02-25 12:36:31,063 INFO [depth=5] Crawling: https://www.elections.maryland.gov/pdf/vrar/MSR-2019_10.pdf
2026-02-25 12:36:32,185 INFO [depth=5] Crawling: https://www.elections.maryland.gov/pdf/vrar/MSR-2019_11.pdf
2026-02-25 12:36:33,277 INFO [depth=5] Crawling: https://www.elections.maryland.gov/pdf/vrar/MSR-2019_12.pdf
2026-02-25 12:36:34,346 INFO [depth=5] Crawling: https://www.elections.maryland.gov/pdf/vrar/MSR-2019.pdf
2026-02-25 12:36:35,570 INFO [depth=5] Crawling: https://www.elections.maryland.gov/pdf/vrar/MSR-2018_01.pdf
2026-02-25 12:36:36,681 INFO [depth=5] Crawling: https://www.elections.maryland.gov/pdf/vrar/MSR-2018_02.pdf
2026-02-25 12:36:37,686 INFO [depth=5] Crawling: https://www.elections.maryland.gov/pdf/vrar/MSR-2018_03.pdf
2026-02-25 12:36:38,796 INFO [depth=5] Crawling: https://www.elections.maryland.gov/pdf/vrar/MSR-2018_04.pdf
2026-02-25 12:36:39,847 INFO [depth=5] Crawling: https://www.elections.maryland.gov/pdf/vrar/MSR-2018_05.pdf
2026-02-25 12:36:41,314 INFO [depth=5] Crawling: https://www.elections.maryland.gov/pdf/vrar/MSR-2018_06.pdf
2026-02-25 12:36:42,448 INFO [depth=5] Crawling: https://www.elections.maryland.gov/pdf/vrar/MSR-2018_07.pdf
2026-02-25 12:36:43,604 INFO [depth=5] Crawling: https://www.elections.maryland.gov/pdf/vrar/MSR-2018_08.pdf
2026-02-25 12:36:44,775 INFO [depth=5] Crawling: https://www.elections.maryland.gov/pdf/vrar/MSR-2018_09.pdf
2026-02-25 12:36:45,929 INFO [depth=5] Crawling: https://www.elections.maryland.gov/pdf/vrar/MSR-2018_10.pdf
2026-02-25 12:36:47,081 INFO [depth=5] Crawling: https://www.elections.maryland.gov/pdf/vrar/MSR-2018_11.pdf
2026-02-25 12:36:48,355 INFO [depth=5] Crawling: https://www.elections.maryland.gov/pdf/vrar/MSR-2018_12.pdf
2026-02-25 12:36:50,525 INFO [depth=5] Crawling: https://www.elections.maryland.gov/pdf/vrar/MSR-2018.pdf
2026-02-25 12:36:51,601 INFO [depth=5] Crawling: https://www.elections.maryland.gov/pdf/vrar/MSR-2017_01.pdf
2026-02-25 12:36:52,626 INFO [depth=5] Crawling: https://www.elections.maryland.gov/pdf/vrar/MSR-2017_02.pdf
2026-02-25 12:36:53,703 INFO [depth=5] Crawling: https://www.elections.maryland.gov/pdf/vrar/MSR-2017_03.pdf
2026-02-25 12:36:54,696 INFO [depth=5] Crawling: https://www.elections.maryland.gov/pdf/vrar/MSR-2017_04.pdf
2026-02-25 12:36:55,767 INFO [depth=5] Crawling: https://www.elections.maryland.gov/pdf/vrar/MSR-2017_05.pdf
2026-02-25 12:36:57,046 INFO [depth=5] Crawling: https://www.elections.maryland.gov/pdf/vrar/MSR-2017_06.pdf
2026-02-25 12:36:58,162 INFO [depth=5] Crawling: https://www.elections.maryland.gov/pdf/vrar/MSR-2017_07.pdf
2026-02-25 12:36:59,332 INFO [depth=5] Crawling: https://www.elections.maryland.gov/pdf/vrar/MSR-2017_08.pdf
2026-02-25 12:37:00,724 INFO [depth=5] Crawling: https://www.elections.maryland.gov/pdf/vrar/MSR-2017_09.pdf
2026-02-25 12:37:02,480 INFO [depth=5] Crawling: https://www.elections.maryland.gov/pdf/vrar/MSR-2017_10.pdf
2026-02-25 12:37:03,760 INFO [depth=5] Crawling: https://www.elections.maryland.gov/pdf/vrar/MSR-2017_11.pdf
2026-02-25 12:37:04,903 INFO [depth=5] Crawling: https://www.elections.maryland.gov/pdf/vrar/MSR-2017_12.pdf
2026-02-25 12:37:06,151 INFO [depth=5] Crawling: https://www.elections.maryland.gov/pdf/vrar/MSR-2017.pdf
2026-02-25 12:37:07,352 INFO [depth=5] Crawling: https://www.elections.maryland.gov/pdf/vrar/MSR-2016_01.pdf
2026-02-25 12:37:08,409 INFO [depth=5] Crawling: https://www.elections.maryland.gov/pdf/vrar/MSR-2016_02.pdf
2026-02-25 12:37:09,473 INFO [depth=5] Crawling: https://www.elections.maryland.gov/pdf/vrar/MSR-2016_03.pdf
2026-02-25 12:37:12,055 INFO [depth=5] Crawling: https://www.elections.maryland.gov/pdf/vrar/MSR-2016_04.pdf
2026-02-25 12:37:13,092 INFO [depth=5] Crawling: https://www.elections.maryland.gov/pdf/vrar/MSR-2016_05.pdf
2026-02-25 12:37:14,269 INFO [depth=5] Crawling: https://www.elections.maryland.gov/pdf/vrar/MSR-2016_06.pdf
2026-02-25 12:37:15,392 INFO [depth=5] Crawling: https://www.elections.maryland.gov/pdf/vrar/MSR-2016_07.pdf
2026-02-25 12:37:16,519 INFO [depth=5] Crawling: https://www.elections.maryland.gov/pdf/vrar/MSR-2016_08.pdf
2026-02-25 12:37:17,921 INFO [depth=5] Crawling: https://www.elections.maryland.gov/pdf/vrar/MSR-2016_09.pdf
2026-02-25 12:37:19,065 INFO [depth=5] Crawling: https://www.elections.maryland.gov/pdf/vrar/MSR-2016_10.pdf
2026-02-25 12:37:20,111 INFO [depth=5] Crawling: https://www.elections.maryland.gov/pdf/vrar/MSR-2016_11.pdf
2026-02-25 12:37:21,220 INFO [depth=5] Crawling: https://www.elections.maryland.gov/pdf/vrar/MSR-2016_12.pdf
2026-02-25 12:37:22,263 INFO [depth=5] Crawling: https://www.elections.maryland.gov/pdf/vrar/MSR-2016.pdf
2026-02-25 12:37:23,319 INFO [depth=5] Crawling: https://www.elections.maryland.gov/pdf/vrar/MSR-2015_01.pdf
2026-02-25 12:37:24,483 INFO [depth=5] Crawling: https://www.elections.maryland.gov/pdf/vrar/MSR-2015_02.pdf
2026-02-25 12:37:25,713 INFO [depth=5] Crawling: https://www.elections.maryland.gov/pdf/vrar/MSR-2015_03.pdf
2026-02-25 12:37:27,204 INFO [depth=5] Crawling: https://www.elections.maryland.gov/pdf/vrar/MSR-2015_04.pdf
2026-02-25 12:37:28,410 INFO [depth=5] Crawling: https://www.elections.maryland.gov/pdf/vrar/MSR-2015_05.pdf
2026-02-25 12:37:30,559 INFO [depth=5] Crawling: https://www.elections.maryland.gov/pdf/vrar/MSR-2015_06.pdf
2026-02-25 12:37:31,864 INFO [depth=5] Crawling: https://www.elections.maryland.gov/pdf/vrar/MSR-2015_07.pdf
2026-02-25 12:37:32,904 INFO [depth=5] Crawling: https://www.elections.maryland.gov/pdf/vrar/MSR-2015_08.pdf
2026-02-25 12:37:34,246 INFO [depth=5] Crawling: https://www.elections.maryland.gov/pdf/vrar/MSR-2015_09.pdf
2026-02-25 12:37:35,241 INFO [depth=5] Crawling: https://www.elections.maryland.gov/pdf/vrar/MSR-2015_10.pdf
2026-02-25 12:37:36,465 INFO [depth=5] Crawling: https://www.elections.maryland.gov/pdf/vrar/MSR-2015_11.pdf
2026-02-25 12:37:37,429 INFO [depth=5] Crawling: https://www.elections.maryland.gov/pdf/vrar/MSR-2015_12.pdf
2026-02-25 12:37:38,843 INFO [depth=5] Crawling: https://www.elections.maryland.gov/pdf/vrar/MSR-2015.pdf
2026-02-25 12:37:40,108 INFO [depth=5] Crawling: https://www.elections.maryland.gov/pdf/vrar/MSR-2014_01.pdf
2026-02-25 12:37:41,229 INFO [depth=5] Crawling: https://www.elections.maryland.gov/pdf/vrar/MSR-2014_02.pdf
2026-02-25 12:37:42,575 INFO [depth=5] Crawling: https://www.elections.maryland.gov/pdf/vrar/MSR-2014_03.pdf
2026-02-25 12:37:43,626 INFO [depth=5] Crawling: https://www.elections.maryland.gov/pdf/vrar/MSR-2014_04.pdf
2026-02-25 12:37:44,697 INFO [depth=5] Crawling: https://www.elections.maryland.gov/pdf/vrar/MSR-2014_05.pdf
2026-02-25 12:37:45,851 INFO [depth=5] Crawling: https://www.elections.maryland.gov/pdf/vrar/MSR-2014_06.pdf
2026-02-25 12:37:47,184 INFO [depth=5] Crawling: https://www.elections.maryland.gov/pdf/vrar/MSR-2014_07.pdf
2026-02-25 12:37:48,169 INFO [depth=5] Crawling: https://www.elections.maryland.gov/pdf/vrar/MSR-2014_08.pdf
2026-02-25 12:37:49,646 INFO [depth=5] Crawling: https://www.elections.maryland.gov/pdf/vrar/MSR-2014_09.pdf
2026-02-25 12:37:50,668 INFO [depth=5] Crawling: https://www.elections.maryland.gov/pdf/vrar/MSR-2014_10.pdf
2026-02-25 12:37:51,823 INFO [depth=5] Crawling: https://www.elections.maryland.gov/pdf/vrar/MSR-2014_11.pdf
2026-02-25 12:37:52,895 INFO [depth=5] Crawling: https://www.elections.maryland.gov/pdf/vrar/MSR-2014_12.pdf
2026-02-25 12:37:53,925 INFO [depth=5] Crawling: https://www.elections.maryland.gov/pdf/vrar/MSR-2014.pdf
2026-02-25 12:37:54,931 INFO [depth=5] Crawling: https://www.elections.maryland.gov/pdf/vrar/MSR-2013_01.pdf
2026-02-25 12:37:56,133 INFO [depth=5] Crawling: https://www.elections.maryland.gov/pdf/vrar/MSR-2013_02.pdf
2026-02-25 12:37:57,114 INFO [depth=5] Crawling: https://www.elections.maryland.gov/pdf/vrar/MSR-2013_03.pdf
2026-02-25 12:37:58,428 INFO [depth=5] Crawling: https://www.elections.maryland.gov/pdf/vrar/MSR-2013_04.pdf
2026-02-25 12:37:59,507 INFO [depth=5] Crawling: https://www.elections.maryland.gov/pdf/vrar/MSR-2013_05.pdf
2026-02-25 12:38:00,533 INFO [depth=5] Crawling: https://www.elections.maryland.gov/pdf/vrar/MSR-2013_06.pdf
2026-02-25 12:38:01,533 INFO [depth=5] Crawling: https://www.elections.maryland.gov/pdf/vrar/MSR-2013_07.pdf
2026-02-25 12:38:02,732 INFO [depth=5] Crawling: https://www.elections.maryland.gov/pdf/vrar/MSR-2013_08.pdf
2026-02-25 12:38:03,746 INFO [depth=5] Crawling: https://www.elections.maryland.gov/pdf/vrar/MSR-2013_09.pdf
2026-02-25 12:38:05,133 INFO [depth=5] Crawling: https://www.elections.maryland.gov/pdf/vrar/MSR-2013_10.pdf
2026-02-25 12:38:06,380 INFO [depth=5] Crawling: https://www.elections.maryland.gov/pdf/vrar/MSR-2013_11.pdf
2026-02-25 12:38:07,433 INFO [depth=5] Crawling: https://www.elections.maryland.gov/pdf/vrar/MSR-2013_12.pdf
2026-02-25 12:38:08,437 INFO [depth=5] Crawling: https://www.elections.maryland.gov/pdf/vrar/MSR-2013.pdf
2026-02-25 12:38:09,664 INFO [depth=5] Crawling: https://www.elections.maryland.gov/pdf/vrar/MSR-2012_01.pdf
2026-02-25 12:38:10,719 INFO [depth=5] Crawling: https://www.elections.maryland.gov/pdf/vrar/MSR-2012_02.pdf
2026-02-25 12:38:11,868 INFO [depth=5] Crawling: https://www.elections.maryland.gov/pdf/vrar/MSR-2012_03.pdf
2026-02-25 12:38:12,838 INFO [depth=5] Crawling: https://www.elections.maryland.gov/pdf/vrar/MSR-2012_04.pdf
2026-02-25 12:38:13,916 INFO [depth=5] Crawling: https://www.elections.maryland.gov/pdf/vrar/MSR-2012_05.pdf
2026-02-25 12:38:15,173 INFO [depth=5] Crawling: https://www.elections.maryland.gov/pdf/vrar/MSR-2012_06.pdf
2026-02-25 12:38:16,209 INFO [depth=5] Crawling: https://www.elections.maryland.gov/pdf/vrar/MSR-2012_07.pdf
2026-02-25 12:38:17,252 INFO [depth=5] Crawling: https://www.elections.maryland.gov/pdf/vrar/MSR-2012_08.pdf
2026-02-25 12:38:18,315 INFO [depth=5] Crawling: https://www.elections.maryland.gov/pdf/vrar/MSR-2012_09.pdf
2026-02-25 12:38:19,332 INFO [depth=5] Crawling: https://www.elections.maryland.gov/pdf/vrar/MSR-2012_10.pdf
2026-02-25 12:38:20,324 INFO [depth=5] Crawling: https://www.elections.maryland.gov/pdf/vrar/MSR-2012_11.pdf
2026-02-25 12:38:21,357 INFO [depth=5] Crawling: https://www.elections.maryland.gov/pdf/vrar/MSR-2012_12.pdf
2026-02-25 12:38:22,404 INFO [depth=5] Crawling: https://www.elections.maryland.gov/pdf/vrar/MSR-2012.pdf
2026-02-25 12:38:23,388 INFO [depth=5] Crawling: https://www.elections.maryland.gov/pdf/vrar/MSR-2011_01.pdf
2026-02-25 12:38:24,422 INFO [depth=5] Crawling: https://www.elections.maryland.gov/pdf/vrar/MSR-2011_02.pdf
2026-02-25 12:38:25,438 INFO [depth=5] Crawling: https://www.elections.maryland.gov/pdf/vrar/MSR-2011_03.pdf
2026-02-25 12:38:26,465 INFO [depth=5] Crawling: https://www.elections.maryland.gov/pdf/vrar/MSR-2011_04.pdf
2026-02-25 12:38:27,555 INFO [depth=5] Crawling: https://www.elections.maryland.gov/pdf/vrar/MSR-2011_05.pdf
2026-02-25 12:38:28,549 INFO [depth=5] Crawling: https://www.elections.maryland.gov/pdf/vrar/MSR-2011_06.pdf
2026-02-25 12:38:29,604 INFO [depth=5] Crawling: https://www.elections.maryland.gov/pdf/vrar/MSR-2011_07.pdf
2026-02-25 12:38:30,696 INFO [depth=5] Crawling: https://www.elections.maryland.gov/pdf/vrar/MSR-2011_08.pdf
2026-02-25 12:38:31,752 INFO [depth=5] Crawling: https://www.elections.maryland.gov/pdf/vrar/MSR-2011_09.pdf
2026-02-25 12:38:32,984 INFO [depth=5] Crawling: https://www.elections.maryland.gov/pdf/vrar/MSR-2011_10.pdf
2026-02-25 12:38:34,348 INFO [depth=5] Crawling: https://www.elections.maryland.gov/pdf/vrar/MSR-2011_11.pdf
2026-02-25 12:38:35,490 INFO [depth=5] Crawling: https://www.elections.maryland.gov/pdf/vrar/MSR-2011_12.pdf
2026-02-25 12:38:36,759 INFO [depth=5] Crawling: https://www.elections.maryland.gov/pdf/vrar/MSR-2011.pdf
2026-02-25 12:38:38,067 INFO [depth=5] Crawling: https://www.elections.maryland.gov/pdf/vrar/MSR-2010_01.pdf
2026-02-25 12:38:39,129 INFO [depth=5] Crawling: https://www.elections.maryland.gov/pdf/vrar/MSR-2010_02.pdf
2026-02-25 12:38:40,324 INFO [depth=5] Crawling: https://www.elections.maryland.gov/pdf/vrar/MSR-2010_03.pdf
2026-02-25 12:38:41,611 INFO [depth=5] Crawling: https://www.elections.maryland.gov/pdf/vrar/MSR-2010_04.pdf
2026-02-25 12:38:42,770 INFO [depth=5] Crawling: https://www.elections.maryland.gov/pdf/vrar/MSR-2010_05.pdf
2026-02-25 12:38:43,779 INFO [depth=5] Crawling: https://www.elections.maryland.gov/pdf/vrar/MSR-2010_06.pdf
2026-02-25 12:38:44,771 INFO [depth=5] Crawling: https://www.elections.maryland.gov/pdf/vrar/MSR-2010_07.pdf
2026-02-25 12:38:45,796 INFO [depth=5] Crawling: https://www.elections.maryland.gov/pdf/vrar/MSR-2010_08.pdf
2026-02-25 12:38:46,835 INFO [depth=5] Crawling: https://www.elections.maryland.gov/pdf/vrar/MSR-2010_09.pdf
2026-02-25 12:38:48,116 INFO [depth=5] Crawling: https://www.elections.maryland.gov/pdf/vrar/MSR-2010_10.pdf
2026-02-25 12:38:49,142 INFO [depth=5] Crawling: https://www.elections.maryland.gov/pdf/vrar/MSR-2010_11.pdf
2026-02-25 12:38:50,402 INFO [depth=5] Crawling: https://www.elections.maryland.gov/pdf/vrar/MSR-2010_12.pdf
2026-02-25 12:38:51,551 INFO [depth=5] Crawling: https://www.elections.maryland.gov/pdf/vrar/MSR-2010.pdf
2026-02-25 12:38:52,664 INFO [depth=5] Crawling: https://www.elections.maryland.gov/pdf/vrar/MSR-2009_01.pdf
2026-02-25 12:38:53,801 INFO [depth=5] Crawling: https://www.elections.maryland.gov/pdf/vrar/MSR-2009_02.pdf
2026-02-25 12:38:55,052 INFO [depth=5] Crawling: https://www.elections.maryland.gov/pdf/vrar/MSR-2009_03.pdf
2026-02-25 12:38:56,175 INFO [depth=5] Crawling: https://www.elections.maryland.gov/pdf/vrar/MSR-2009_04.pdf
2026-02-25 12:38:57,280 INFO [depth=5] Crawling: https://www.elections.maryland.gov/pdf/vrar/MSR-2009_05.pdf
2026-02-25 12:38:58,358 INFO [depth=5] Crawling: https://www.elections.maryland.gov/pdf/vrar/MSR-2009_06.pdf
2026-02-25 12:38:59,576 INFO [depth=5] Crawling: https://www.elections.maryland.gov/pdf/vrar/MSR-2009_07.pdf
2026-02-25 12:39:01,102 INFO [depth=5] Crawling: https://www.elections.maryland.gov/pdf/vrar/MSR-2009_08.pdf
2026-02-25 12:39:02,286 INFO [depth=5] Crawling: https://www.elections.maryland.gov/pdf/vrar/MSR-2009_09.pdf
2026-02-25 12:39:03,486 INFO [depth=5] Crawling: https://www.elections.maryland.gov/pdf/vrar/MSR-2009_10.pdf
2026-02-25 12:39:04,588 INFO [depth=5] Crawling: https://www.elections.maryland.gov/pdf/vrar/MSR-2009_11.pdf
2026-02-25 12:39:07,057 INFO [depth=5] Crawling: https://www.elections.maryland.gov/pdf/vrar/MSR-2009_12.pdf
2026-02-25 12:39:08,065 INFO [depth=5] Crawling: https://www.elections.maryland.gov/pdf/vrar/MSR-2009.pdf
2026-02-25 12:39:09,397 INFO [depth=5] Crawling: https://www.elections.maryland.gov/pdf/vrar/MSR-2008_01.pdf
2026-02-25 12:39:10,701 INFO [depth=5] Crawling: https://www.elections.maryland.gov/pdf/vrar/MSR-2008_02.pdf
2026-02-25 12:39:11,780 INFO [depth=5] Crawling: https://www.elections.maryland.gov/pdf/vrar/MSR-2008_03.pdf
2026-02-25 12:39:12,738 INFO [depth=5] Crawling: https://www.elections.maryland.gov/pdf/vrar/MSR-2008_04.pdf
2026-02-25 12:39:13,880 INFO [depth=5] Crawling: https://www.elections.maryland.gov/pdf/vrar/MSR-2008_05.pdf
2026-02-25 12:39:15,126 INFO [depth=5] Crawling: https://www.elections.maryland.gov/pdf/vrar/MSR-2008_06.pdf
2026-02-25 12:39:16,904 INFO [depth=5] Crawling: https://www.elections.maryland.gov/pdf/vrar/MSR-2008_07.pdf
2026-02-25 12:39:18,430 INFO [depth=5] Crawling: https://www.elections.maryland.gov/pdf/vrar/MSR-2008_08.pdf
2026-02-25 12:39:19,653 INFO [depth=5] Crawling: https://www.elections.maryland.gov/pdf/vrar/MSR-2008_09.pdf
2026-02-25 12:39:20,763 INFO [depth=5] Crawling: https://www.elections.maryland.gov/pdf/vrar/MSR-2008_10.pdf
2026-02-25 12:39:21,937 INFO [depth=5] Crawling: https://www.elections.maryland.gov/pdf/vrar/MSR-2008_11.pdf
2026-02-25 12:39:23,841 INFO [depth=5] Crawling: https://www.elections.maryland.gov/pdf/vrar/MSR-2008_12.pdf
2026-02-25 12:39:24,977 INFO [depth=5] Crawling: https://www.elections.maryland.gov/pdf/vrar/MSR-2008.pdf
2026-02-25 12:39:26,135 INFO [depth=5] Crawling: https://www.elections.maryland.gov/pdf/vrar/MSR-2007_01.pdf
2026-02-25 12:39:27,385 INFO [depth=5] Crawling: https://www.elections.maryland.gov/pdf/vrar/MSR-2007_02.pdf
2026-02-25 12:39:28,563 INFO [depth=5] Crawling: https://www.elections.maryland.gov/pdf/vrar/MSR-2007_03.pdf
2026-02-25 12:39:29,728 INFO [depth=5] Crawling: https://www.elections.maryland.gov/pdf/vrar/MSR-2007_04.pdf
2026-02-25 12:39:30,952 INFO [depth=5] Crawling: https://www.elections.maryland.gov/pdf/vrar/MSR-2007_05.pdf
2026-02-25 12:39:31,914 INFO [depth=5] Crawling: https://www.elections.maryland.gov/pdf/vrar/MSR-2007_06.pdf
2026-02-25 12:39:32,854 INFO [depth=5] Crawling: https://www.elections.maryland.gov/pdf/vrar/MSR-2007_07.pdf
2026-02-25 12:39:33,980 INFO [depth=5] Crawling: https://www.elections.maryland.gov/pdf/vrar/MSR-2007_08.pdf
2026-02-25 12:39:35,097 INFO [depth=5] Crawling: https://www.elections.maryland.gov/pdf/vrar/MSR-2007_09.pdf
2026-02-25 12:39:36,318 INFO [depth=5] Crawling: https://www.elections.maryland.gov/pdf/vrar/MSR-2007_10.pdf
2026-02-25 12:39:37,473 INFO [depth=5] Crawling: https://www.elections.maryland.gov/pdf/vrar/MSR-2007_11.pdf
2026-02-25 12:39:38,530 INFO [depth=5] Crawling: https://www.elections.maryland.gov/pdf/vrar/MSR-2007_12.pdf
2026-02-25 12:39:39,648 INFO [depth=5] Crawling: https://www.elections.maryland.gov/pdf/vrar/MSR-2007.pdf
2026-02-25 12:39:40,919 INFO [depth=5] Crawling: https://www.elections.maryland.gov/pdf/vrar/MSR-2006_01.pdf
2026-02-25 12:39:42,626 INFO [depth=5] Crawling: https://www.elections.maryland.gov/pdf/vrar/MSR-2006_02.pdf
2026-02-25 12:39:43,769 INFO [depth=5] Crawling: https://www.elections.maryland.gov/pdf/vrar/MSR-2006_03.pdf
2026-02-25 12:39:44,876 INFO [depth=5] Crawling: https://www.elections.maryland.gov/pdf/vrar/MSR-2006_04.pdf
2026-02-25 12:39:46,059 INFO [depth=5] Crawling: https://www.elections.maryland.gov/pdf/vrar/MSR-2006_05.pdf
2026-02-25 12:39:49,195 INFO [depth=5] Crawling: https://www.elections.maryland.gov/pdf/vrar/MSR-2006_06.pdf
2026-02-25 12:39:50,449 INFO [depth=5] Crawling: https://www.elections.maryland.gov/pdf/vrar/MSR-2006_07.pdf
2026-02-25 12:39:51,497 INFO [depth=5] Crawling: https://www.elections.maryland.gov/pdf/vrar/MSR-2006_08.pdf
2026-02-25 12:39:52,474 INFO [depth=5] Crawling: https://www.elections.maryland.gov/pdf/vrar/MSR-2006_09.pdf
2026-02-25 12:39:53,539 INFO [depth=5] Crawling: https://www.elections.maryland.gov/pdf/vrar/MSR-2006_10.pdf
2026-02-25 12:39:54,623 INFO [depth=5] Crawling: https://www.elections.maryland.gov/pdf/vrar/MSR-2006_11.pdf
2026-02-25 12:39:55,776 INFO [depth=5] Crawling: https://www.elections.maryland.gov/pdf/vrar/MSR-2006_12.pdf
2026-02-25 12:39:56,836 INFO [depth=5] Crawling: https://www.elections.maryland.gov/pdf/vrar/MSR-2006.pdf
2026-02-25 12:39:57,830 INFO [depth=5] Crawling: https://www.elections.maryland.gov/pdf/vrar/MSR-2005_01.pdf
2026-02-25 12:39:59,684 INFO [depth=5] Crawling: https://www.elections.maryland.gov/pdf/vrar/MSR-2005_02.pdf
2026-02-25 12:40:00,704 INFO [depth=5] Crawling: https://www.elections.maryland.gov/pdf/vrar/MSR-2005_03.pdf
2026-02-25 12:40:01,905 INFO [depth=5] Crawling: https://www.elections.maryland.gov/pdf/vrar/MSR-2005_04.pdf
2026-02-25 12:40:03,066 INFO [depth=5] Crawling: https://www.elections.maryland.gov/pdf/vrar/MSR-2005_05.pdf
2026-02-25 12:40:04,118 INFO [depth=5] Crawling: https://www.elections.maryland.gov/pdf/vrar/MSR-2005_06.pdf
2026-02-25 12:40:05,334 INFO [depth=5] Crawling: https://www.elections.maryland.gov/pdf/vrar/MSR-2005_07.pdf
2026-02-25 12:40:06,580 INFO [depth=5] Crawling: https://www.elections.maryland.gov/pdf/vrar/MSR-2005_08.pdf
2026-02-25 12:40:07,655 INFO [depth=5] Crawling: https://www.elections.maryland.gov/pdf/vrar/MSR-2005_09.pdf
2026-02-25 12:40:08,677 INFO [depth=5] Crawling: https://www.elections.maryland.gov/pdf/vrar/MSR-2005_10.pdf
2026-02-25 12:40:09,702 INFO [depth=5] Crawling: https://www.elections.maryland.gov/pdf/vrar/MSR-2005_11.pdf
2026-02-25 12:40:10,927 INFO [depth=5] Crawling: https://www.elections.maryland.gov/pdf/vrar/MSR-2005_12.pdf
2026-02-25 12:40:12,030 INFO [depth=5] Crawling: https://www.elections.maryland.gov/pdf/vrar/MSR-2005.pdf
2026-02-25 12:40:13,303 INFO [depth=5] Crawling: https://www.elections.maryland.gov/pdf/vrar/MSR-2004_01.pdf
2026-02-25 12:40:14,393 INFO [depth=5] Crawling: https://www.elections.maryland.gov/pdf/vrar/MSR-2004_02.pdf
2026-02-25 12:40:15,342 INFO [depth=5] Crawling: https://www.elections.maryland.gov/pdf/vrar/MSR-2004_03.pdf
2026-02-25 12:40:16,612 INFO [depth=5] Crawling: https://www.elections.maryland.gov/pdf/vrar/MSR-2004_04.pdf
2026-02-25 12:40:17,885 INFO [depth=5] Crawling: https://www.elections.maryland.gov/pdf/vrar/MSR-2004_05.pdf
2026-02-25 12:40:19,021 INFO [depth=5] Crawling: https://www.elections.maryland.gov/pdf/vrar/MSR-2004_06.pdf
2026-02-25 12:40:20,134 INFO [depth=5] Crawling: https://www.elections.maryland.gov/pdf/vrar/MSR-2004_07.pdf
2026-02-25 12:40:21,774 INFO [depth=5] Crawling: https://www.elections.maryland.gov/pdf/vrar/MSR-2004_08.pdf
2026-02-25 12:40:22,887 INFO [depth=5] Crawling: https://www.elections.maryland.gov/pdf/vrar/MSR-2004_09.pdf
2026-02-25 12:40:24,045 INFO [depth=5] Crawling: https://www.elections.maryland.gov/pdf/vrar/MSR-2004_10.pdf
2026-02-25 12:40:25,383 INFO [depth=5] Crawling: https://www.elections.maryland.gov/pdf/vrar/MSR-2004_11.pdf
2026-02-25 12:40:26,536 INFO [depth=5] Crawling: https://www.elections.maryland.gov/pdf/vrar/MSR-2004_12.pdf
2026-02-25 12:40:27,582 INFO [depth=5] Crawling: https://www.elections.maryland.gov/pdf/vrar/MSR-2004.pdf
2026-02-25 12:40:28,642 INFO [depth=5] Crawling: https://www.elections.maryland.gov/pdf/vrar/MSR-2003_01.pdf
2026-02-25 12:40:29,694 INFO [depth=5] Crawling: https://www.elections.maryland.gov/pdf/vrar/MSR-2003_02.pdf
2026-02-25 12:40:30,958 INFO [depth=5] Crawling: https://www.elections.maryland.gov/pdf/vrar/MSR-2003_03.pdf
2026-02-25 12:40:32,080 INFO [depth=5] Crawling: https://www.elections.maryland.gov/pdf/vrar/MSR-2003_04.pdf
2026-02-25 12:40:33,253 INFO [depth=5] Crawling: https://www.elections.maryland.gov/pdf/vrar/MSR-2003_05.pdf
2026-02-25 12:40:34,430 INFO [depth=5] Crawling: https://www.elections.maryland.gov/pdf/vrar/MSR-2003_06.pdf
2026-02-25 12:40:35,446 INFO [depth=5] Crawling: https://www.elections.maryland.gov/pdf/vrar/MSR-2003_07.pdf
2026-02-25 12:40:37,010 INFO [depth=5] Crawling: https://www.elections.maryland.gov/pdf/vrar/MSR-2003_08.pdf
2026-02-25 12:40:38,407 INFO [depth=5] Crawling: https://www.elections.maryland.gov/pdf/vrar/MSR-2003_09.pdf
2026-02-25 12:40:39,442 INFO [depth=5] Crawling: https://www.elections.maryland.gov/pdf/vrar/MSR-2003_10.pdf
2026-02-25 12:40:40,375 INFO [depth=5] Crawling: https://www.elections.maryland.gov/pdf/vrar/MSR-2003_11.pdf
2026-02-25 12:40:41,566 INFO [depth=5] Crawling: https://www.elections.maryland.gov/pdf/vrar/MSR-2003_12.pdf
2026-02-25 12:40:42,656 INFO [depth=5] Crawling: https://www.elections.maryland.gov/pdf/vrar/MSR-2003.pdf
2026-02-25 12:40:44,070 INFO [depth=5] Crawling: https://www.elections.maryland.gov/pdf/vrar/MSR-2002_01.pdf
2026-02-25 12:40:45,306 INFO [depth=5] Crawling: https://www.elections.maryland.gov/pdf/vrar/MSR-2002_02.pdf
2026-02-25 12:40:46,546 INFO [depth=5] Crawling: https://www.elections.maryland.gov/pdf/vrar/MSR-2002_03.pdf
2026-02-25 12:40:47,930 INFO [depth=5] Crawling: https://www.elections.maryland.gov/pdf/vrar/MSR-2002_04.pdf
2026-02-25 12:40:49,314 INFO [depth=5] Crawling: https://www.elections.maryland.gov/pdf/vrar/MSR-2002_05.pdf
2026-02-25 12:40:50,556 INFO [depth=5] Crawling: https://www.elections.maryland.gov/pdf/vrar/MSR-2002_06.pdf
2026-02-25 12:40:51,778 INFO [depth=5] Crawling: https://www.elections.maryland.gov/pdf/vrar/MSR-2002_07.pdf
2026-02-25 12:40:52,986 INFO [depth=5] Crawling: https://www.elections.maryland.gov/pdf/vrar/MSR-2002_08.pdf
2026-02-25 12:40:54,030 INFO [depth=5] Crawling: https://www.elections.maryland.gov/pdf/vrar/MSR-2002_09.pdf
2026-02-25 12:40:55,148 INFO [depth=5] Crawling: https://www.elections.maryland.gov/pdf/vrar/MSR-2002_10.pdf
2026-02-25 12:40:56,318 INFO [depth=5] Crawling: https://www.elections.maryland.gov/pdf/vrar/MSR-2002_11.pdf
2026-02-25 12:40:57,577 INFO [depth=5] Crawling: https://www.elections.maryland.gov/pdf/vrar/MSR-2002_12.pdf
2026-02-25 12:40:59,073 INFO [depth=5] Crawling: https://www.elections.maryland.gov/pdf/vrar/MSR-2002.pdf
2026-02-25 12:41:00,270 INFO [depth=5] Crawling: https://www.elections.maryland.gov/pdf/vrar/MSR-2001_01.pdf
2026-02-25 12:41:01,281 INFO [depth=5] Crawling: https://www.elections.maryland.gov/pdf/vrar/MSR-2001_02.pdf
2026-02-25 12:41:02,474 INFO [depth=5] Crawling: https://www.elections.maryland.gov/pdf/vrar/MSR-2001_03.pdf
2026-02-25 12:41:03,615 INFO [depth=5] Crawling: https://www.elections.maryland.gov/pdf/vrar/MSR-2001_04.pdf
2026-02-25 12:41:04,630 INFO [depth=5] Crawling: https://www.elections.maryland.gov/pdf/vrar/MSR-2001_05.pdf
2026-02-25 12:41:05,903 INFO [depth=5] Crawling: https://www.elections.maryland.gov/pdf/vrar/MSR-2001_06.pdf
2026-02-25 12:41:07,130 INFO [depth=5] Crawling: https://www.elections.maryland.gov/pdf/vrar/MSR-2001_07.pdf
2026-02-25 12:41:08,281 INFO [depth=5] Crawling: https://www.elections.maryland.gov/pdf/vrar/MSR-2001_08.pdf
2026-02-25 12:41:09,380 INFO [depth=5] Crawling: https://www.elections.maryland.gov/pdf/vrar/MSR-2001_09.pdf
2026-02-25 12:41:10,444 INFO [depth=5] Crawling: https://www.elections.maryland.gov/pdf/vrar/MSR-2001_10.pdf
2026-02-25 12:41:11,455 INFO [depth=5] Crawling: https://www.elections.maryland.gov/pdf/vrar/MSR-2001_11.pdf
2026-02-25 12:41:12,638 INFO [depth=5] Crawling: https://www.elections.maryland.gov/pdf/vrar/MSR-2001_12.pdf
2026-02-25 12:41:13,679 INFO [depth=5] Crawling: https://www.elections.maryland.gov/pdf/vrar/MSR-2001.pdf
2026-02-25 12:41:14,759 INFO [depth=5] Crawling: https://www.elections.maryland.gov/pdf/vrar/MSR-2000_01.pdf
2026-02-25 12:41:15,853 INFO [depth=5] Crawling: https://www.elections.maryland.gov/pdf/vrar/MSR-2000_02.pdf
2026-02-25 12:41:16,898 INFO [depth=5] Crawling: https://www.elections.maryland.gov/pdf/vrar/MSR-2000_03.pdf
2026-02-25 12:41:17,913 INFO [depth=5] Crawling: https://www.elections.maryland.gov/pdf/vrar/MSR-2000_04.pdf
2026-02-25 12:41:19,230 INFO [depth=5] Crawling: https://www.elections.maryland.gov/pdf/vrar/MSR-2000_05.pdf
2026-02-25 12:41:20,298 INFO [depth=5] Crawling: https://www.elections.maryland.gov/pdf/vrar/MSR-2000_06.pdf
2026-02-25 12:41:21,336 INFO [depth=5] Crawling: https://www.elections.maryland.gov/pdf/vrar/MSR-2000_07.pdf
2026-02-25 12:41:22,347 INFO [depth=5] Crawling: https://www.elections.maryland.gov/pdf/vrar/MSR-2000_08.pdf
2026-02-25 12:41:23,474 INFO [depth=5] Crawling: https://www.elections.maryland.gov/pdf/vrar/MSR-2000_09.pdf
2026-02-25 12:41:24,641 INFO [depth=5] Crawling: https://www.elections.maryland.gov/pdf/vrar/MSR-2000_10.pdf
2026-02-25 12:41:25,805 INFO [depth=5] Crawling: https://www.elections.maryland.gov/pdf/vrar/MSR-2000_11.pdf
2026-02-25 12:41:26,840 INFO [depth=5] Crawling: https://www.elections.maryland.gov/pdf/vrar/MSR-2000_12.pdf
2026-02-25 12:41:28,220 INFO [depth=5] Crawling: https://www.elections.maryland.gov/pdf/vrar/MSR-2000.pdf
2026-02-25 12:41:29,397 INFO [depth=5] Crawling: https://www.elections.maryland.gov/press_room/2024_stats/PG24/Eligible Active Voters by County - PG24.pdf
2026-02-25 12:41:30,551 INFO [depth=5] Crawling: https://www.elections.maryland.gov/press_room/2024_stats/PG24/Eligible Active Voters by Congressional - PG24.pdf
2026-02-25 12:41:31,629 INFO [depth=5] Crawling: https://www.elections.maryland.gov/press_room/2024_stats/PG24/Eligible Active Voters by Legislative - PG24.pdf
2026-02-25 12:41:32,835 INFO [depth=5] Crawling: https://www.elections.maryland.gov/press_room/2024_stats/PG24/Eligible Active Voters by Councilmanic - PG24.pdf
2026-02-25 12:41:34,075 INFO [depth=5] Crawling: https://www.elections.maryland.gov/press_room/2024_stats/PG24/Eligible Active Voters by County - PG24.xlsx
2026-02-25 12:41:35,296 INFO [depth=5] Crawling: https://www.elections.maryland.gov/press_room/2024_stats/PG24/Eligible Active Voters by Congressional - PG24.xlsx
2026-02-25 12:41:36,305 INFO [depth=5] Crawling: https://www.elections.maryland.gov/press_room/2024_stats/PG24/Eligible Active Voters by Legislative - PG24.xlsx
2026-02-25 12:41:37,238 INFO [depth=5] Crawling: https://www.elections.maryland.gov/press_room/2024_stats/PG24/Eligible Active Voters by Councilmanic - PG24.xlsx
2026-02-25 12:41:38,238 INFO [depth=5] Crawling: https://www.elections.maryland.gov/press_room/2024_stats/Eligible Active Voters by County - PP24.pdf
2026-02-25 12:41:39,410 INFO [depth=5] Crawling: https://www.elections.maryland.gov/press_room/2024_stats/Eligible Active Voters by Congressional - PP24.pdf
2026-02-25 12:41:40,589 INFO [depth=5] Crawling: https://www.elections.maryland.gov/press_room/2024_stats/Eligible Active Voters by Legislative - PP24.pdf
2026-02-25 12:41:41,752 INFO [depth=5] Crawling: https://www.elections.maryland.gov/press_room/2024_stats/Eligible Active Voters by Councilmanic - PP24.pdf
2026-02-25 12:41:42,753 INFO [depth=5] Crawling: https://www.elections.maryland.gov/press_room/2024_stats/Eligible Active Voters by County - PP24.xlsx
2026-02-25 12:41:43,736 INFO [depth=5] Crawling: https://www.elections.maryland.gov/press_room/2024_stats/Eligible Active Voters by Congressional - PP24.xlsx
2026-02-25 12:41:44,686 INFO [depth=5] Crawling: https://www.elections.maryland.gov/press_room/2024_stats/Eligible Active Voters by Legislative - PP24.xlsx
2026-02-25 12:41:45,612 INFO [depth=5] Crawling: https://www.elections.maryland.gov/press_room/2024_stats/Eligible Active Voters by Councilmanic - PP24.xlsx
2026-02-25 12:41:47,612 INFO [depth=5] Crawling: https://www.elections.maryland.gov/press_room/2022_stats/GG22/Eligible Active Voters by County - GG22.pdf
2026-02-25 12:41:48,875 INFO [depth=5] Crawling: https://www.elections.maryland.gov/press_room/2022_stats/GG22/Eligible Active Voters by Congressional - GG22.pdf
2026-02-25 12:41:50,133 INFO [depth=5] Crawling: https://www.elections.maryland.gov/press_room/2022_stats/GG22/Eligible Active Voters by Legislative - GG22.pdf
2026-02-25 12:41:51,248 INFO [depth=5] Crawling: https://www.elections.maryland.gov/press_room/2022_stats/GG22/Eligible Active Voters by Councilmanic - GG22.pdf
2026-02-25 12:41:52,396 INFO [depth=5] Crawling: https://www.elections.maryland.gov/press_room/2022_stats/GG22/Eligible Active Voters by County - GG22.xlsx
2026-02-25 12:41:53,397 INFO [depth=5] Crawling: https://www.elections.maryland.gov/press_room/2022_stats/GG22/Eligible Active Voters by Congressional - GG22.xlsx
2026-02-25 12:41:54,330 INFO [depth=5] Crawling: https://www.elections.maryland.gov/press_room/2022_stats/GG22/Eligible Active Voters by Legislative - GG22.xlsx
2026-02-25 12:41:55,378 INFO [depth=5] Crawling: https://www.elections.maryland.gov/press_room/2022_stats/GG22/Eligible Active Voters by Councilmanic - GG22.xlsx
2026-02-25 12:41:56,421 INFO [depth=5] Crawling: https://www.elections.maryland.gov/press_room/2022_stats/Eligible Active Voters by County - GP22.pdf
2026-02-25 12:41:57,474 INFO [depth=5] Crawling: https://www.elections.maryland.gov/press_room/2022_stats/Eligible Active Voters by Congressional - GP22.pdf
2026-02-25 12:41:58,597 INFO [depth=5] Crawling: https://www.elections.maryland.gov/press_room/2022_stats/Eligible Active Voters by Legislative - GP22.pdf
2026-02-25 12:41:59,686 INFO [depth=5] Crawling: https://www.elections.maryland.gov/press_room/2022_stats/Eligible Active Voters by Councilmanic - GP22.pdf
2026-02-25 12:42:00,816 INFO [depth=5] Crawling: https://www.elections.maryland.gov/press_room/2022_stats/Eligible Active Voters by County - GP22.xlsx
2026-02-25 12:42:01,786 INFO [depth=5] Crawling: https://www.elections.maryland.gov/press_room/2022_stats/Eligible Active Voters by Congressional - GP22.xlsx
2026-02-25 12:42:02,854 INFO [depth=5] Crawling: https://www.elections.maryland.gov/press_room/2022_stats/Eligible Active Voters by Legislative - GP22.xlsx
2026-02-25 12:42:03,708 INFO [depth=5] Crawling: https://www.elections.maryland.gov/press_room/2022_stats/Eligible Active Voters by Councilmanic - GP22.xlsx
2026-02-25 12:42:04,642 INFO [depth=5] Crawling: https://www.elections.maryland.gov/press_room/2020_stats/Eligible Active Voters by County - PG20.pdf
2026-02-25 12:42:05,770 INFO [depth=5] Crawling: https://www.elections.maryland.gov/press_room/2020_stats/Eligible Active Voters by Congressional - PG20.pdf
2026-02-25 12:42:07,019 INFO [depth=5] Crawling: https://www.elections.maryland.gov/press_room/2020_stats/Eligible Active Voters by Legislative - PG20.pdf
2026-02-25 12:42:08,068 INFO [depth=5] Crawling: https://www.elections.maryland.gov/press_room/2020_stats/Eligible Active Voters by Councilmanic - PG20.pdf
2026-02-25 12:42:09,293 INFO [depth=5] Crawling: https://www.elections.maryland.gov/press_room/2020_stats/Eligible Active Voters by County - PG20.xlsx
2026-02-25 12:42:10,177 INFO [depth=5] Crawling: https://www.elections.maryland.gov/press_room/2020_stats/Eligible Active Voters by Congressional - PG20.xlsx
2026-02-25 12:42:11,086 INFO [depth=5] Crawling: https://www.elections.maryland.gov/press_room/2020_stats/Eligible Active Voters by Legislative - PG20.xlsx
2026-02-25 12:42:12,057 INFO [depth=5] Crawling: https://www.elections.maryland.gov/press_room/2020_stats/Eligible Active Voters by Councilmanic - PG20.xlsx
2026-02-25 12:42:12,921 INFO [depth=5] Crawling: https://www.elections.maryland.gov/press_room/2020_stats/Eligible Active Voters by County - Weekly.pdf
2026-02-25 12:42:14,421 INFO [depth=5] Crawling: https://www.elections.maryland.gov/press_room/2020_stats/Eligible Active Voters by Congressional - Weekly.pdf
2026-02-25 12:42:15,485 INFO [depth=5] Crawling: https://www.elections.maryland.gov/press_room/2020_stats/Eligible Active Voters by Legislative - Weekly.pdf
2026-02-25 12:42:16,503 INFO [depth=5] Crawling: https://www.elections.maryland.gov/press_room/2020_stats/Eligible Active Voters by County - Weekly.xlsx
2026-02-25 12:42:17,421 INFO [depth=5] Crawling: https://www.elections.maryland.gov/press_room/2020_stats/Eligible Active Voters by Congressional - Weekly.xlsx
2026-02-25 12:42:18,387 INFO [depth=5] Crawling: https://www.elections.maryland.gov/voter_registration/2020_stats/Eligible Active Voters by Legislative - Weekly.xlsx
2026-02-25 12:42:18,972 INFO HTTP 404 — marking failed: https://www.elections.maryland.gov/voter_registration/2020_stats/Eligible Active Voters by Legislative - Weekly.xlsx
2026-02-25 12:42:18,973 INFO [depth=5] Crawling: https://www.elections.maryland.gov/press_room/2018_stats/GG18_Eligible_Active_Voters_by_County.pdf
2026-02-25 12:42:20,003 INFO [depth=5] Crawling: https://www.elections.maryland.gov/press_room/2018_stats/GG18_Eligible_Active_Voters_by_Congressional.pdf
2026-02-25 12:42:21,072 INFO [depth=5] Crawling: https://www.elections.maryland.gov/press_room/2018_stats/GG18_Eligible_Active_Voters_by_Legislative.pdf
2026-02-25 12:42:22,113 INFO [depth=5] Crawling: https://www.elections.maryland.gov/press_room/2018_stats/GG18_Eligible_Active_Voters_by_County.xlsx
2026-02-25 12:42:23,041 INFO [depth=5] Crawling: https://www.elections.maryland.gov/press_room/2018_stats/GG18_Eligible_Active_Voters_by_Congressional.xlsx
2026-02-25 12:42:24,142 INFO [depth=5] Crawling: https://www.elections.maryland.gov/press_room/2018_stats/GG18_Eligible_Active_Voters_by_Legislative.xlsx
2026-02-25 12:42:25,015 INFO [depth=5] Crawling: https://www.elections.maryland.gov/press_room/2018_stats/GP18_Eligible_Active_Voters_by_County.pdf
2026-02-25 12:42:26,115 INFO [depth=5] Crawling: https://www.elections.maryland.gov/press_room/2018_stats/GP18_Eligible_Active_Voters_by_Congressional.pdf
2026-02-25 12:42:27,319 INFO [depth=5] Crawling: https://www.elections.maryland.gov/press_room/2018_stats/GP18_Eligible_Active_Voters_by_Legislative.pdf
2026-02-25 12:42:28,282 INFO [depth=5] Crawling: https://www.elections.maryland.gov/press_room/2018_stats/GP18_Eligible_Active_Voters_by_County.xlsx
2026-02-25 12:42:29,205 INFO [depth=5] Crawling: https://www.elections.maryland.gov/press_room/2018_stats/GP18_Eligible_Active_Voters_by_Congressional.xlsx
2026-02-25 12:42:30,191 INFO [depth=5] Crawling: https://www.elections.maryland.gov/press_room/2018_stats/GP18_Eligible_Active_Voters_by_Legislative.xlsx
2026-02-25 12:42:31,105 INFO [depth=5] Crawling: https://www.elections.maryland.gov/press_room/2016_stats/PG16_Eligible_Active_Voters_by_County.pdf
2026-02-25 12:42:32,205 INFO [depth=5] Crawling: https://www.elections.maryland.gov/press_room/2016_stats/PG16_Eligible_Active_Voters_by_Congressional.pdf
2026-02-25 12:42:33,269 INFO [depth=5] Crawling: https://www.elections.maryland.gov/press_room/2016_stats/PG16_Eligible_Active_Voters_by_Legislative.pdf
2026-02-25 12:42:34,447 INFO [depth=5] Crawling: https://www.elections.maryland.gov/press_room/2016_stats/PG16_Eligible_Active_Voters_by_County.xlsx
2026-02-25 12:42:35,356 INFO [depth=5] Crawling: https://www.elections.maryland.gov/press_room/2016_stats/PG16_Eligible_Active_Voters_by_Congressional.xlsx
2026-02-25 12:42:36,330 INFO [depth=5] Crawling: https://www.elections.maryland.gov/press_room/2016_stats/PG16_Eligible_Active_Voters_by_Legislative.xlsx
2026-02-25 12:42:37,567 INFO [depth=5] Crawling: https://www.elections.maryland.gov/press_room/2016_stats/PrecinctRegisterCounts_ByCounty.pdf
2026-02-25 12:42:38,556 INFO [depth=5] Crawling: https://www.elections.maryland.gov/press_room/2016_stats/PrecinctRegisterCounts_ByCongressionalDistrict.pdf
2026-02-25 12:42:39,562 INFO [depth=5] Crawling: https://www.elections.maryland.gov/press_room/2016_stats/PrecinctRegisterCounts_ByLegislativeDistrict.pdf
2026-02-25 12:42:41,305 INFO [depth=5] Crawling: https://www.elections.maryland.gov/press_room/2016_stats/PrecinctRegisterCounts_ByCounty.xlsx
2026-02-25 12:42:42,180 INFO [depth=5] Crawling: https://www.elections.maryland.gov/press_room/2016_stats/PrecinctRegisterCounts_ByCongressionalDistrict.xlsx
2026-02-25 12:42:43,124 INFO [depth=5] Crawling: https://www.elections.maryland.gov/press_room/2016_stats/PrecinctRegisterCounts_ByLegislativeDistrict.xlsx
2026-02-25 12:42:44,207 INFO [depth=5] Crawling: https://www.elections.maryland.gov/press_room/2014_stats/PrecinctRegisterCounts_ByCounty_GG14.pdf
2026-02-25 12:42:45,376 INFO [depth=5] Crawling: https://www.elections.maryland.gov/press_room/2014_stats/PrecinctRegisterCounts_ByCongressionalDistrict_GG14_GG14.pdf
2026-02-25 12:42:46,562 INFO [depth=5] Crawling: https://www.elections.maryland.gov/press_room/2014_stats/PrecinctRegisterCounts_ByLegislativeDistrict_GG14.pdf
2026-02-25 12:42:47,587 INFO [depth=5] Crawling: https://www.elections.maryland.gov/press_room/2014_stats/PrecinctRegisterCounts_ByCounty_GG14.xls
2026-02-25 12:42:48,735 INFO [depth=5] Crawling: https://www.elections.maryland.gov/press_room/2014_stats/PrecinctRegisterCounts_ByCongressionalDistrict_GG14.xls
2026-02-25 12:42:49,630 INFO [depth=5] Crawling: https://www.elections.maryland.gov/press_room/2014_stats/PrecinctRegisterCounts_ByLegislativeDistrict_GG14.xls
2026-02-25 12:42:50,580 INFO [depth=5] Crawling: https://www.elections.maryland.gov/press_room/2014_stats/PrecinctRegisterCounts_ByCounty.pdf
2026-02-25 12:42:51,756 INFO [depth=5] Crawling: https://www.elections.maryland.gov/press_room/2014_stats/PrecinctRegisterCounts_ByCongressionalDistrict.pdf
2026-02-25 12:42:52,839 INFO [depth=5] Crawling: https://www.elections.maryland.gov/press_room/2014_stats/PrecinctRegisterCounts_ByLegislativeDistrict.pdf
2026-02-25 12:42:53,892 INFO [depth=5] Crawling: https://www.elections.maryland.gov/press_room/2014_stats/PrecinctRegisterCounts_ByCounty.xls
2026-02-25 12:42:54,813 INFO [depth=5] Crawling: https://www.elections.maryland.gov/press_room/2014_stats/PrecinctRegisterCounts_ByCongressionalDistrict.xls
2026-02-25 12:42:55,863 INFO [depth=5] Crawling: https://www.elections.maryland.gov/press_room/2014_stats/PrecinctRegisterCounts_ByLegislativeDistrict.xls
2026-02-25 12:42:56,851 INFO [depth=5] Crawling: https://www.elections.maryland.gov/press_room/documents/PG12/PrecinctRegisterCounts/Statewide.pdf
2026-02-25 12:42:57,872 INFO [depth=5] Crawling: https://www.elections.maryland.gov/press_room/documents/PG12/PrecinctRegisterCounts/byprecinct.xls
2026-02-25 12:42:58,907 INFO [depth=5] Crawling: https://www.elections.maryland.gov/press_room/documents/PG12/PrecinctRegisterCounts/allegany.pdf
2026-02-25 12:42:59,993 INFO [depth=5] Crawling: https://www.elections.maryland.gov/press_room/documents/PG12/PrecinctRegisterCounts/aa.pdf
2026-02-25 12:43:01,232 INFO [depth=5] Crawling: https://www.elections.maryland.gov/press_room/documents/PG12/PrecinctRegisterCounts/bcity.pdf
2026-02-25 12:43:02,349 INFO [depth=5] Crawling: https://www.elections.maryland.gov/press_room/documents/PG12/PrecinctRegisterCounts/bcounty.pdf
2026-02-25 12:43:03,520 INFO [depth=5] Crawling: https://www.elections.maryland.gov/press_room/documents/PG12/PrecinctRegisterCounts/calvert.pdf
2026-02-25 12:43:04,571 INFO [depth=5] Crawling: https://www.elections.maryland.gov/press_room/documents/PG12/PrecinctRegisterCounts/caroline.pdf
2026-02-25 12:43:05,553 INFO [depth=5] Crawling: https://www.elections.maryland.gov/press_room/documents/PG12/PrecinctRegisterCounts/carroll.pdf
2026-02-25 12:43:06,653 INFO [depth=5] Crawling: https://www.elections.maryland.gov/press_room/documents/PG12/PrecinctRegisterCounts/cecil.pdf
2026-02-25 12:43:07,678 INFO [depth=5] Crawling: https://www.elections.maryland.gov/press_room/documents/PG12/PrecinctRegisterCounts/charles.pdf
2026-02-25 12:43:08,773 INFO [depth=5] Crawling: https://www.elections.maryland.gov/press_room/documents/PG12/PrecinctRegisterCounts/dorchester.pdf
2026-02-25 12:43:09,769 INFO [depth=5] Crawling: https://www.elections.maryland.gov/press_room/documents/PG12/PrecinctRegisterCounts/frederick.pdf
2026-02-25 12:43:10,880 INFO [depth=5] Crawling: https://www.elections.maryland.gov/press_room/documents/PG12/PrecinctRegisterCounts/garrett.pdf
2026-02-25 12:43:11,982 INFO [depth=5] Crawling: https://www.elections.maryland.gov/press_room/documents/PG12/PrecinctRegisterCounts/harford.pdf
2026-02-25 12:43:12,981 INFO [depth=5] Crawling: https://www.elections.maryland.gov/press_room/documents/PG12/PrecinctRegisterCounts/howard.pdf
2026-02-25 12:43:14,096 INFO [depth=5] Crawling: https://www.elections.maryland.gov/press_room/documents/PG12/PrecinctRegisterCounts/kent.pdf
2026-02-25 12:43:15,413 INFO [depth=5] Crawling: https://www.elections.maryland.gov/press_room/documents/PG12/PrecinctRegisterCounts/montgomery.pdf
2026-02-25 12:43:16,367 INFO [depth=5] Crawling: https://www.elections.maryland.gov/press_room/documents/PG12/PrecinctRegisterCounts/pg.pdf
2026-02-25 12:43:17,453 INFO [depth=5] Crawling: https://www.elections.maryland.gov/press_room/documents/PG12/PrecinctRegisterCounts/qa.pdf
2026-02-25 12:43:18,453 INFO [depth=5] Crawling: https://www.elections.maryland.gov/press_room/documents/PG12/PrecinctRegisterCounts/sm.pdf
2026-02-25 12:43:21,305 INFO [depth=5] Crawling: https://www.elections.maryland.gov/press_room/documents/PG12/PrecinctRegisterCounts/somerset.pdf
2026-02-25 12:43:22,421 INFO [depth=5] Crawling: https://www.elections.maryland.gov/press_room/documents/PG12/PrecinctRegisterCounts/talbot.pdf
2026-02-25 12:43:23,423 INFO [depth=5] Crawling: https://www.elections.maryland.gov/press_room/documents/PG12/PrecinctRegisterCounts/washington.pdf
2026-02-25 12:43:24,452 INFO [depth=5] Crawling: https://www.elections.maryland.gov/press_room/documents/PG12/PrecinctRegisterCounts/wicomico.pdf
2026-02-25 12:43:25,594 INFO [depth=5] Crawling: https://www.elections.maryland.gov/press_room/documents/PG12/PrecinctRegisterCounts/worcester.pdf
2026-02-25 12:43:26,612 INFO [depth=5] Crawling: https://www.elections.maryland.gov/press_room/documents/PP12/PrecinctRegisterCounts/statewide.pdf
2026-02-25 12:43:27,678 INFO [depth=5] Crawling: https://www.elections.maryland.gov/press_room/documents/PP12/PrecinctRegisterCounts/byprecinct.xls
2026-02-25 12:43:28,609 INFO [depth=5] Crawling: https://www.elections.maryland.gov/press_room/documents/PP12/PrecinctRegisterCounts/allegany.pdf
2026-02-25 12:43:29,797 INFO [depth=5] Crawling: https://www.elections.maryland.gov/press_room/documents/PP12/PrecinctRegisterCounts/aa.pdf
2026-02-25 12:43:30,853 INFO [depth=5] Crawling: https://www.elections.maryland.gov/press_room/documents/PP12/PrecinctRegisterCounts/bcity.pdf
2026-02-25 12:43:31,938 INFO [depth=5] Crawling: https://www.elections.maryland.gov/press_room/documents/PP12/PrecinctRegisterCounts/bcounty.pdf
2026-02-25 12:43:32,955 INFO [depth=5] Crawling: https://www.elections.maryland.gov/press_room/documents/PP12/PrecinctRegisterCounts/calvert.pdf
2026-02-25 12:43:34,003 INFO [depth=5] Crawling: https://www.elections.maryland.gov/press_room/documents/PP12/PrecinctRegisterCounts/caroline.pdf
2026-02-25 12:43:35,136 INFO [depth=5] Crawling: https://www.elections.maryland.gov/press_room/documents/PP12/PrecinctRegisterCounts/carroll.pdf
2026-02-25 12:43:36,259 INFO [depth=5] Crawling: https://www.elections.maryland.gov/press_room/documents/PP12/PrecinctRegisterCounts/cecil.pdf
2026-02-25 12:43:37,449 INFO [depth=5] Crawling: https://www.elections.maryland.gov/press_room/documents/PP12/PrecinctRegisterCounts/charles.pdf
2026-02-25 12:43:38,541 INFO [depth=5] Crawling: https://www.elections.maryland.gov/press_room/documents/PP12/PrecinctRegisterCounts/dorchester.pdf
2026-02-25 12:43:39,587 INFO [depth=5] Crawling: https://www.elections.maryland.gov/press_room/documents/PP12/PrecinctRegisterCounts/frederick.pdf
2026-02-25 12:43:40,763 INFO [depth=5] Crawling: https://www.elections.maryland.gov/press_room/documents/PP12/PrecinctRegisterCounts/garrett.pdf
2026-02-25 12:43:41,807 INFO [depth=5] Crawling: https://www.elections.maryland.gov/press_room/documents/PP12/PrecinctRegisterCounts/harford.pdf
2026-02-25 12:43:42,856 INFO [depth=5] Crawling: https://www.elections.maryland.gov/press_room/documents/PP12/PrecinctRegisterCounts/howard.pdf
2026-02-25 12:43:44,153 INFO [depth=5] Crawling: https://www.elections.maryland.gov/press_room/documents/PP12/PrecinctRegisterCounts/kent.pdf
2026-02-25 12:43:45,255 INFO [depth=5] Crawling: https://www.elections.maryland.gov/press_room/documents/PP12/PrecinctRegisterCounts/montgomery.pdf
2026-02-25 12:43:46,655 INFO [depth=5] Crawling: https://www.elections.maryland.gov/press_room/documents/PP12/PrecinctRegisterCounts/pg.pdf
2026-02-25 12:43:47,852 INFO [depth=5] Crawling: https://www.elections.maryland.gov/press_room/documents/PP12/PrecinctRegisterCounts/qa.pdf
2026-02-25 12:43:48,954 INFO [depth=5] Crawling: https://www.elections.maryland.gov/press_room/documents/PP12/PrecinctRegisterCounts/sm.pdf
2026-02-25 12:43:50,346 INFO [depth=5] Crawling: https://www.elections.maryland.gov/press_room/documents/PP12/PrecinctRegisterCounts/somerset.pdf
2026-02-25 12:43:51,446 INFO [depth=5] Crawling: https://www.elections.maryland.gov/press_room/documents/PP12/PrecinctRegisterCounts/talbot.pdf
2026-02-25 12:43:52,561 INFO [depth=5] Crawling: https://www.elections.maryland.gov/press_room/documents/PP12/PrecinctRegisterCounts/washington.pdf
2026-02-25 12:43:53,734 INFO [depth=5] Crawling: https://www.elections.maryland.gov/press_room/documents/PP12/PrecinctRegisterCounts/wicomico.pdf
2026-02-25 12:43:55,828 INFO [depth=5] Crawling: https://www.elections.maryland.gov/press_room/documents/PP12/PrecinctRegisterCounts/worcester.pdf
2026-02-25 12:43:57,434 INFO [depth=5] Crawling: https://www.elections.maryland.gov/voter_registration/documents/precinctregistercounts_bcp11.pdf
2026-02-25 12:43:58,677 INFO [depth=5] Crawling: https://www.elections.maryland.gov/voter_registration/documents/precinctregistercounts_byprecinct.xls
2026-02-25 12:43:59,575 INFO [depth=5] Crawling: https://www.elections.maryland.gov/voter_registration/archive_bydistricts.html
2026-02-25 12:44:00,501 INFO [depth=5] Crawling: https://www.elections.maryland.gov/candidacy/documents/SOO.pdf
2026-02-25 12:44:01,718 INFO [depth=5] Crawling: https://www.elections.maryland.gov/candidacy/documents/local_candidate_filing_packages.pdf
2026-02-25 12:44:02,735 INFO [depth=5] Crawling: https://www.elections.maryland.gov/candidacy/documents/DeclarationofIntenttoSeekNominationbyPetition.pdf
2026-02-25 12:44:03,713 INFO [depth=5] Crawling: https://www.elections.maryland.gov/candidacy/documents/Voter_Counts_for_Petitions.pdf
2026-02-25 12:44:04,733 INFO [depth=5] Crawling: https://www.elections.maryland.gov/candidacy/ccf.sbe@maryland.gov
2026-02-25 12:44:04,916 INFO HTTP 404 — marking failed: https://www.elections.maryland.gov/candidacy/ccf.sbe@maryland.gov
2026-02-25 12:44:04,916 INFO [depth=5] Crawling: https://www.elections.maryland.gov/candidacy/documents/Write_In_Candidate_Information_2016_final.pdf
2026-02-25 12:44:06,205 INFO [depth=5] Crawling: https://www.elections.maryland.gov/forms/petitions.html
2026-02-25 12:44:07,189 INFO [depth=5] Crawling: https://www.elections.maryland.gov/candidacy/candidate_filing.html
2026-02-25 12:44:08,144 INFO [depth=5] Crawling: https://www.elections.maryland.gov/press_room/Dis-Misinformation.html
2026-02-25 12:44:09,046 INFO [depth=5] Crawling: https://www.elections.maryland.gov/press_room/documents/2026/US_Dept_of_Homeland_Security-Elections_Release.pdf
2026-02-25 12:44:10,075 INFO [depth=5] Crawling: https://www.elections.maryland.gov/press_room/documents/2026/MD_State_Administrator_of_Elections_Addresses_MisDisinformation_of_Nationalization_of_Elections.pdf
2026-02-25 12:44:11,153 INFO [depth=5] Crawling: https://www.elections.maryland.gov/press_room/documents/2026/MSBE_Launches_Modernized_Campaign_Finance_Reporting_Systems.pdf
2026-02-25 12:44:12,347 INFO [depth=5] Crawling: https://www.elections.maryland.gov/press_room/documents/2026/USPS_Policy_Change_Press_Release.pdf
2026-02-25 12:44:13,424 INFO [depth=5] Crawling: https://www.elections.maryland.gov/press_room/2026_stats/PMIBs/Report_Per_Abs_Monthly.pdf
2026-02-25 12:44:14,552 INFO [depth=5] Crawling: https://www.elections.maryland.gov/press_room/2026_stats/PMIBs/Report_Per_Abs_Monthly.xlsx
2026-02-25 12:44:15,518 INFO [depth=5] Crawling: https://www.elections.maryland.gov/press_room/documents/2025/Defenders_of_Democracy_2025_Final.pdf
2026-02-25 12:44:16,536 INFO [depth=5] Crawling: https://www.elections.maryland.gov/press_room/documents/2025/2025-09-30-Non-Citizen_Inquiry.pdf
2026-02-25 12:44:17,594 INFO [depth=5] Crawling: https://www.elections.maryland.gov/press_room/documents/2025/SBE_domestic_violence_awareness_2025.pdf
2026-02-25 12:44:18,568 INFO [depth=5] Crawling: https://www.elections.maryland.gov/press_room/documents/2025/SBE_national_voter_registration_day_2025.pdf
2026-02-25 12:44:19,632 INFO [depth=5] Crawling: https://www.elections.maryland.gov/press_room/documents/2025/SBE_Creates_High_School_Senior_Voter_Registration_Contest_SP_9.2025.pdf
2026-02-25 12:44:20,770 INFO [depth=5] Crawling: https://www.elections.maryland.gov/press_room/documents/2025/SBE Clearie Award_FINAL.pdf
2026-02-25 12:44:21,915 INFO [depth=5] Crawling: https://www.elections.maryland.gov/press_room/documents/2025/Jones Retirement Announcement 4.3.25.pdf
2026-02-25 12:44:22,955 INFO [depth=5] Crawling: https://www.elections.maryland.gov/press_room/documents/2025/Statement_on_Executive_Order_3-26-2025.pdf
2026-02-25 12:44:24,063 INFO [depth=5] Crawling: https://www.elections.maryland.gov/press_room/documents/2025/Maryland State Board of Elections Highlights Key Voting Information 2025 Special Election_FINAL_.pdf
2026-02-25 12:44:25,152 INFO [depth=5] Crawling: https://www.elections.maryland.gov/press_room/documents/2025/SBE_PR Informacion Clave Elecciones Especiales PG County_ES_1.2025.pdf
2026-02-25 12:44:26,401 INFO [depth=5] Crawling: https://www.elections.maryland.gov/press_room/2025_stats/PMIBs/Report_Per_Abs_Monthly.pdf
2026-02-25 12:44:27,422 INFO [depth=5] Crawling: https://www.elections.maryland.gov/press_room/2025_stats/PMIBs/Report_Per_Abs_Monthly.xlsx
2026-02-25 12:44:28,429 INFO [depth=5] Crawling: https://www.elections.maryland.gov/press_room/2024_stats/SPG25/ZOfficial by Party and County_GP22Only.pdf
2026-02-25 12:44:29,536 INFO [depth=5] Crawling: https://www.elections.maryland.gov/press_room/2024_stats/SPG25/ZOfficial by Party and County_GP22Only.xlsx
2026-02-25 12:44:30,421 INFO [depth=5] Crawling: https://www.elections.maryland.gov/press_room/2024_stats/SPG25/ZOfficial by Party and Congressional_GP22Only.pdf
2026-02-25 12:44:31,487 INFO [depth=5] Crawling: https://www.elections.maryland.gov/press_room/2024_stats/SPG25/ZOfficial by Party and Congressional_GP22Only.xlsx
2026-02-25 12:44:32,480 INFO [depth=5] Crawling: https://www.elections.maryland.gov/press_room/2024_stats/SPG25/ZOfficial by Party and Legislative_GP22Only.pdf
2026-02-25 12:44:33,546 INFO [depth=5] Crawling: https://www.elections.maryland.gov/press_room/2024_stats/SPG25/ZOfficial by Party and Legislative_GP22Only.xlsx
2026-02-25 12:44:34,570 INFO [depth=5] Crawling: https://www.elections.maryland.gov/press_room/2024_stats/SPG25/ZOfficial by Party and Precinct_GP22Only.csv
2026-02-25 12:44:35,519 INFO [depth=5] Crawling: https://www.elections.maryland.gov/press_room/2024_stats/SPG25/ZOfficial_CountyAndCanvass_GP22Only.pdf
2026-02-25 12:44:37,115 INFO [depth=5] Crawling: https://www.elections.maryland.gov/press_room/2024_stats/SPG25/ZOfficial_VotesAcceptedBy_CountyAndCanvass_GP22Only.pdf
2026-02-25 12:44:38,502 INFO [depth=5] Crawling: https://www.elections.maryland.gov/press_room/2024_stats/SPG25/ZOfficial Vote-By-Mail Voting(NEW)_GP22Only.pdf
2026-02-25 12:44:40,015 INFO [depth=5] Crawling: https://www.elections.maryland.gov/press_room/2024_stats/SPG25/ZOfficial Provisional Voting_GP22Only.pdf
2026-02-25 12:44:41,258 INFO [depth=5] Crawling: https://www.elections.maryland.gov/press_room/2024_stats/SPG25/Mail-in Ballot Request Counts with Chart.pdf
2026-02-25 12:44:42,428 INFO [depth=5] Crawling: https://www.elections.maryland.gov/press_room/2024_stats/SPG25/Mail-in Ballot Request Counts with Chart.xlsx
2026-02-25 12:44:43,347 INFO [depth=5] Crawling: https://www.elections.maryland.gov/press_room/2024_stats/SPG25/Absentees Sent and Returned by County.pdf
2026-02-25 12:44:44,718 INFO [depth=5] Crawling: https://www.elections.maryland.gov/press_room/2024_stats/SPG25/Absentees Sent and Returned by County.xlsx
2026-02-25 12:44:45,566 INFO [depth=5] Crawling: https://www.elections.maryland.gov/press_room/2024_stats/SPG25/Absentees Sent and Returned by Congressional.pdf
2026-02-25 12:44:46,542 INFO [depth=5] Crawling: https://www.elections.maryland.gov/press_room/2024_stats/SPG25/Absentees Sent and Returned by Congressional.xlsx
2026-02-25 12:44:47,560 INFO [depth=5] Crawling: https://www.elections.maryland.gov/press_room/2024_stats/SPG25/Absentees Sent and Returned by Legislative.pdf
2026-02-25 12:44:48,647 INFO [depth=5] Crawling: https://www.elections.maryland.gov/press_room/2024_stats/SPG25/Absentees Sent and Returned by Legislative.xlsx
2026-02-25 12:44:49,637 INFO [depth=5] Crawling: https://www.elections.maryland.gov/press_room/2024_stats/SPG25/Eligible Active Voters by County - SPG25.pdf
2026-02-25 12:44:50,698 INFO [depth=5] Crawling: https://www.elections.maryland.gov/press_room/2024_stats/SPG25/Eligible Active Voters by Congressional - SPG25.pdf
2026-02-25 12:44:52,062 INFO [depth=5] Crawling: https://www.elections.maryland.gov/press_room/2024_stats/SPG25/Eligible Active Voters by Legislative - SPG25.pdf
2026-02-25 12:44:53,228 INFO [depth=5] Crawling: https://www.elections.maryland.gov/press_room/2024_stats/SPG25/Eligible Active Voters by Councilmanic - SPG25.pdf
2026-02-25 12:44:54,813 INFO [depth=5] Crawling: https://www.elections.maryland.gov/press_room/2024_stats/SPG25/Eligible Active Voters by County - SPG25.xlsx
2026-02-25 12:44:56,343 INFO [depth=5] Crawling: https://www.elections.maryland.gov/press_room/2024_stats/SPG25/Eligible Active Voters by Congressional - SPG25.xlsx
2026-02-25 12:44:57,453 INFO [depth=5] Crawling: https://www.elections.maryland.gov/press_room/2024_stats/SPG25/Eligible Active Voters by Legislative - SPG25.xlsx
2026-02-25 12:44:58,444 INFO [depth=5] Crawling: https://www.elections.maryland.gov/press_room/2024_stats/SPG25/Eligible Active Voters by Councilmanic - SPG25.xlsx
2026-02-25 12:44:59,404 INFO [depth=5] Crawling: https://www.elections.maryland.gov/press_room/2024_stats/SPG25/Eligible Inactive Voters - SPG25.pdf
2026-02-25 12:45:00,587 INFO [depth=5] Crawling: https://www.elections.maryland.gov/press_room/2024_stats/SPG25/Eligible Inactive Voters - SPG25.xlsx
2026-02-25 12:45:01,575 INFO [depth=5] Crawling: https://www.elections.maryland.gov/press_room/2024_stats/SPG25/EarlyVoting by Congressional District.pdf
2026-02-25 12:45:02,745 INFO [depth=5] Crawling: https://www.elections.maryland.gov/press_room/2024_stats/SPG25/EarlyVoting  by Legislative District.pdf
2026-02-25 12:45:04,004 INFO [depth=5] Crawling: https://www.elections.maryland.gov/press_room/2024_stats/SPG25/EarlyVoting  by Councilmanic District.pdf
2026-02-25 12:45:05,368 INFO [depth=5] Crawling: https://www.elections.maryland.gov/press_room/2024_stats/SPG25/EarlyVoting by County.pdf
2026-02-25 12:45:06,575 INFO [depth=5] Crawling: https://www.elections.maryland.gov/press_room/2024_stats/SPG25/EarlyVoting  by Party.pdf
2026-02-25 12:45:07,988 INFO [depth=5] Crawling: https://www.elections.maryland.gov/press_room/2024_stats/SPG25/EarlyVoting  by Location.pdf
2026-02-25 12:45:09,228 INFO [depth=5] Crawling: https://www.elections.maryland.gov/press_room/2024_stats/SPG25/EarlyVoting RAW data.csv
2026-02-25 12:45:10,271 INFO [depth=5] Crawling: https://www.elections.maryland.gov/press_room/2024_stats/SPG25/SameDayRegistration by Congressional District.pdf
2026-02-25 12:45:11,301 INFO [depth=5] Crawling: https://www.elections.maryland.gov/press_room/2024_stats/SPG25/SameDayRegistration by Legislative District.pdf
2026-02-25 12:45:12,395 INFO [depth=5] Crawling: https://www.elections.maryland.gov/press_room/2024_stats/SPG25/SameDayRegistration by Councilmanic District.pdf
2026-02-25 12:45:13,440 INFO [depth=5] Crawling: https://www.elections.maryland.gov/press_room/2024_stats/SPG25/SameDayRegistration by County.pdf
2026-02-25 12:45:14,446 INFO [depth=5] Crawling: https://www.elections.maryland.gov/press_room/2024_stats/SPG25/SameDayRegistration by Party.pdf
2026-02-25 12:45:15,658 INFO [depth=5] Crawling: https://www.elections.maryland.gov/press_room/2024_stats/SPG25/SameDayRegistration by Location.pdf
2026-02-25 12:45:16,708 INFO [depth=5] Crawling: https://www.elections.maryland.gov/press_room/2024_stats/SPG25/SameDayRegistration RAW data.csv
2026-02-25 12:45:17,621 INFO [depth=5] Crawling: https://www.elections.maryland.gov/press_room/2024_stats/SPP25/Official by Party and County.pdf
2026-02-25 12:45:18,804 INFO [depth=5] Crawling: https://www.elections.maryland.gov/press_room/2024_stats/SPP25/Official by Party and County.xlsx
2026-02-25 12:45:19,682 INFO [depth=5] Crawling: https://www.elections.maryland.gov/press_room/2024_stats/SPP25/Official by Party and Congressional.pdf
2026-02-25 12:45:20,804 INFO [depth=5] Crawling: https://www.elections.maryland.gov/press_room/2024_stats/SPP25/Official by Party and Congressional.xlsx
2026-02-25 12:45:21,699 INFO [depth=5] Crawling: https://www.elections.maryland.gov/press_room/2024_stats/SPP25/Official by Party and Legislative.pdf
2026-02-25 12:45:22,829 INFO [depth=5] Crawling: https://www.elections.maryland.gov/press_room/2024_stats/SPP25/Official by Party and Legislative.xlsx
2026-02-25 12:45:23,703 INFO [depth=5] Crawling: https://www.elections.maryland.gov/press_room/2024_stats/SPP25/Official by Party and Precinct.csv
2026-02-25 12:45:24,636 INFO [depth=5] Crawling: https://www.elections.maryland.gov/press_room/2024_stats/SPP25/Official_CountyAndCanvass.pdf
2026-02-25 12:45:25,821 INFO [depth=5] Crawling: https://www.elections.maryland.gov/press_room/2024_stats/SPP25/Official_VotesAcceptedBy_CountyAndCanvass.pdf
2026-02-25 12:45:27,064 INFO [depth=5] Crawling: https://www.elections.maryland.gov/press_room/2024_stats/SPP25/Official Vote-By-Mail Voting(NEW).pdf
2026-02-25 12:45:28,246 INFO [depth=5] Crawling: https://www.elections.maryland.gov/press_room/2024_stats/SPP25/Official Provisional Voting.pdf
2026-02-25 12:45:29,680 INFO [depth=5] Crawling: https://www.elections.maryland.gov/press_room/2024_stats/SPP25/Mail-in Ballot Request Counts with Chart.pdf
2026-02-25 12:45:30,882 INFO [depth=5] Crawling: https://www.elections.maryland.gov/press_room/2024_stats/SPP25/Mail-in Ballot Request Counts with Chart.xlsx
2026-02-25 12:45:31,812 INFO [depth=5] Crawling: https://www.elections.maryland.gov/press_room/2024_stats/SPP25/Absentees Sent and Returned by County.pdf
2026-02-25 12:45:33,064 INFO [depth=5] Crawling: https://www.elections.maryland.gov/press_room/2024_stats/SPP25/Absentees Sent and Returned by County.xlsx
2026-02-25 12:45:34,009 INFO [depth=5] Crawling: https://www.elections.maryland.gov/press_room/2024_stats/SPP25/Absentees Sent and Returned by Congressional.pdf
2026-02-25 12:45:35,250 INFO [depth=5] Crawling: https://www.elections.maryland.gov/press_room/2024_stats/SPP25/Absentees Sent and Returned by Congressional.xlsx
2026-02-25 12:45:36,296 INFO [depth=5] Crawling: https://www.elections.maryland.gov/press_room/2024_stats/SPP25/Absentees Sent and Returned by Legislative.pdf
2026-02-25 12:45:37,541 INFO [depth=5] Crawling: https://www.elections.maryland.gov/press_room/2024_stats/SPP25/Absentees Sent and Returned by Legislative.xlsx
2026-02-25 12:45:38,545 INFO [depth=5] Crawling: https://www.elections.maryland.gov/press_room/2024_stats/SPP25/Eligible Active Voters by County - SPP25.pdf
2026-02-25 12:45:39,605 INFO [depth=5] Crawling: https://www.elections.maryland.gov/press_room/2024_stats/SPP25/Eligible Active Voters by Congressional - SPP25.pdf
2026-02-25 12:45:40,621 INFO [depth=5] Crawling: https://www.elections.maryland.gov/press_room/2024_stats/SPP25/Eligible Active Voters by Legislative - SPP25.pdf
2026-02-25 12:45:41,742 INFO [depth=5] Crawling: https://www.elections.maryland.gov/press_room/2024_stats/SPP25/Eligible Active Voters by Councilmanic - SPP25.pdf
2026-02-25 12:45:42,830 INFO [depth=5] Crawling: https://www.elections.maryland.gov/press_room/2024_stats/SPP25/Eligible Active Voters by County - SPP25.xlsx
2026-02-25 12:45:43,729 INFO [depth=5] Crawling: https://www.elections.maryland.gov/press_room/2024_stats/SPP25/Eligible Active Voters by Congressional - SPP25.xlsx
2026-02-25 12:45:44,654 INFO [depth=5] Crawling: https://www.elections.maryland.gov/press_room/2024_stats/SPP25/Eligible Active Voters by Legislative - SPP25.xlsx
2026-02-25 12:45:45,595 INFO [depth=5] Crawling: https://www.elections.maryland.gov/press_room/2024_stats/SPP25/Eligible Active Voters by Councilmanic - SPP25.xlsx
2026-02-25 12:45:46,490 INFO [depth=5] Crawling: https://www.elections.maryland.gov/press_room/2024_stats/SPP25/Eligible Inactive Voters - SPP25.pdf
2026-02-25 12:45:47,522 INFO [depth=5] Crawling: https://www.elections.maryland.gov/press_room/2024_stats/SPP25/Eligible Inactive Voters - SPP25.xlsx
2026-02-25 12:45:48,441 INFO [depth=5] Crawling: https://www.elections.maryland.gov/press_room/2024_stats/SPP25/EarlyVoting by Congressional District.pdf
2026-02-25 12:45:49,425 INFO [depth=5] Crawling: https://www.elections.maryland.gov/press_room/2024_stats/SPP25/EarlyVoting  by Legislative District.pdf
2026-02-25 12:45:50,861 INFO [depth=5] Crawling: https://www.elections.maryland.gov/press_room/2024_stats/SPP25/EarlyVoting  by Councilmanic District.pdf
2026-02-25 12:45:52,268 INFO [depth=5] Crawling: https://www.elections.maryland.gov/press_room/2024_stats/SPP25/EarlyVoting by County.pdf
2026-02-25 12:45:53,396 INFO [depth=5] Crawling: https://www.elections.maryland.gov/press_room/2024_stats/SPP25/EarlyVoting  by Party.pdf
2026-02-25 12:45:54,982 INFO [depth=5] Crawling: https://www.elections.maryland.gov/press_room/2024_stats/SPP25/EarlyVoting  by Location.pdf
2026-02-25 12:45:56,033 INFO [depth=5] Crawling: https://www.elections.maryland.gov/press_room/2024_stats/SPP25/EarlyVoting RAW data.csv
2026-02-25 12:45:56,969 INFO [depth=5] Crawling: https://www.elections.maryland.gov/press_room/2024_stats/SPP25/SameDayRegistration by Congressional District.pdf
2026-02-25 12:45:58,323 INFO [depth=5] Crawling: https://www.elections.maryland.gov/press_room/2024_stats/SPP25/SameDayRegistration by Legislative District.pdf
2026-02-25 12:45:59,486 INFO [depth=5] Crawling: https://www.elections.maryland.gov/press_room/2024_stats/SPP25/SameDayRegistration by Councilmanic District.pdf
2026-02-25 12:46:00,595 INFO [depth=5] Crawling: https://www.elections.maryland.gov/press_room/2024_stats/SPP25/SameDayRegistration by County.pdf
2026-02-25 12:46:01,693 INFO [depth=5] Crawling: https://www.elections.maryland.gov/press_room/2024_stats/SPP25/SameDayRegistration by Party.pdf
2026-02-25 12:46:02,916 INFO [depth=5] Crawling: https://www.elections.maryland.gov/press_room/2024_stats/SPP25/SameDayRegistration by Location.pdf
2026-02-25 12:46:04,055 INFO [depth=5] Crawling: https://www.elections.maryland.gov/press_room/2024_stats/SPP25/SameDayRegistration RAW data.csv
2026-02-25 12:46:05,082 INFO [depth=5] Crawling: https://www.elections.maryland.gov/press_room/documents/Electoral Vote Final 12.17.24.pdf
2026-02-25 12:46:06,120 INFO [depth=5] Crawling: https://www.elections.maryland.gov/press_room/documents/post election media availability 11-9-2024.pdf
2026-02-25 12:46:07,229 INFO [depth=5] Crawling: https://www.elections.maryland.gov/press_room/documents/Administrador de Elecciones en Maryland tendra encuentro con medios_SP_11.2024.pdf
2026-02-25 12:46:08,250 INFO [depth=5] Crawling: https://www.elections.maryland.gov/press_room/documents/SBE Statement Cerification Process 11_8_24.pdf
2026-02-25 12:46:09,231 INFO [depth=5] Crawling: https://www.elections.maryland.gov/press_room/documents/Statement by the State Administrator of Elections_SP_11.2024.pdf
2026-02-25 12:46:10,586 INFO [depth=5] Crawling: https://www.elections.maryland.gov/press_room/documents/mail-in ballot canvass continues 11 2024 final.pdf
2026-02-25 12:46:11,954 INFO [depth=5] Crawling: https://www.elections.maryland.gov/press_room/2024_stats/BMD misinformation 11.4.2024.pdf
2026-02-25 12:46:13,611 INFO [depth=5] Crawling: https://www.elections.maryland.gov/press_room/documents/Declaracion sobre informacion incorrecta sobre dispositivo de marcado de papeletas_SP_11.2024.pdf
2026-02-25 12:46:14,690 INFO [depth=5] Crawling: https://www.elections.maryland.gov/press_room/documents/Election Day Tomorrow 11.4.24.pdf
2026-02-25 12:46:15,737 INFO [depth=5] Crawling: https://www.elections.maryland.gov/press_room/documents/MaÃ±ana, 5 de noviembre, es el Dia de las Elecciones_SP_11.2024.pdf
2026-02-25 12:46:16,053 INFO HTTP 404 — marking failed: https://www.elections.maryland.gov/press_room/documents/MaÃ±ana, 5 de noviembre, es el Dia de las Elecciones_SP_11.2024.pdf
2026-02-25 12:46:16,055 INFO [depth=5] Crawling: https://www.elections.maryland.gov/press_room/documents/2024 election hero day 11 4 2024 final.pdf
2026-02-25 12:46:17,198 INFO [depth=5] Crawling: https://www.elections.maryland.gov/press_room/2024_stats/SBE Honra a Trabajadores Electorales en el Dia del Heroe Electoral_SP_11.2024.pdf
2026-02-25 12:46:18,463 INFO [depth=5] Crawling: https://www.elections.maryland.gov/press_room/documents/2024 EV Ends.pdf
2026-02-25 12:46:19,621 INFO [depth=5] Crawling: https://www.elections.maryland.gov/press_room/documents/VotaciÃ³n Anticipada Finaliza 31 Octubre en Elecciones Generales_SP_10.2024.pdf
2026-02-25 12:46:20,030 INFO HTTP 404 — marking failed: https://www.elections.maryland.gov/press_room/documents/VotaciÃ³n Anticipada Finaliza 31 Octubre en Elecciones Generales_SP_10.2024.pdf
2026-02-25 12:46:20,031 INFO [depth=5] Crawling: https://www.elections.maryland.gov/press_room/documents/2024 general ballot request deadline 10 2024 FINAL.pdf
2026-02-25 12:46:21,091 INFO [depth=5] Crawling: https://www.elections.maryland.gov/press_room/documents/Queda Poco Tiempo para Solicitar una Papeleta de Voto por Correo_SP_10.2024.pdf
2026-02-25 12:46:22,246 INFO [depth=5] Crawling: https://www.elections.maryland.gov/press_room/documents/2024 general early voting reminder 10 2024.pdf
2026-02-25 12:46:23,362 INFO [depth=5] Crawling: https://www.elections.maryland.gov/press_room/documents/Votacion Anticipada en Persona Comienza el Jueves 24 de Octubre_SP_10.2024.pdf
2026-02-25 12:46:24,479 INFO [depth=5] Crawling: https://www.elections.maryland.gov/press_room/documents/2024 General MIB Canvass 10.14.2024.pdf
2026-02-25 12:46:25,611 INFO [depth=5] Crawling: https://www.elections.maryland.gov/press_room/documents/Maryland Comienza Escrutinio de Papeletas de Voto por Correo_SP_10.2024.pdf
2026-02-25 12:46:26,760 INFO [depth=5] Crawling: https://www.elections.maryland.gov/press_room/documents/SBE cyber awareness 2024 (002).pdf
2026-02-25 12:46:28,178 INFO [depth=5] Crawling: https://www.elections.maryland.gov/press_room/documents/PR MD SBE advierte a electores sobre difusiÃ³n de informacion falsa sobre el registro electoral_10.2024.pdf
2026-02-25 12:46:28,574 INFO HTTP 404 — marking failed: https://www.elections.maryland.gov/press_room/documents/PR MD SBE advierte a electores sobre difusiÃ³n de informacion falsa sobre el registro electoral_10.2024.pdf
2026-02-25 12:46:28,576 INFO [depth=5] Crawling: https://www.elections.maryland.gov/press_room/documents/Notice of Statewide Canvass Dates PG24.pdf
2026-02-25 12:46:29,968 INFO [depth=5] Crawling: https://www.elections.maryland.gov/press_room/documents/SBE 2024 general advance registration deadline.pdf
2026-02-25 12:46:31,126 INFO [depth=5] Crawling: https://www.elections.maryland.gov/press_room/documents/PR Fecha limite para el registro anticipado de votantes es el 15 de octubre_SP_10.2024.pdf
2026-02-25 12:46:32,346 INFO [depth=5] Crawling: https://www.elections.maryland.gov/press_room/documents/SBE domestic violence awareness 2024 FINAL.pdf
2026-02-25 12:46:33,949 INFO [depth=5] Crawling: https://www.elections.maryland.gov/press_room/documents/PR SBE recuerda importancia de programas de confidencialidad del votante en MD_SP_10.2024.pdf
2026-02-25 12:46:34,950 INFO [depth=5] Crawling: https://www.elections.maryland.gov/press_room/documents/SBE Election Judge Statement_FINAL (1).pdf
2026-02-25 12:46:36,210 INFO [depth=5] Crawling: https://www.elections.maryland.gov/press_room/documents/Declaracion del Administrador de MD SBE Jared DeMarinis sobre reclutamiento y asignaciÃ³n de jueces electorales.pdf
2026-02-25 12:46:36,484 INFO HTTP 404 — marking failed: https://www.elections.maryland.gov/press_room/documents/Declaracion del Administrador de MD SBE Jared DeMarinis sobre reclutamiento y asignaciÃ³n de jueces electorales.pdf
2026-02-25 12:46:36,486 INFO [depth=5] Crawling: https://www.elections.maryland.gov/press_room/documents/SBE general election 3 ways to vote.pdf
2026-02-25 12:46:37,441 INFO [depth=5] Crawling: https://www.elections.maryland.gov/press_room/documents/PR_SBE informa fechas limite e informacion clave para Elecciones Generales 2024_SP_9.2024.pdf
2026-02-25 12:46:38,514 INFO [depth=5] Crawling: https://www.elections.maryland.gov/press_room/Election Judges for PG2024.pdf
2026-02-25 12:46:39,524 INFO [depth=5] Crawling: https://www.elections.maryland.gov/press_room/documents/SBE mail in ballot dopbox install 9 19 2024 FINAL.pdf
2026-02-25 12:46:40,664 INFO [depth=5] Crawling: https://www.elections.maryland.gov/press_room/documents/PR_SBE Mas de 660,000 papeletas de voto estan siendo enviadas a electores de Maryland_SP_9.2024.pdf
2026-02-25 12:46:41,632 INFO [depth=5] Crawling: https://www.elections.maryland.gov/press_room/documents/SBE national voter registration day 2024_FINAL.pdf
2026-02-25 12:46:42,764 INFO [depth=5] Crawling: https://www.elections.maryland.gov/press_room/documents/SBE_PR MD SBE Invita a los Electores a Registrarse para Votar_SP_9.2024.pdf
2026-02-25 12:46:43,972 INFO [depth=5] Crawling: https://www.elections.maryland.gov/press_room/documents/SBE text scam 9 6 24 FINAL.pdf
2026-02-25 12:46:45,229 INFO [depth=5] Crawling: https://www.elections.maryland.gov/press_room/documents/Junta Electoral del Estado de Maryland Advierte sobre Estafas por Texto_SPA_9.2024.pdf
2026-02-25 12:46:46,241 INFO [depth=5] Crawling: https://www.elections.maryland.gov/press_room/documents/SBE General Certified Ballot Review 2024_FINAL.pdf
2026-02-25 12:46:47,290 INFO [depth=5] Crawling: https://www.elections.maryland.gov/press_room/documents/SBE_PR MD SBE Publica Boletas de la Eleccion Presidencial 2024 para Revision_SP_9.2024.pdf
2026-02-25 12:46:48,365 INFO [depth=5] Crawling: https://www.elections.maryland.gov/press_room/documents/SBE National Poll Worker Recruitment Day FINAL.pdf
2026-02-25 12:46:49,417 INFO [depth=5] Crawling: https://www.elections.maryland.gov/press_room/documents/SBE_PR SBE Invita a Marylanders a ser Jueces Electorales en Elecciones_SP_8.2024.pdf
2026-02-25 12:46:50,451 INFO [depth=5] Crawling: https://www.elections.maryland.gov/press_room/documents/PG Special Election Final.pdf
2026-02-25 12:46:51,489 INFO [depth=5] Crawling: https://www.elections.maryland.gov/press_room/documents/SBE_PR PG tendra Eleccion Primaria especial antes de Elecciones Presidenciales 2024_SP_7.2024.pdf
2026-02-25 12:46:52,583 INFO [depth=5] Crawling: https://www.elections.maryland.gov/press_room/documents/Special Primary Ballot Certified 7.6.2024.pdf
2026-02-25 12:46:53,604 INFO [depth=5] Crawling: https://www.elections.maryland.gov/press_room/documents/SBE_PR Certificada la boleta para elecciones primarias especiales del condado PG (1).pdf
2026-02-25 12:46:54,611 INFO [depth=5] Crawling: https://www.elections.maryland.gov/press_room/documents/Certification of Results 6.14.2024 (1).pdf
2026-02-25 12:46:55,919 INFO [depth=5] Crawling: https://www.elections.maryland.gov/press_room/documents/SBE_PR Junta Estatal de Conteo de Votos Certifica Resultados de las Elecciones Federales y Estatales.pdf
2026-02-25 12:46:57,035 INFO [depth=5] Crawling: https://www.elections.maryland.gov/press_room/documents/PG County Release.pdf
2026-02-25 12:46:58,207 INFO [depth=5] Crawling: https://www.elections.maryland.gov/press_room/documents/SBE_PR Junta Electoral del Condado de Prince George's Recertifica Resultados Luego de Discrepancia.pdf
2026-02-25 12:46:58,818 INFO HTTP 404 — marking failed: https://www.elections.maryland.gov/press_room/documents/SBE_PR Junta Electoral del Condado de Prince George's Recertifica Resultados Luego de Discrepancia.pdf
2026-02-25 12:46:58,819 INFO [depth=5] Crawling: https://www.elections.maryland.gov/press_room/documents/Vote Discrepancy Release FINAL.pdf
2026-02-25 12:46:59,884 INFO [depth=5] Crawling: https://www.elections.maryland.gov/press_room/documents/SBE Junta Electoral de Ciudad de Baltimore Actualizan Informacion sobre Diferencia de Votos.pdf
2026-02-25 12:47:00,934 INFO [depth=5] Crawling: https://www.elections.maryland.gov/press_room/documents/Election Results Baltimore City Final .pdf
2026-02-25 12:47:02,045 INFO [depth=5] Crawling: https://www.elections.maryland.gov/press_room/documents/SBE Maryland Comienza las Auditorias de los Resultados de las Elecciones.pdf
2026-02-25 12:47:03,159 INFO [depth=5] Crawling: https://www.elections.maryland.gov/press_room/documents/primary election schedule results 2024.pdf
2026-02-25 12:47:04,269 INFO [depth=5] Crawling: https://www.elections.maryland.gov/press_room/documents/SBE_PR_Junta Electoral de Maryland Presenta Programa de PublicaciÃ³n de Resultados de las Elecciones.pdf
2026-02-25 12:47:04,768 INFO HTTP 404 — marking failed: https://www.elections.maryland.gov/press_room/documents/SBE_PR_Junta Electoral de Maryland Presenta Programa de PublicaciÃ³n de Resultados de las Elecciones.pdf
2026-02-25 12:47:04,769 INFO [depth=5] Crawling: https://www.elections.maryland.gov/press_room/documents/Primary Election Day is Tomorrow FINAL (1).pdf
2026-02-25 12:47:05,893 INFO [depth=5] Crawling: https://www.elections.maryland.gov/press_room/documents/SBE_PR_Manana 14 de mayo es el Dia de la Eleccion Primaria Presidencial en Maryland.pdf
2026-02-25 12:47:06,872 INFO [depth=5] Crawling: https://www.elections.maryland.gov/press_room/documents/2024 Voter Intimidation Guidance Memo.pdf
2026-02-25 12:47:08,348 INFO [depth=5] Crawling: https://www.elections.maryland.gov/press_room/documents/Early Voting Ends Tomorrow.FINAL.pdf
2026-02-25 12:47:09,369 INFO [depth=5] Crawling: https://www.elections.maryland.gov/press_room/documents/El 9 de Mayo es el Ultimo Dia de Votacion Anticipada para las Elecciones Primarias de Maryland.pdf
2026-02-25 12:47:10,426 INFO [depth=5] Crawling: https://www.elections.maryland.gov/press_room/documents/Candidate Withdrawl Release_Final.pdf
2026-02-25 12:47:11,504 INFO [depth=5] Crawling: https://www.elections.maryland.gov/press_room/documents/SBE Explica Como se Procesan las Boletas Entregadas Antes que un Candidato Retire su Candidatura.pdf
2026-02-25 12:47:12,728 INFO [depth=5] Crawling: https://www.elections.maryland.gov/press_room/documents/mail in ballot deadline primary 2024 final.pdf
2026-02-25 12:47:13,724 INFO [depth=5] Crawling: https://www.elections.maryland.gov/press_room/documents/SBE Se Acerca la Fecha Para Solicitar su Boleta de Voto por Correo.pdf
2026-02-25 12:47:14,716 INFO [depth=5] Crawling: https://www.elections.maryland.gov/press_room/documents/SBE primary voter registration in person FINAL.pdf
2026-02-25 12:47:15,758 INFO [depth=5] Crawling: https://www.elections.maryland.gov/press_room/documents/SBE Recuerda a Mayrlanders Sobre las Tres Formas de Votar en la Primaria.pdf
2026-02-25 12:47:17,009 INFO [depth=5] Crawling: https://www.elections.maryland.gov/press_room/documents/Maryland State Board of Elections Statement on Election Lawsuit 4 22 24.pdf
2026-02-25 12:47:19,364 INFO [depth=5] Crawling: https://www.elections.maryland.gov/press_room/documents/SBE_Junta Electoral de Maryland Realizo Presentacion a la Corte por Demanda Contra la ElecciÃ³n.pdf
2026-02-25 12:47:19,564 INFO HTTP 404 — marking failed: https://www.elections.maryland.gov/press_room/documents/SBE_Junta Electoral de Maryland Realizo Presentacion a la Corte por Demanda Contra la ElecciÃ³n.pdf
2026-02-25 12:47:19,565 INFO [depth=5] Crawling: https://www.elections.maryland.gov/press_room/documents/SBE Statement 4_9_24.pdf
2026-02-25 12:47:20,746 INFO [depth=5] Crawling: https://www.elections.maryland.gov/press_room/documents/SBE_PR_Firma de la ley de proteccion de los funcionarios electorales de 2024.pdf
2026-02-25 12:47:22,167 INFO [depth=5] Crawling: https://www.elections.maryland.gov/press_room/documents/SBE Key Primary Dates Press Release FINAL_ (1).pdf
2026-02-25 12:47:23,431 INFO [depth=5] Crawling: https://www.elections.maryland.gov/press_room/documents/SBE_PR_Fechas Clave Eleccion Primaria 2024.pdf
2026-02-25 12:47:24,733 INFO [depth=5] Crawling: https://www.elections.maryland.gov/press_room/documents/First Ballots Mailed Release3_29_w edits.pdf
2026-02-25 12:47:26,254 INFO [depth=5] Crawling: https://www.elections.maryland.gov/press_room/documents/SBE_PR_SBE Anuncia 600,000 Personas Solicitan Boletas Eleccion Primaria 2024.pdf
2026-02-25 12:47:27,275 INFO [depth=5] Crawling: https://www.elections.maryland.gov/press_room/documents/SBE Campaign Launch Release FINAL .pdf
2026-02-25 12:47:28,331 INFO [depth=5] Crawling: https://www.elections.maryland.gov/press_room/documents/SBE_Lanzamiento Campana Elecciones Primarias 2024.pdf
2026-02-25 12:47:29,350 INFO [depth=5] Crawling: https://www.elections.maryland.gov/press_room/documents/SBE Ballot Review FINAL.pdf
2026-02-25 12:47:30,431 INFO [depth=5] Crawling: https://www.elections.maryland.gov/press_room/documents/Resignation of Board Member Carlos Ayala.pdf
2026-02-25 12:47:31,828 INFO [depth=5] Crawling: https://www.elections.maryland.gov/press_room/2024_stats/PG24/EOC Report _ 2024 SBE Maryland General Election.pdf
2026-02-25 12:47:32,903 INFO [depth=5] Crawling: https://www.elections.maryland.gov/press_room/2024_stats/PG24/Official by Party and County.pdf
2026-02-25 12:47:33,951 INFO [depth=5] Crawling: https://www.elections.maryland.gov/press_room/2024_stats/PG24/Official by Party and County.xlsx
2026-02-25 12:47:35,137 INFO [depth=5] Crawling: https://www.elections.maryland.gov/press_room/2024_stats/PG24/Official by Party and Congressional.pdf
2026-02-25 12:47:36,185 INFO [depth=5] Crawling: https://www.elections.maryland.gov/press_room/2024_stats/PG24/Official by Party and Congressional.xlsx
2026-02-25 12:47:37,167 INFO [depth=5] Crawling: https://www.elections.maryland.gov/press_room/2024_stats/PG24/Official by Party and Legislative.pdf
2026-02-25 12:47:38,862 INFO [depth=5] Crawling: https://www.elections.maryland.gov/press_room/2024_stats/PG24/Official by Party and Legislative.xlsx
2026-02-25 12:47:39,836 INFO [depth=5] Crawling: https://www.elections.maryland.gov/press_room/2024_stats/PG24/Official by Party and Precinct.csv
2026-02-25 12:47:40,949 INFO [depth=5] Crawling: https://www.elections.maryland.gov/press_room/2024_stats/PG24/Official_CountyAndCanvass.pdf
2026-02-25 12:47:42,062 INFO [depth=5] Crawling: https://www.elections.maryland.gov/press_room/2024_stats/PG24/Official_VotesAcceptedBy_CountyAndCanvass.pdf
2026-02-25 12:47:43,183 INFO [depth=5] Crawling: https://www.elections.maryland.gov/press_room/2024_stats/PG24/Official Vote-By-Mail Voting(NEW).pdf
2026-02-25 12:47:44,401 INFO [depth=5] Crawling: https://www.elections.maryland.gov/press_room/2024_stats/PG24/Official Provisional Voting.pdf
2026-02-25 12:47:45,605 INFO [depth=5] Crawling: https://www.elections.maryland.gov/press_room/2024_stats/PG24/Mail-in Ballot Request Counts with Chart.pdf
2026-02-25 12:47:46,745 INFO [depth=5] Crawling: https://www.elections.maryland.gov/press_room/2024_stats/PG24/Mail-in Ballot Request Counts with Chart.xlsx
2026-02-25 12:47:47,704 INFO [depth=5] Crawling: https://www.elections.maryland.gov/press_room/2024_stats/PG24/Absentees Sent and Returned by County.pdf
2026-02-25 12:47:48,991 INFO [depth=5] Crawling: https://www.elections.maryland.gov/press_room/2024_stats/PG24/Absentees Sent and Returned by County.xlsx
2026-02-25 12:47:49,890 INFO [depth=5] Crawling: https://www.elections.maryland.gov/press_room/2024_stats/PG24/Absentees Sent and Returned by Congressional.pdf
2026-02-25 12:47:50,986 INFO [depth=5] Crawling: https://www.elections.maryland.gov/press_room/2024_stats/PG24/Absentees Sent and Returned by Congressional.xlsx
2026-02-25 12:47:51,984 INFO [depth=5] Crawling: https://www.elections.maryland.gov/press_room/2024_stats/PG24/Absentees Sent and Returned by Legislative.pdf
2026-02-25 12:47:53,274 INFO [depth=5] Crawling: https://www.elections.maryland.gov/press_room/2024_stats/PG24/Absentees Sent and Returned by Legislative.xlsx
2026-02-25 12:47:54,164 INFO [depth=5] Crawling: https://www.elections.maryland.gov/press_room/2024_stats/PG24/Eligible Inactive Voters - PG24.pdf
2026-02-25 12:47:55,263 INFO [depth=5] Crawling: https://www.elections.maryland.gov/press_room/2024_stats/PG24/Eligible Inactive Voters - PG24.xlsx
2026-02-25 12:47:56,234 INFO [depth=5] Crawling: https://www.elections.maryland.gov/press_room/2024_stats/PG24/EarlyVoting  by Party.pdf
2026-02-25 12:47:57,703 INFO [depth=5] Crawling: https://www.elections.maryland.gov/press_room/2024_stats/PG24/EarlyVoting by Congressional District.pdf
2026-02-25 12:47:58,786 INFO [depth=5] Crawling: https://www.elections.maryland.gov/press_room/2024_stats/PG24/EarlyVoting  by Legislative District.pdf
2026-02-25 12:47:59,882 INFO [depth=5] Crawling: https://www.elections.maryland.gov/press_room/2024_stats/PG24/EarlyVoting  by Councilmanic District.pdf
2026-02-25 12:48:00,991 INFO [depth=5] Crawling: https://www.elections.maryland.gov/press_room/2024_stats/PG24/EarlyVoting by County.pdf
2026-02-25 12:48:02,637 INFO [depth=5] Crawling: https://www.elections.maryland.gov/press_room/2024_stats/PG24/EarlyVoting  by Location.pdf
2026-02-25 12:48:04,056 INFO [depth=5] Crawling: https://www.elections.maryland.gov/press_room/2024_stats/PG24/EarlyVoting RAW data.csv
2026-02-25 12:48:05,005 INFO [depth=5] Crawling: https://www.elections.maryland.gov/press_room/2024_stats/PG24/SameDayRegistration by Party.pdf
2026-02-25 12:48:06,083 INFO [depth=5] Crawling: https://www.elections.maryland.gov/press_room/2024_stats/PG24/SameDayRegistration by Congressional District.pdf
2026-02-25 12:48:07,228 INFO [depth=5] Crawling: https://www.elections.maryland.gov/press_room/2024_stats/PG24/SameDayRegistration by Legislative District.pdf
2026-02-25 12:48:08,313 INFO [depth=5] Crawling: https://www.elections.maryland.gov/press_room/2024_stats/PG24/SameDayRegistration by Councilmanic District.pdf
2026-02-25 12:48:09,724 INFO [depth=5] Crawling: https://www.elections.maryland.gov/press_room/2024_stats/PG24/SameDayRegistration by County.pdf
2026-02-25 12:48:10,887 INFO [depth=5] Crawling: https://www.elections.maryland.gov/press_room/2024_stats/PG24/SameDayRegistration by Location.pdf
2026-02-25 12:48:12,172 INFO [depth=5] Crawling: https://www.elections.maryland.gov/press_room/2024_stats/PG24/SameDayRegistration RAW data.csv
2026-02-25 12:48:13,184 INFO [depth=5] Crawling: https://www.elections.maryland.gov/press_room/2024_stats/Official by Party and County.pdf
2026-02-25 12:48:14,256 INFO [depth=5] Crawling: https://www.elections.maryland.gov/press_room/2024_stats/Official by Party and County.xlsx
2026-02-25 12:48:15,184 INFO [depth=5] Crawling: https://www.elections.maryland.gov/press_room/2024_stats/Official by Party and Congressional.pdf
2026-02-25 12:48:16,337 INFO [depth=5] Crawling: https://www.elections.maryland.gov/press_room/2024_stats/Official by Party and Congressional.xlsx
2026-02-25 12:48:17,243 INFO [depth=5] Crawling: https://www.elections.maryland.gov/press_room/2024_stats/Official by Party and Legislative.pdf
2026-02-25 12:48:18,449 INFO [depth=5] Crawling: https://www.elections.maryland.gov/press_room/2024_stats/Official by Party and Legislative.xlsx
2026-02-25 12:48:19,464 INFO [depth=5] Crawling: https://www.elections.maryland.gov/press_room/2024_stats/Official by Party and Precinct.csv
2026-02-25 12:48:20,802 INFO [depth=5] Crawling: https://www.elections.maryland.gov/press_room/2024_stats/Official_CountyAndCanvass.pdf
2026-02-25 12:48:21,893 INFO [depth=5] Crawling: https://www.elections.maryland.gov/press_room/2024_stats/Official_VotesAcceptedBy_CountyAndCanvass.pdf
2026-02-25 12:48:22,962 INFO [depth=5] Crawling: https://www.elections.maryland.gov/press_room/2024_stats/Official Vote-By-Mail Voting(NEW).pdf
2026-02-25 12:48:24,008 INFO [depth=5] Crawling: https://www.elections.maryland.gov/press_room/2024_stats/Official Provisional Voting.pdf
2026-02-25 12:48:25,089 INFO [depth=5] Crawling: https://www.elections.maryland.gov/press_room/2024_stats/Mail-in Ballot Request Counts with Chart.pdf
2026-02-25 12:48:26,061 INFO [depth=5] Crawling: https://www.elections.maryland.gov/press_room/2024_stats/Mail-in Ballot Request Counts with Chart.xlsx
2026-02-25 12:48:27,041 INFO [depth=5] Crawling: https://www.elections.maryland.gov/press_room/2024_stats/Absentees Sent and Returned by County.pdf
2026-02-25 12:48:28,090 INFO [depth=5] Crawling: https://www.elections.maryland.gov/press_room/2024_stats/Absentees Sent and Returned by County.xlsx
2026-02-25 12:48:28,984 INFO [depth=5] Crawling: https://www.elections.maryland.gov/press_room/2024_stats/Absentees Sent and Returned by Congressional.pdf
2026-02-25 12:48:30,282 INFO [depth=5] Crawling: https://www.elections.maryland.gov/press_room/2024_stats/Absentees Sent and Returned by Congressional.xlsx
2026-02-25 12:48:31,168 INFO [depth=5] Crawling: https://www.elections.maryland.gov/press_room/2024_stats/Absentees Sent and Returned by Legislative.pdf
2026-02-25 12:48:32,458 INFO [depth=5] Crawling: https://www.elections.maryland.gov/press_room/2024_stats/Absentees Sent and Returned by Legislative.xlsx
2026-02-25 12:48:33,345 INFO [depth=5] Crawling: https://www.elections.maryland.gov/press_room/2024_stats/Eligible Inactive Voters - PP24.pdf
2026-02-25 12:48:34,354 INFO [depth=5] Crawling: https://www.elections.maryland.gov/press_room/2024_stats/Eligible Inactive Voters - PP24.xlsx
2026-02-25 12:48:35,385 INFO [depth=5] Crawling: https://www.elections.maryland.gov/press_room/2024_stats/EarlyVoting  by Party.pdf
2026-02-25 12:48:36,430 INFO [depth=5] Crawling: https://www.elections.maryland.gov/press_room/2024_stats/EarlyVoting by Congressional District.pdf
2026-02-25 12:48:37,472 INFO [depth=5] Crawling: https://www.elections.maryland.gov/press_room/2024_stats/EarlyVoting  by Legislative District.pdf
2026-02-25 12:48:38,647 INFO [depth=5] Crawling: https://www.elections.maryland.gov/press_room/2024_stats/EarlyVoting  by Councilmanic District.pdf
2026-02-25 12:48:39,813 INFO [depth=5] Crawling: https://www.elections.maryland.gov/press_room/2024_stats/EarlyVoting by County.pdf
2026-02-25 12:48:41,063 INFO [depth=5] Crawling: https://www.elections.maryland.gov/press_room/2024_stats/EarlyVoting  by Location.pdf
2026-02-25 12:48:42,167 INFO [depth=5] Crawling: https://www.elections.maryland.gov/press_room/2024_stats/EarlyVoting RAW data.csv
2026-02-25 12:48:43,028 INFO [depth=5] Crawling: https://www.elections.maryland.gov/press_room/2024_stats/SameDayRegistration by Party.pdf
2026-02-25 12:48:44,040 INFO [depth=5] Crawling: https://www.elections.maryland.gov/press_room/2024_stats/SameDayRegistration by Congressional District.pdf
2026-02-25 12:48:45,111 INFO [depth=5] Crawling: https://www.elections.maryland.gov/press_room/2024_stats/SameDayRegistration by Legislative District.pdf
2026-02-25 12:48:46,457 INFO [depth=5] Crawling: https://www.elections.maryland.gov/press_room/2024_stats/SameDayRegistration by Councilmanic District.pdf
2026-02-25 12:48:47,510 INFO [depth=5] Crawling: https://www.elections.maryland.gov/press_room/2024_stats/SameDayRegistration by County.pdf
2026-02-25 12:48:48,597 INFO [depth=5] Crawling: https://www.elections.maryland.gov/press_room/2024_stats/SameDayRegistration by Location.pdf
2026-02-25 12:48:49,619 INFO [depth=5] Crawling: https://www.elections.maryland.gov/press_room/2024_stats/SameDayRegistration RAW data.csv
2026-02-25 12:48:50,539 INFO [depth=5] Crawling: https://www.elections.maryland.gov/press_room/2024_stats/2024_primary_election_night_unofficial_turnout.pdf
2026-02-25 12:48:51,567 INFO [depth=5] Crawling: https://www.elections.maryland.gov/press_room/2024_stats/SPP24/Eligible Active Voters by County - SPP24.pdf
2026-02-25 12:48:52,662 INFO [depth=5] Crawling: https://www.elections.maryland.gov/press_room/2024_stats/SPP24/Eligible Active Voters by Congressional - SPP24.pdf
2026-02-25 12:48:53,956 INFO [depth=5] Crawling: https://www.elections.maryland.gov/press_room/2024_stats/SPP24/Eligible Active Voters by Legislative - SPP24.pdf
2026-02-25 12:48:55,334 INFO [depth=5] Crawling: https://www.elections.maryland.gov/press_room/2024_stats/SPP24/Eligible Active Voters by Councilmanic - SPP24.pdf
2026-02-25 12:48:56,711 INFO [depth=5] Crawling: https://www.elections.maryland.gov/press_room/2024_stats/SPP24/Eligible Active Voters by County - SPP24.xlsx
2026-02-25 12:48:57,751 INFO [depth=5] Crawling: https://www.elections.maryland.gov/press_room/2024_stats/SPP24/Eligible Active Voters by Congressional - SPP24.xlsx
2026-02-25 12:48:58,714 INFO [depth=5] Crawling: https://www.elections.maryland.gov/press_room/2024_stats/SPP24/Eligible Active Voters by Legislative - SPP24.xlsx
2026-02-25 12:48:59,864 INFO [depth=5] Crawling: https://www.elections.maryland.gov/press_room/2024_stats/SPP24/Eligible Active Voters by Councilmanic - SPP24.xlsx
2026-02-25 12:49:00,786 INFO [depth=5] Crawling: https://www.elections.maryland.gov/press_room/2024_stats/SPP24/Eligible Inactive Voters - SPP24.pdf
2026-02-25 12:49:02,017 INFO [depth=5] Crawling: https://www.elections.maryland.gov/press_room/2024_stats/SPP24/Eligible Inactive Voters - SPP24.xlsx
2026-02-25 12:49:03,044 INFO [depth=5] Crawling: https://www.elections.maryland.gov/press_room/2024_stats/SPP24/Mail-in Ballot Request Counts with Chart.pdf
2026-02-25 12:49:04,602 INFO [depth=5] Crawling: https://www.elections.maryland.gov/press_room/2024_stats/SPP24/Mail-in Ballot Request Counts with Chart.xlsx
2026-02-25 12:49:05,517 INFO [depth=5] Crawling: https://www.elections.maryland.gov/press_room/2024_stats/SPP24/Absentees Sent and Returned by County.pdf
2026-02-25 12:49:06,623 INFO [depth=5] Crawling: https://www.elections.maryland.gov/press_room/2024_stats/SPP24/Absentees Sent and Returned by County.xlsx
2026-02-25 12:49:07,552 INFO [depth=5] Crawling: https://www.elections.maryland.gov/press_room/2024_stats/SPP24/Absentees Sent and Returned by Congressional.pdf
2026-02-25 12:49:08,768 INFO [depth=5] Crawling: https://www.elections.maryland.gov/press_room/2024_stats/SPP24/Absentees Sent and Returned by Congressional.xlsx
2026-02-25 12:49:09,678 INFO [depth=5] Crawling: https://www.elections.maryland.gov/press_room/2024_stats/SPP24/Absentees Sent and Returned by Legislative.pdf
2026-02-25 12:49:10,756 INFO [depth=5] Crawling: https://www.elections.maryland.gov/press_room/2024_stats/SPP24/Absentees Sent and Returned by Legislative.xlsx
2026-02-25 12:49:11,693 INFO [depth=5] Crawling: https://www.elections.maryland.gov/press_room/2024_stats/SPP24/EarlyVoting  by Party.pdf
2026-02-25 12:49:12,704 INFO [depth=5] Crawling: https://www.elections.maryland.gov/press_room/2024_stats/SPP24/EarlyVoting by Congressional District.pdf
2026-02-25 12:49:13,823 INFO [depth=5] Crawling: https://www.elections.maryland.gov/press_room/2024_stats/SPP24/EarlyVoting  by Legislative District.pdf
2026-02-25 12:49:14,895 INFO [depth=5] Crawling: https://www.elections.maryland.gov/press_room/2024_stats/SPP24/EarlyVoting  by Councilmanic District.pdf
2026-02-25 12:49:15,912 INFO [depth=5] Crawling: https://www.elections.maryland.gov/press_room/2024_stats/SPP24/EarlyVoting by County.pdf
2026-02-25 12:49:17,242 INFO [depth=5] Crawling: https://www.elections.maryland.gov/press_room/2024_stats/SPP24/EarlyVoting  by Location.pdf
2026-02-25 12:49:18,383 INFO [depth=5] Crawling: https://www.elections.maryland.gov/press_room/2024_stats/SPP24/SameDayRegistration by Party.pdf
2026-02-25 12:49:21,140 INFO [depth=5] Crawling: https://www.elections.maryland.gov/press_room/2024_stats/SPP24/SameDayRegistration by Congressional District.pdf
2026-02-25 12:49:22,294 INFO [depth=5] Crawling: https://www.elections.maryland.gov/press_room/2024_stats/SPP24/SameDayRegistration by Legislative District.pdf
2026-02-25 12:49:23,410 INFO [depth=5] Crawling: https://www.elections.maryland.gov/press_room/2024_stats/SPP24/SameDayRegistration by Councilmanic District.pdf
2026-02-25 12:49:24,496 INFO [depth=5] Crawling: https://www.elections.maryland.gov/press_room/2024_stats/SPP24/SameDayRegistration by County.pdf
2026-02-25 12:49:25,713 INFO [depth=5] Crawling: https://www.elections.maryland.gov/press_room/2024_stats/SPP24/SameDayRegistration by Location.pdf
2026-02-25 12:49:26,882 INFO [depth=5] Crawling: https://www.elections.maryland.gov/press_room/documents/SBE_StatementonCommitmentToSafety 11.21.2023.pdf
2026-02-25 12:49:27,995 INFO [depth=5] Crawling: https://www.elections.maryland.gov/press_room/documents/1776 Project Pac.pdf
2026-02-25 12:49:29,029 INFO [depth=5] Crawling: https://www.elections.maryland.gov/press_room/documents/DVAM October 2023 Press Release (1).pdf
2026-02-25 12:49:30,073 INFO [depth=5] Crawling: https://www.elections.maryland.gov/press_room/documents/NVRD 2023 Press Release.pdf
2026-02-25 12:49:31,094 INFO [depth=5] Crawling: https://www.elections.maryland.gov/press_room/documents/New Administrator Press Release 6-8-2023.pdf
2026-02-25 12:49:32,274 INFO [depth=5] Crawling: https://www.elections.maryland.gov/press_room/documents/Press Release-SBE to begin appointment process.pdf
2026-02-25 12:49:33,475 INFO [depth=5] Crawling: https://www.elections.maryland.gov/press_room/documents/14_Federal and Statewide Results Certified.pdf
2026-02-25 12:49:34,427 INFO [depth=5] Crawling: https://www.elections.maryland.gov/press_room/documents/13G_Mail-in ballot deadlines approaching.pdf
2026-02-25 12:49:35,474 INFO [depth=5] Crawling: https://www.elections.maryland.gov/press_room/documents/SBE_07_Mail-in ballot deadlines approaching_SP_10.2022.pdf
2026-02-25 12:49:36,889 INFO [depth=5] Crawling: https://www.elections.maryland.gov/press_room/documents/12G_In Person Early Voting Begins Tomorrow.pdf
2026-02-25 12:49:38,025 INFO [depth=5] Crawling: https://www.elections.maryland.gov/press_room/documents/SBE_06_InPersonEarlyVotingBeginsTomorrow_SP_10.2022.pdf
2026-02-25 12:49:39,039 INFO [depth=5] Crawling: https://www.elections.maryland.gov/press_room/documents/11_Confirm Voter Info.pdf
2026-02-25 12:49:40,103 INFO [depth=5] Crawling: https://www.elections.maryland.gov/press_room/documents/SBE_5_Confirm Voter Info_SP_10.2022.pdf
2026-02-25 12:49:41,160 INFO [depth=5] Crawling: https://www.elections.maryland.gov/press_room/documents/10G_Election Results Schedule.pdf
2026-02-25 12:49:42,497 INFO [depth=5] Crawling: https://www.elections.maryland.gov/press_room/documents/SBE_4_Election Results Schedule_SP_10.2022.pdf
2026-02-25 12:49:43,645 INFO [depth=5] Crawling: https://www.elections.maryland.gov/press_room/documents/09G_Early Voting Election Day Voting Locations 10-12-2022.pdf
2026-02-25 12:49:44,852 INFO [depth=5] Crawling: https://www.elections.maryland.gov/press_room/documents/03_Early Voting Election Day Voting Locations_SP_10.2022.pdf
2026-02-25 12:49:46,030 INFO [depth=5] Crawling: https://www.elections.maryland.gov/press_room/documents/08G_All Ballot Boxes Installed.pdf
2026-02-25 12:49:47,208 INFO [depth=5] Crawling: https://www.elections.maryland.gov/press_room/documents/02_Release_All Ballot Boxes Installed_SP_10.2022.pdf
2026-02-25 12:49:48,254 INFO [depth=5] Crawling: https://www.elections.maryland.gov/press_room/documents/06_St.Mary'sCandidateAnnouncement.pdf
2026-02-25 12:49:49,305 INFO [depth=5] Crawling: https://www.elections.maryland.gov/press_room/documents/03G_Ballots Mailed.pdf
2026-02-25 12:49:50,410 INFO [depth=5] Crawling: https://www.elections.maryland.gov/press_room/documents/02_SBE Announces Key Election Info.pdf
2026-02-25 12:49:51,440 INFO [depth=5] Crawling: https://www.elections.maryland.gov/press_room/documents/SBE_01_ AnnouncesKeyElectionInfo_SP_9.2022.pdf
2026-02-25 12:49:52,836 INFO [depth=5] Crawling: https://www.elections.maryland.gov/press_room/documents/01_Emergency Petition Ruling Statement.pdf
2026-02-25 12:49:54,256 INFO [depth=5] Crawling: https://www.elections.maryland.gov/press_room/documents/011_EmergencyPetition.pdf
2026-02-25 12:49:55,628 INFO [depth=5] Crawling: https://www.elections.maryland.gov/press_room/documents/10_FrederickCountyRescan.pdf
2026-02-25 12:49:56,880 INFO [depth=5] Crawling: https://www.elections.maryland.gov/press_room/documents/ThreeElectionsDeadlinesExtended.pdf
2026-02-25 12:49:58,026 INFO [depth=5] Crawling: https://www.elections.maryland.gov/press_room/documents/7-18-2022_ElectionDayTomorrow.pdf
2026-02-25 12:49:59,087 INFO [depth=5] Crawling: https://www.elections.maryland.gov/press_room/documents/07_FinalDayofEarlyVoting.pdf
2026-02-25 12:50:00,165 INFO [depth=5] Crawling: https://www.elections.maryland.gov/press_room/documents/06_Mail-in Ballot Deadlines 7-11-2022.pdf
2026-02-25 12:50:01,405 INFO [depth=5] Crawling: https://www.elections.maryland.gov/press_room/documents/05_22P_Early Voting.pdf
2026-02-25 12:50:02,973 INFO [depth=5] Crawling: https://www.elections.maryland.gov/press_room/documents/05_SP_Early Voting_SP_7.6.22.pdf
2026-02-25 12:50:04,218 INFO [depth=5] Crawling: https://www.elections.maryland.gov/press_room/documents/RegisterAffiliationAddressDeadline.pdf
2026-02-25 12:50:05,497 INFO [depth=5] Crawling: https://www.elections.maryland.gov/press_room/documents/Mailed_Ballots_Boxes.pdf
2026-02-25 12:50:06,700 INFO [depth=5] Crawling: https://www.elections.maryland.gov/press_room/documents/CISA_Advisory.pdf
2026-02-25 12:50:08,123 INFO [depth=5] Crawling: https://www.elections.maryland.gov/press_room/documents/CISA_Advisory_Esp.pdf
2026-02-25 12:50:09,555 INFO [depth=5] Crawling: https://www.elections.maryland.gov/press_room/documents/22Voter Lookup_Registration_Press Release.pdf
2026-02-25 12:50:10,730 INFO [depth=5] Crawling: https://www.elections.maryland.gov/press_room/documents/22Voter Lookup_Registration_Spanish.pdf
2026-02-25 12:50:11,785 INFO [depth=5] Crawling: https://www.elections.maryland.gov/press_room/documents/2022 Primary Dates Statement 3-21-22.pdf
2026-02-25 12:50:12,904 INFO [depth=5] Crawling: https://www.elections.maryland.gov/press_room/SBE mail primary ballot request forms 1-31.pdf
2026-02-25 12:50:13,929 INFO [depth=5] Crawling: https://www.elections.maryland.gov/press_room/documents/GG22_2022 General Election Report_Final with Cover.pdf
2026-02-25 12:50:15,396 INFO [depth=5] Crawling: https://www.elections.maryland.gov/press_room/documents/2022 Primary Election Report.pdf
2026-02-25 12:50:17,978 INFO [depth=5] Crawling: https://www.elections.maryland.gov/press_room/documents/KO SBE General Election Campaign Report 12.15.22.pdf
2026-02-25 12:50:19,062 INFO [depth=5] Crawling: https://www.elections.maryland.gov/press_room/documents/FINAL SBE 2022 Primary Campaign Report v2.pdf
2026-02-25 12:50:20,174 INFO [depth=5] Crawling: https://www.elections.maryland.gov/press_room/2022_stats/GG22/Official by Party and County.pdf
2026-02-25 12:50:21,444 INFO [depth=5] Crawling: https://www.elections.maryland.gov/press_room/2022_stats/GG22/Official by Party and County.xlsx
2026-02-25 12:50:22,368 INFO [depth=5] Crawling: https://www.elections.maryland.gov/press_room/2022_stats/GG22/Official by Party and Congressional.pdf
2026-02-25 12:50:23,655 INFO [depth=5] Crawling: https://www.elections.maryland.gov/press_room/2022_stats/GG22/Official by Party and Congressional.xlsx
2026-02-25 12:50:24,568 INFO [depth=5] Crawling: https://www.elections.maryland.gov/press_room/2022_stats/GG22/Official by Party and Legislative.pdf
2026-02-25 12:50:25,687 INFO [depth=5] Crawling: https://www.elections.maryland.gov/press_room/2022_stats/GG22/Official by Party and Legislative.xlsx
2026-02-25 12:50:26,668 INFO [depth=5] Crawling: https://www.elections.maryland.gov/press_room/2022_stats/GG22/Official by Party and Precinct.csv
2026-02-25 12:50:27,629 INFO [depth=5] Crawling: https://www.elections.maryland.gov/press_room/2022_stats/GG22/Official_CountyAndCanvass.pdf
2026-02-25 12:50:28,592 INFO [depth=5] Crawling: https://www.elections.maryland.gov/press_room/2022_stats/GG22/Official_VotesAcceptedBy_CountyAndCanvass.pdf
2026-02-25 12:50:29,616 INFO [depth=5] Crawling: https://www.elections.maryland.gov/press_room/2022_stats/GG22/Official Vote-By-Mail Voting(NEW).pdf
2026-02-25 12:50:30,948 INFO [depth=5] Crawling: https://www.elections.maryland.gov/press_room/2022_stats/GG22/Official Provisional Voting.pdf
2026-02-25 12:50:32,018 INFO [depth=5] Crawling: https://www.elections.maryland.gov/press_room/2022_stats/GG22/Mail-in Ballot Request Counts with Chart.pdf
2026-02-25 12:50:33,379 INFO [depth=5] Crawling: https://www.elections.maryland.gov/press_room/2022_stats/GG22/Mail-in Ballot Request Counts with Chart.xlsx
2026-02-25 12:50:34,404 INFO [depth=5] Crawling: https://www.elections.maryland.gov/press_room/2022_stats/GG22/Absentees Sent and Returned by County.pdf
2026-02-25 12:50:35,466 INFO [depth=5] Crawling: https://www.elections.maryland.gov/press_room/2022_stats/GG22/Absentees Sent and Returned by County.xlsx
2026-02-25 12:50:36,370 INFO [depth=5] Crawling: https://www.elections.maryland.gov/press_room/2022_stats/GG22/Absentees Sent and Returned by Congressional.pdf
2026-02-25 12:50:37,447 INFO [depth=5] Crawling: https://www.elections.maryland.gov/press_room/2022_stats/GG22/Absentees Sent and Returned by Congressional.xlsx
2026-02-25 12:50:38,335 INFO [depth=5] Crawling: https://www.elections.maryland.gov/press_room/2022_stats/GG22/Absentees Sent and Returned by Legislative.pdf
2026-02-25 12:50:39,386 INFO [depth=5] Crawling: https://www.elections.maryland.gov/press_room/2022_stats/GG22/Absentees Sent and Returned by Legislative.xlsx
2026-02-25 12:50:40,297 INFO [depth=5] Crawling: https://www.elections.maryland.gov/press_room/2022_stats/GG22/GG22- Mail-in Ballots left to count.pdf
2026-02-25 12:50:41,318 INFO [depth=5] Crawling: https://www.elections.maryland.gov/press_room/2022_stats/GG22/GG22- Mail-in Ballots left to count.xlsx
2026-02-25 12:50:42,245 INFO [depth=5] Crawling: https://www.elections.maryland.gov/press_room/2022_stats/GG22/Eligible Inactive Voters - GG22.pdf
2026-02-25 12:50:43,521 INFO [depth=5] Crawling: https://www.elections.maryland.gov/press_room/2022_stats/GG22/Eligible Inactive Voters - GG22.xlsx
2026-02-25 12:50:44,435 INFO [depth=5] Crawling: https://www.elections.maryland.gov/press_room/2022_stats/GG22/EarlyVoting  by Party.pdf
2026-02-25 12:50:45,733 INFO [depth=5] Crawling: https://www.elections.maryland.gov/press_room/2022_stats/GG22/EarlyVoting by Congressional District.pdf
2026-02-25 12:50:46,779 INFO [depth=5] Crawling: https://www.elections.maryland.gov/press_room/2022_stats/GG22/EarlyVoting  by Legislative District.pdf
2026-02-25 12:50:47,901 INFO [depth=5] Crawling: https://www.elections.maryland.gov/press_room/2022_stats/GG22/EarlyVoting  by Councilmanic District.pdf
2026-02-25 12:50:49,938 INFO [depth=5] Crawling: https://www.elections.maryland.gov/press_room/2022_stats/GG22/EarlyVoting by County.pdf
2026-02-25 12:50:51,215 INFO [depth=5] Crawling: https://www.elections.maryland.gov/press_room/2022_stats/GG22/EarlyVoting  by Location.pdf
2026-02-25 12:50:52,262 INFO [depth=5] Crawling: https://www.elections.maryland.gov/press_room/2022_stats/GG22/EarlyVoting RAW data.csv
2026-02-25 12:50:53,172 INFO [depth=5] Crawling: https://www.elections.maryland.gov/press_room/2022_stats/GG22/SameDayRegistration by Party.pdf
2026-02-25 12:50:54,556 INFO [depth=5] Crawling: https://www.elections.maryland.gov/press_room/2022_stats/GG22/SameDayRegistration by Congressional District.pdf
2026-02-25 12:50:55,685 INFO [depth=5] Crawling: https://www.elections.maryland.gov/press_room/2022_stats/GG22/SameDayRegistration by Legislative District.pdf
2026-02-25 12:50:56,978 INFO [depth=5] Crawling: https://www.elections.maryland.gov/press_room/2022_stats/GG22/SameDayRegistration by Councilmanic District.pdf
2026-02-25 12:50:58,104 INFO [depth=5] Crawling: https://www.elections.maryland.gov/press_room/2022_stats/GG22/SameDayRegistration by County.pdf
2026-02-25 12:50:59,212 INFO [depth=5] Crawling: https://www.elections.maryland.gov/press_room/2022_stats/GG22/SameDayRegistration by Location.pdf
2026-02-25 12:51:00,414 INFO [depth=5] Crawling: https://www.elections.maryland.gov/press_room/2022_stats/GG22/SameDayRegistration RAW data.csv
2026-02-25 12:51:01,295 INFO [depth=5] Crawling: https://www.elections.maryland.gov/press_room/2022_stats/Official by Party and County.pdf
2026-02-25 12:51:02,482 INFO [depth=5] Crawling: https://www.elections.maryland.gov/press_room/2022_stats/Official by Party and County.xlsx
2026-02-25 12:51:03,458 INFO [depth=5] Crawling: https://www.elections.maryland.gov/press_room/2022_stats/Official by Party and Congressional.pdf
2026-02-25 12:51:04,695 INFO [depth=5] Crawling: https://www.elections.maryland.gov/press_room/2022_stats/Official by Party and Congressional.xlsx
2026-02-25 12:51:05,617 INFO [depth=5] Crawling: https://www.elections.maryland.gov/press_room/2022_stats/Official by Party and Legislative.pdf
2026-02-25 12:51:06,991 INFO [depth=5] Crawling: https://www.elections.maryland.gov/press_room/2022_stats/Official by Party and Legislative.xlsx
2026-02-25 12:51:07,990 INFO [depth=5] Crawling: https://www.elections.maryland.gov/press_room/2022_stats/Official by Party and Precinct.csv
2026-02-25 12:51:09,035 INFO [depth=5] Crawling: https://www.elections.maryland.gov/press_room/2022_stats/Official_CountyAndCanvass.pdf
2026-02-25 12:51:10,458 INFO [depth=5] Crawling: https://www.elections.maryland.gov/press_room/2022_stats/Official_VotesAcceptedBy_CountyAndCanvass.pdf
2026-02-25 12:51:11,654 INFO [depth=5] Crawling: https://www.elections.maryland.gov/press_room/2022_stats/Official Vote-By-Mail Voting.pdf
2026-02-25 12:51:12,769 INFO [depth=5] Crawling: https://www.elections.maryland.gov/press_room/2022_stats/Official Provisional Voting.pdf
2026-02-25 12:51:13,873 INFO [depth=5] Crawling: https://www.elections.maryland.gov/press_room/2022_stats/Mail-in Ballot Request Counts with Chart.pdf
2026-02-25 12:51:15,074 INFO [depth=5] Crawling: https://www.elections.maryland.gov/press_room/2022_stats/Mail-in Ballot Request Counts with Chart.xlsx
2026-02-25 12:51:16,121 INFO [depth=5] Crawling: https://www.elections.maryland.gov/press_room/2022_stats/Absentees Sent and Returned by County.pdf
2026-02-25 12:51:17,949 INFO [depth=5] Crawling: https://www.elections.maryland.gov/press_room/2022_stats/Absentees Sent and Returned by County.xlsx
2026-02-25 12:51:18,994 INFO [depth=5] Crawling: https://www.elections.maryland.gov/press_room/2022_stats/Absentees Sent and Returned by Congressional.pdf
2026-02-25 12:51:20,048 INFO [depth=5] Crawling: https://www.elections.maryland.gov/press_room/2022_stats/Absentees Sent and Returned by Congressional.xlsx
2026-02-25 12:51:21,087 INFO [depth=5] Crawling: https://www.elections.maryland.gov/press_room/2022_stats/Absentees Sent and Returned by Legislative.pdf
2026-02-25 12:51:23,272 INFO [depth=5] Crawling: https://www.elections.maryland.gov/press_room/2022_stats/Absentees Sent and Returned by Legislative.xlsx
2026-02-25 12:51:24,212 INFO [depth=5] Crawling: https://www.elections.maryland.gov/press_room/2022_stats/GP22- Mail-in Ballots left to count.pdf
2026-02-25 12:51:25,280 INFO [depth=5] Crawling: https://www.elections.maryland.gov/press_room/2022_stats/GP22- Mail-in Ballots left to count.xlsx
2026-02-25 12:51:26,201 INFO [depth=5] Crawling: https://www.elections.maryland.gov/press_room/2022_stats/Eligible Inactive Voters - GP22.pdf
2026-02-25 12:51:27,263 INFO [depth=5] Crawling: https://www.elections.maryland.gov/press_room/2022_stats/Eligible Inactive Voters - GP22.xlsx
2026-02-25 12:51:28,237 INFO [depth=5] Crawling: https://www.elections.maryland.gov/press_room/2022_stats/EarlyVoting  by Party.pdf
2026-02-25 12:51:29,736 INFO [depth=5] Crawling: https://www.elections.maryland.gov/press_room/2022_stats/EarlyVoting by Congressional District.pdf
2026-02-25 12:51:31,111 INFO [depth=5] Crawling: https://www.elections.maryland.gov/press_room/2022_stats/EarlyVoting  by Legislative District.pdf
2026-02-25 12:51:32,146 INFO [depth=5] Crawling: https://www.elections.maryland.gov/press_room/2022_stats/EarlyVoting  by Councilmanic District.pdf
2026-02-25 12:51:33,159 INFO [depth=5] Crawling: https://www.elections.maryland.gov/press_room/2022_stats/EarlyVoting by County.pdf
2026-02-25 12:51:34,212 INFO [depth=5] Crawling: https://www.elections.maryland.gov/press_room/2022_stats/EarlyVoting  by Location.pdf
2026-02-25 12:51:35,191 INFO [depth=5] Crawling: https://www.elections.maryland.gov/press_room/2022_stats/EarlyVoting RAW data.csv
2026-02-25 12:51:36,069 INFO [depth=5] Crawling: https://www.elections.maryland.gov/press_room/2022_stats/SameDayRegistration by Party.pdf
2026-02-25 12:51:37,185 INFO [depth=5] Crawling: https://www.elections.maryland.gov/press_room/2022_stats/SameDayRegistration by Congressional District.pdf
2026-02-25 12:51:38,363 INFO [depth=5] Crawling: https://www.elections.maryland.gov/press_room/2022_stats/SameDayRegistration by Legislative District.pdf
2026-02-25 12:51:39,479 INFO [depth=5] Crawling: https://www.elections.maryland.gov/press_room/2022_stats/SameDayRegistration by Councilmanic District.pdf
2026-02-25 12:51:40,538 INFO [depth=5] Crawling: https://www.elections.maryland.gov/press_room/2022_stats/SameDayRegistration by County.pdf
2026-02-25 12:51:41,604 INFO [depth=5] Crawling: https://www.elections.maryland.gov/press_room/2022_stats/SameDayRegistration by Location.pdf
2026-02-25 12:51:42,618 INFO [depth=5] Crawling: https://www.elections.maryland.gov/press_room/2022_stats/SameDayRegistration RAW data.csv
2026-02-25 12:51:43,535 INFO [depth=5] Crawling: https://www.elections.maryland.gov/press_room/documents/Post Election Tabulation Audit Pilot Program Report.pdf
2026-02-25 12:51:44,700 INFO [depth=5] Crawling: https://www.elections.maryland.gov/press_room/documents/PostElectionTabulationAuditLegislativeReport.pdf
2026-02-25 12:51:45,827 INFO [depth=5] Crawling: https://www.elections.maryland.gov/press_room/documents/Schaefer Center Final Report.pdf
2026-02-25 12:51:47,349 INFO [depth=5] Crawling: https://www.elections.maryland.gov/press_room/documents/2016 Primary_ Schaefer Center Wait Time Study_FINAL.pdf
2026-02-25 12:51:48,499 INFO [depth=5] Crawling: https://www.elections.maryland.gov/press_room/documents/Wait Time Obersvations from 2014.pdf
2026-02-25 12:51:49,609 INFO [depth=5] Crawling: https://www.elections.maryland.gov/press_room/documents/OnlineBallot_UsabilityTestResults.pdf
2026-02-25 12:51:50,686 INFO [depth=5] Crawling: https://www.elections.maryland.gov/press_room/documents/Voter Services Security Assessment Executive Report _Final.pdf
2026-02-25 12:52:35,895 INFO [depth=5] Crawling: https://www.elections.maryland.gov/press_room/dis-misinformation.html
2026-02-25 12:52:36,790 WARNING HTTP error fetching https://www.elections.maryland.gov/press_room/dis-misinformation.html: HTTPSConnectionPool(host='www.elections.maryland.gov', port=443): Max retries exceeded with url: /press_room/dis-misinformation.html (Caused by NameResolutionError("HTTPSConnection(host='www.elections.maryland.gov', port=443): Failed to resolve 'www.elections.maryland.gov' ([Errno 8] nodename nor servname provided, or not known)"))
2026-02-25 12:52:36,832 INFO [depth=5] Crawling: https://www.elections.maryland.gov/press_room/documents/Maryland's Blank Ballot Procedures.pdf
2026-02-25 12:52:36,959 WARNING HEAD request failed for https://www.elections.maryland.gov/press_room/documents/Maryland's Blank Ballot Procedures.pdf: HTTPSConnectionPool(host='www.elections.maryland.gov', port=443): Max retries exceeded with url: /press_room/documents/Maryland's%20Blank%20Ballot%20Procedures.pdf (Caused by NameResolutionError("HTTPSConnection(host='www.elections.maryland.gov', port=443): Failed to resolve 'www.elections.maryland.gov' ([Errno 8] nodename nor servname provided, or not known)"))
2026-02-25 12:52:36,961 INFO [depth=5] Crawling: https://www.elections.maryland.gov/voting/documents/Voting%20System%20Security%20Talking%20Points.pdf
2026-02-25 12:52:36,982 WARNING HEAD request failed for https://www.elections.maryland.gov/voting/documents/Voting%20System%20Security%20Talking%20Points.pdf: HTTPSConnectionPool(host='www.elections.maryland.gov', port=443): Max retries exceeded with url: /voting/documents/Voting%20System%20Security%20Talking%20Points.pdf (Caused by NameResolutionError("HTTPSConnection(host='www.elections.maryland.gov', port=443): Failed to resolve 'www.elections.maryland.gov' ([Errno 8] nodename nor servname provided, or not known)"))
2026-02-25 12:52:36,984 INFO [depth=5] Crawling: https://www.elections.maryland.gov/press_room/Voter%20Registration%20Security%20Talking%20Points.pdf
2026-02-25 12:52:36,993 WARNING HEAD request failed for https://www.elections.maryland.gov/press_room/Voter%20Registration%20Security%20Talking%20Points.pdf: HTTPSConnectionPool(host='www.elections.maryland.gov', port=443): Max retries exceeded with url: /press_room/Voter%20Registration%20Security%20Talking%20Points.pdf (Caused by NameResolutionError("HTTPSConnection(host='www.elections.maryland.gov', port=443): Failed to resolve 'www.elections.maryland.gov' ([Errno 8] nodename nor servname provided, or not known)"))
2026-02-25 12:52:36,998 INFO [depth=5] Crawling: https://www.elections.maryland.gov/elections/archive.html
2026-02-25 12:52:37,009 WARNING HTTP error fetching https://www.elections.maryland.gov/elections/archive.html: HTTPSConnectionPool(host='www.elections.maryland.gov', port=443): Max retries exceeded with url: /elections/archive.html (Caused by NameResolutionError("HTTPSConnection(host='www.elections.maryland.gov', port=443): Failed to resolve 'www.elections.maryland.gov' ([Errno 8] nodename nor servname provided, or not known)"))
2026-02-25 12:52:37,010 INFO [depth=5] Crawling: https://www.elections.maryland.gov/elections/municipal_results/2026/2026-Seat_Pleasant_Special_Election_Results.xlsx
2026-02-25 12:52:37,019 WARNING HEAD request failed for https://www.elections.maryland.gov/elections/municipal_results/2026/2026-Seat_Pleasant_Special_Election_Results.xlsx: HTTPSConnectionPool(host='www.elections.maryland.gov', port=443): Max retries exceeded with url: /elections/municipal_results/2026/2026-Seat_Pleasant_Special_Election_Results.xlsx (Caused by NameResolutionError("HTTPSConnection(host='www.elections.maryland.gov', port=443): Failed to resolve 'www.elections.maryland.gov' ([Errno 8] nodename nor servname provided, or not known)"))
2026-02-25 12:52:37,019 INFO [depth=5] Crawling: https://www.elections.maryland.gov/elections/documents/Presidential Elections 1796 to 2016_final.pdf
2026-02-25 12:52:37,022 WARNING HEAD request failed for https://www.elections.maryland.gov/elections/documents/Presidential Elections 1796 to 2016_final.pdf: HTTPSConnectionPool(host='www.elections.maryland.gov', port=443): Max retries exceeded with url: /elections/documents/Presidential%20Elections%201796%20to%202016_final.pdf (Caused by NameResolutionError("HTTPSConnection(host='www.elections.maryland.gov', port=443): Failed to resolve 'www.elections.maryland.gov' ([Errno 8] nodename nor servname provided, or not known)"))
2026-02-25 12:52:37,023 INFO [depth=5] Crawling: https://www.elections.maryland.gov/get_involved/election_judges_form.html
2026-02-25 12:52:37,032 WARNING HTTP error fetching https://www.elections.maryland.gov/get_involved/election_judges_form.html: HTTPSConnectionPool(host='www.elections.maryland.gov', port=443): Max retries exceeded with url: /get_involved/election_judges_form.html (Caused by NameResolutionError("HTTPSConnection(host='www.elections.maryland.gov', port=443): Failed to resolve 'www.elections.maryland.gov' ([Errno 8] nodename nor servname provided, or not known)"))
2026-02-25 12:52:37,032 INFO [depth=5] Crawling: https://www.elections.maryland.gov/get_involved/registration_volunteers.html
2026-02-25 12:52:37,053 WARNING HTTP error fetching https://www.elections.maryland.gov/get_involved/registration_volunteers.html: HTTPSConnectionPool(host='www.elections.maryland.gov', port=443): Max retries exceeded with url: /get_involved/registration_volunteers.html (Caused by NameResolutionError("HTTPSConnection(host='www.elections.maryland.gov', port=443): Failed to resolve 'www.elections.maryland.gov' ([Errno 8] nodename nor servname provided, or not known)"))
2026-02-25 12:52:37,053 INFO [depth=5] Crawling: https://www.elections.maryland.gov/get_involved/election_pages.html
2026-02-25 12:52:37,063 WARNING HTTP error fetching https://www.elections.maryland.gov/get_involved/election_pages.html: HTTPSConnectionPool(host='www.elections.maryland.gov', port=443): Max retries exceeded with url: /get_involved/election_pages.html (Caused by NameResolutionError("HTTPSConnection(host='www.elections.maryland.gov', port=443): Failed to resolve 'www.elections.maryland.gov' ([Errno 8] nodename nor servname provided, or not known)"))
2026-02-25 12:52:37,064 INFO [depth=5] Crawling: https://www.elections.maryland.gov/get_involved/election_judges.html
2026-02-25 12:52:37,066 WARNING HTTP error fetching https://www.elections.maryland.gov/get_involved/election_judges.html: HTTPSConnectionPool(host='www.elections.maryland.gov', port=443): Max retries exceeded with url: /get_involved/election_judges.html (Caused by NameResolutionError("HTTPSConnection(host='www.elections.maryland.gov', port=443): Failed to resolve 'www.elections.maryland.gov' ([Errno 8] nodename nor servname provided, or not known)"))
2026-02-25 12:52:37,067 INFO [depth=5] Crawling: https://www.elections.maryland.gov/about/board_archive.html
2026-02-25 12:52:37,072 WARNING HTTP error fetching https://www.elections.maryland.gov/about/board_archive.html: HTTPSConnectionPool(host='www.elections.maryland.gov', port=443): Max retries exceeded with url: /about/board_archive.html (Caused by NameResolutionError("HTTPSConnection(host='www.elections.maryland.gov', port=443): Failed to resolve 'www.elections.maryland.gov' ([Errno 8] nodename nor servname provided, or not known)"))
2026-02-25 12:52:37,083 INFO [depth=5] Crawling: https://www.elections.maryland.gov/about/social_media.html
2026-02-25 12:52:37,130 WARNING HTTP error fetching https://www.elections.maryland.gov/about/social_media.html: HTTPSConnectionPool(host='www.elections.maryland.gov', port=443): Max retries exceeded with url: /about/social_media.html (Caused by NameResolutionError("HTTPSConnection(host='www.elections.maryland.gov', port=443): Failed to resolve 'www.elections.maryland.gov' ([Errno 8] nodename nor servname provided, or not known)"))
2026-02-25 12:52:37,131 INFO [depth=5] Crawling: https://www.elections.maryland.gov/about/state-links.html
2026-02-25 12:52:37,142 WARNING HTTP error fetching https://www.elections.maryland.gov/about/state-links.html: HTTPSConnectionPool(host='www.elections.maryland.gov', port=443): Max retries exceeded with url: /about/state-links.html (Caused by NameResolutionError("HTTPSConnection(host='www.elections.maryland.gov', port=443): Failed to resolve 'www.elections.maryland.gov' ([Errno 8] nodename nor servname provided, or not known)"))
2026-02-25 12:52:37,143 INFO [depth=5] Crawling: https://www.elections.maryland.gov/about/federal-links.html
2026-02-25 12:52:37,150 WARNING HTTP error fetching https://www.elections.maryland.gov/about/federal-links.html: HTTPSConnectionPool(host='www.elections.maryland.gov', port=443): Max retries exceeded with url: /about/federal-links.html (Caused by NameResolutionError("HTTPSConnection(host='www.elections.maryland.gov', port=443): Failed to resolve 'www.elections.maryland.gov' ([Errno 8] nodename nor servname provided, or not known)"))
2026-02-25 12:52:37,150 INFO [depth=5] Crawling: https://www.elections.maryland.gov/about/directions.html
2026-02-25 12:52:37,152 WARNING HTTP error fetching https://www.elections.maryland.gov/about/directions.html: HTTPSConnectionPool(host='www.elections.maryland.gov', port=443): Max retries exceeded with url: /about/directions.html (Caused by NameResolutionError("HTTPSConnection(host='www.elections.maryland.gov', port=443): Failed to resolve 'www.elections.maryland.gov' ([Errno 8] nodename nor servname provided, or not known)"))
2026-02-25 12:52:37,152 INFO [depth=5] Crawling: https://www.elections.maryland.gov/about/feedback.html
2026-02-25 12:52:37,154 WARNING HTTP error fetching https://www.elections.maryland.gov/about/feedback.html: HTTPSConnectionPool(host='www.elections.maryland.gov', port=443): Max retries exceeded with url: /about/feedback.html (Caused by NameResolutionError("HTTPSConnection(host='www.elections.maryland.gov', port=443): Failed to resolve 'www.elections.maryland.gov' ([Errno 8] nodename nor servname provided, or not known)"))
2026-02-25 12:52:37,154 INFO [depth=5] Crawling: https://www.elections.maryland.gov/about/Signed Board Bylaws.pdf
2026-02-25 12:52:37,156 WARNING HEAD request failed for https://www.elections.maryland.gov/about/Signed Board Bylaws.pdf: HTTPSConnectionPool(host='www.elections.maryland.gov', port=443): Max retries exceeded with url: /about/Signed%20Board%20Bylaws.pdf (Caused by NameResolutionError("HTTPSConnection(host='www.elections.maryland.gov', port=443): Failed to resolve 'www.elections.maryland.gov' ([Errno 8] nodename nor servname provided, or not known)"))
2026-02-25 12:52:37,156 INFO [depth=5] Crawling: https://www.elections.maryland.gov/about/documents/SBE_Delegation_of_Duties.pdf
2026-02-25 12:52:37,158 WARNING HEAD request failed for https://www.elections.maryland.gov/about/documents/SBE_Delegation_of_Duties.pdf: HTTPSConnectionPool(host='www.elections.maryland.gov', port=443): Max retries exceeded with url: /about/documents/SBE_Delegation_of_Duties.pdf (Caused by NameResolutionError("HTTPSConnection(host='www.elections.maryland.gov', port=443): Failed to resolve 'www.elections.maryland.gov' ([Errno 8] nodename nor servname provided, or not known)"))
2026-02-25 12:52:37,158 INFO [depth=5] Crawling: https://www.elections.maryland.gov/documents/instructions_box.pdf
2026-02-25 12:52:37,159 WARNING HEAD request failed for https://www.elections.maryland.gov/documents/instructions_box.pdf: HTTPSConnectionPool(host='www.elections.maryland.gov', port=443): Max retries exceeded with url: /documents/instructions_box.pdf (Caused by NameResolutionError("HTTPSConnection(host='www.elections.maryland.gov', port=443): Failed to resolve 'www.elections.maryland.gov' ([Errno 8] nodename nor servname provided, or not known)"))
2026-02-25 12:52:37,159 INFO [depth=5] Crawling: https://www.elections.maryland.gov/forms/voter.html
2026-02-25 12:52:37,160 WARNING HTTP error fetching https://www.elections.maryland.gov/forms/voter.html: HTTPSConnectionPool(host='www.elections.maryland.gov', port=443): Max retries exceeded with url: /forms/voter.html (Caused by NameResolutionError("HTTPSConnection(host='www.elections.maryland.gov', port=443): Failed to resolve 'www.elections.maryland.gov' ([Errno 8] nodename nor servname provided, or not known)"))
2026-02-25 12:52:37,160 INFO [depth=5] Crawling: https://www.elections.maryland.gov/forms/campaign_finance.html
2026-02-25 12:52:37,161 WARNING HTTP error fetching https://www.elections.maryland.gov/forms/campaign_finance.html: HTTPSConnectionPool(host='www.elections.maryland.gov', port=443): Max retries exceeded with url: /forms/campaign_finance.html (Caused by NameResolutionError("HTTPSConnection(host='www.elections.maryland.gov', port=443): Failed to resolve 'www.elections.maryland.gov' ([Errno 8] nodename nor servname provided, or not known)"))
2026-02-25 12:52:37,162 INFO [depth=5] Crawling: https://www.elections.maryland.gov/forms/miscellaneous.html
2026-02-25 12:52:37,162 WARNING HTTP error fetching https://www.elections.maryland.gov/forms/miscellaneous.html: HTTPSConnectionPool(host='www.elections.maryland.gov', port=443): Max retries exceeded with url: /forms/miscellaneous.html (Caused by NameResolutionError("HTTPSConnection(host='www.elections.maryland.gov', port=443): Failed to resolve 'www.elections.maryland.gov' ([Errno 8] nodename nor servname provided, or not known)"))
2026-02-25 12:52:37,163 INFO [depth=5] Crawling: https://www.elections.maryland.gov/voting/documents/Voting System Security Talking Points.pdf
2026-02-25 12:52:37,164 WARNING HEAD request failed for https://www.elections.maryland.gov/voting/documents/Voting System Security Talking Points.pdf: HTTPSConnectionPool(host='www.elections.maryland.gov', port=443): Max retries exceeded with url: /voting/documents/Voting%20System%20Security%20Talking%20Points.pdf (Caused by NameResolutionError("HTTPSConnection(host='www.elections.maryland.gov', port=443): Failed to resolve 'www.elections.maryland.gov' ([Errno 8] nodename nor servname provided, or not known)"))
2026-02-25 12:52:37,164 INFO [depth=5] Crawling: https://www.elections.maryland.gov/press_room/Voter Registration Security Talking Points.pdf
2026-02-25 12:52:37,165 WARNING HEAD request failed for https://www.elections.maryland.gov/press_room/Voter Registration Security Talking Points.pdf: HTTPSConnectionPool(host='www.elections.maryland.gov', port=443): Max retries exceeded with url: /press_room/Voter%20Registration%20Security%20Talking%20Points.pdf (Caused by NameResolutionError("HTTPSConnection(host='www.elections.maryland.gov', port=443): Failed to resolve 'www.elections.maryland.gov' ([Errno 8] nodename nor servname provided, or not known)"))
2026-02-25 12:52:37,165 INFO [depth=5] Crawling: https://www.elections.maryland.gov/about/documents/HIRT_Engagement_Report_Maryland_State_Board_of_Elections_FINAL.pdf
2026-02-25 12:52:37,166 WARNING HEAD request failed for https://www.elections.maryland.gov/about/documents/HIRT_Engagement_Report_Maryland_State_Board_of_Elections_FINAL.pdf: HTTPSConnectionPool(host='www.elections.maryland.gov', port=443): Max retries exceeded with url: /about/documents/HIRT_Engagement_Report_Maryland_State_Board_of_Elections_FINAL.pdf (Caused by NameResolutionError("HTTPSConnection(host='www.elections.maryland.gov', port=443): Failed to resolve 'www.elections.maryland.gov' ([Errno 8] nodename nor servname provided, or not known)"))
2026-02-25 12:52:37,166 INFO [depth=5] Crawling: https://www.elections.maryland.gov/laws_and_regs/documents/2023-01 MIB Processing for 2024 Election.pdf
2026-02-25 12:52:37,167 WARNING HEAD request failed for https://www.elections.maryland.gov/laws_and_regs/documents/2023-01 MIB Processing for 2024 Election.pdf: HTTPSConnectionPool(host='www.elections.maryland.gov', port=443): Max retries exceeded with url: /laws_and_regs/documents/2023-01%20MIB%20Processing%20for%202024%20Election.pdf (Caused by NameResolutionError("HTTPSConnection(host='www.elections.maryland.gov', port=443): Failed to resolve 'www.elections.maryland.gov' ([Errno 8] nodename nor servname provided, or not known)"))
2026-02-25 12:52:37,167 INFO [depth=5] Crawling: https://www.elections.maryland.gov/laws_and_regs/documents/Misc-c_SBE Policy 2025-01 Line Management.pdf
2026-02-25 12:52:37,168 WARNING HEAD request failed for https://www.elections.maryland.gov/laws_and_regs/documents/Misc-c_SBE Policy 2025-01 Line Management.pdf: HTTPSConnectionPool(host='www.elections.maryland.gov', port=443): Max retries exceeded with url: /laws_and_regs/documents/Misc-c_SBE%20Policy%202025-01%20Line%20Management.pdf (Caused by NameResolutionError("HTTPSConnection(host='www.elections.maryland.gov', port=443): Failed to resolve 'www.elections.maryland.gov' ([Errno 8] nodename nor servname provided, or not known)"))
2026-02-25 12:52:37,168 INFO [depth=5] Crawling: https://www.elections.maryland.gov/laws_and_regs/documents/Misc-b_SBE Policy 2023-01 List Maintenance Updated Policy.pdf
2026-02-25 12:52:37,169 WARNING HEAD request failed for https://www.elections.maryland.gov/laws_and_regs/documents/Misc-b_SBE Policy 2023-01 List Maintenance Updated Policy.pdf: HTTPSConnectionPool(host='www.elections.maryland.gov', port=443): Max retries exceeded with url: /laws_and_regs/documents/Misc-b_SBE%20Policy%202023-01%20List%20Maintenance%20Updated%20Policy.pdf (Caused by NameResolutionError("HTTPSConnection(host='www.elections.maryland.gov', port=443): Failed to resolve 'www.elections.maryland.gov' ([Errno 8] nodename nor servname provided, or not known)"))
2026-02-25 12:52:37,169 INFO [depth=5] Crawling: https://www.elections.maryland.gov/voting/documents/HowMDVotes_BMD.pdf
2026-02-25 12:52:37,171 WARNING HEAD request failed for https://www.elections.maryland.gov/voting/documents/HowMDVotes_BMD.pdf: HTTPSConnectionPool(host='www.elections.maryland.gov', port=443): Max retries exceeded with url: /voting/documents/HowMDVotes_BMD.pdf (Caused by NameResolutionError("HTTPSConnection(host='www.elections.maryland.gov', port=443): Failed to resolve 'www.elections.maryland.gov' ([Errno 8] nodename nor servname provided, or not known)"))
2026-02-25 12:52:37,171 INFO [depth=5] Crawling: https://www.elections.maryland.gov/voting/documents/Definition of a Vote Manual_v0.3 11022016.pdf
2026-02-25 12:52:37,172 WARNING HEAD request failed for https://www.elections.maryland.gov/voting/documents/Definition of a Vote Manual_v0.3 11022016.pdf: HTTPSConnectionPool(host='www.elections.maryland.gov', port=443): Max retries exceeded with url: /voting/documents/Definition%20of%20a%20Vote%20Manual_v0.3%2011022016.pdf (Caused by NameResolutionError("HTTPSConnection(host='www.elections.maryland.gov', port=443): Failed to resolve 'www.elections.maryland.gov' ([Errno 8] nodename nor servname provided, or not known)"))
2026-02-25 12:52:37,172 INFO [depth=5] Crawling: https://www.elections.maryland.gov/voting/documents/Rules for Observing Canvasses_10152024.pdf
2026-02-25 12:52:37,173 WARNING HEAD request failed for https://www.elections.maryland.gov/voting/documents/Rules for Observing Canvasses_10152024.pdf: HTTPSConnectionPool(host='www.elections.maryland.gov', port=443): Max retries exceeded with url: /voting/documents/Rules%20for%20Observing%20Canvasses_10152024.pdf (Caused by NameResolutionError("HTTPSConnection(host='www.elections.maryland.gov', port=443): Failed to resolve 'www.elections.maryland.gov' ([Errno 8] nodename nor servname provided, or not known)"))
2026-02-25 12:52:37,173 INFO [depth=5] Crawling: https://www.elections.maryland.gov/voting/documents/Canvass Challenge Form_10112024.pdf
2026-02-25 12:52:37,174 WARNING HEAD request failed for https://www.elections.maryland.gov/voting/documents/Canvass Challenge Form_10112024.pdf: HTTPSConnectionPool(host='www.elections.maryland.gov', port=443): Max retries exceeded with url: /voting/documents/Canvass%20Challenge%20Form_10112024.pdf (Caused by NameResolutionError("HTTPSConnection(host='www.elections.maryland.gov', port=443): Failed to resolve 'www.elections.maryland.gov' ([Errno 8] nodename nor servname provided, or not known)"))
2026-02-25 12:52:37,174 INFO [depth=5] Crawling: https://www.elections.maryland.gov/voting/provisional_voting_video_transcript.html
2026-02-25 12:52:37,175 WARNING HTTP error fetching https://www.elections.maryland.gov/voting/provisional_voting_video_transcript.html: HTTPSConnectionPool(host='www.elections.maryland.gov', port=443): Max retries exceeded with url: /voting/provisional_voting_video_transcript.html (Caused by NameResolutionError("HTTPSConnection(host='www.elections.maryland.gov', port=443): Failed to resolve 'www.elections.maryland.gov' ([Errno 8] nodename nor servname provided, or not known)"))
2026-02-25 12:52:37,175 INFO [depth=5] Crawling: http://www.elections.maryland.gov/voting/documents/HowMDVotes_BMD.pdf
2026-02-25 12:52:37,176 WARNING HEAD request failed for http://www.elections.maryland.gov/voting/documents/HowMDVotes_BMD.pdf: HTTPConnectionPool(host='www.elections.maryland.gov', port=80): Max retries exceeded with url: /voting/documents/HowMDVotes_BMD.pdf (Caused by NameResolutionError("HTTPConnection(host='www.elections.maryland.gov', port=80): Failed to resolve 'www.elections.maryland.gov' ([Errno 8] nodename nor servname provided, or not known)"))
2026-02-25 12:52:37,176 INFO [depth=5] Crawling: http://www.elections.maryland.gov/voting/documents/Definition of a Vote Manual_v0.3 11022016.pdf
2026-02-25 12:52:37,177 WARNING HEAD request failed for http://www.elections.maryland.gov/voting/documents/Definition of a Vote Manual_v0.3 11022016.pdf: HTTPConnectionPool(host='www.elections.maryland.gov', port=80): Max retries exceeded with url: /voting/documents/Definition%20of%20a%20Vote%20Manual_v0.3%2011022016.pdf (Caused by NameResolutionError("HTTPConnection(host='www.elections.maryland.gov', port=80): Failed to resolve 'www.elections.maryland.gov' ([Errno 8] nodename nor servname provided, or not known)"))
2026-02-25 12:52:37,177 INFO [depth=5] Crawling: http://www.elections.maryland.gov/voting/documents/Rules for Observing Canvasses_10152024.pdf
2026-02-25 12:52:37,178 WARNING HEAD request failed for http://www.elections.maryland.gov/voting/documents/Rules for Observing Canvasses_10152024.pdf: HTTPConnectionPool(host='www.elections.maryland.gov', port=80): Max retries exceeded with url: /voting/documents/Rules%20for%20Observing%20Canvasses_10152024.pdf (Caused by NameResolutionError("HTTPConnection(host='www.elections.maryland.gov', port=80): Failed to resolve 'www.elections.maryland.gov' ([Errno 8] nodename nor servname provided, or not known)"))
2026-02-25 12:52:37,178 INFO [depth=5] Crawling: http://www.elections.maryland.gov/voting/documents/Canvass Challenge Form_10112024.pdf
2026-02-25 12:52:37,179 WARNING HEAD request failed for http://www.elections.maryland.gov/voting/documents/Canvass Challenge Form_10112024.pdf: HTTPConnectionPool(host='www.elections.maryland.gov', port=80): Max retries exceeded with url: /voting/documents/Canvass%20Challenge%20Form_10112024.pdf (Caused by NameResolutionError("HTTPConnection(host='www.elections.maryland.gov', port=80): Failed to resolve 'www.elections.maryland.gov' ([Errno 8] nodename nor servname provided, or not known)"))
2026-02-25 12:52:37,179 INFO [depth=5] Crawling: http://www.elections.maryland.gov/voting/provisional_voting_video_transcript.html
2026-02-25 12:52:37,180 WARNING HTTP error fetching http://www.elections.maryland.gov/voting/provisional_voting_video_transcript.html: HTTPConnectionPool(host='www.elections.maryland.gov', port=80): Max retries exceeded with url: /voting/provisional_voting_video_transcript.html (Caused by NameResolutionError("HTTPConnection(host='www.elections.maryland.gov', port=80): Failed to resolve 'www.elections.maryland.gov' ([Errno 8] nodename nor servname provided, or not known)"))
2026-02-25 12:52:37,180 INFO [depth=5] Crawling: http://www.elections.maryland.gov/pdf/Challenger_and_Watchers_Manual.pdf
2026-02-25 12:52:37,182 WARNING HEAD request failed for http://www.elections.maryland.gov/pdf/Challenger_and_Watchers_Manual.pdf: HTTPConnectionPool(host='www.elections.maryland.gov', port=80): Max retries exceeded with url: /pdf/Challenger_and_Watchers_Manual.pdf (Caused by NameResolutionError("HTTPConnection(host='www.elections.maryland.gov', port=80): Failed to resolve 'www.elections.maryland.gov' ([Errno 8] nodename nor servname provided, or not known)"))
2026-02-25 12:52:37,182 INFO [depth=5] Crawling: http://www.elections.maryland.gov/get_involved/Challenger  Watcher Summary - Opening the Polls.pdf
2026-02-25 12:52:37,183 WARNING HEAD request failed for http://www.elections.maryland.gov/get_involved/Challenger  Watcher Summary - Opening the Polls.pdf: HTTPConnectionPool(host='www.elections.maryland.gov', port=80): Max retries exceeded with url: /get_involved/Challenger%20%20Watcher%20Summary%20-%20Opening%20the%20Polls.pdf (Caused by NameResolutionError("HTTPConnection(host='www.elections.maryland.gov', port=80): Failed to resolve 'www.elections.maryland.gov' ([Errno 8] nodename nor servname provided, or not known)"))
2026-02-25 12:52:37,183 INFO [depth=5] Crawling: http://www.elections.maryland.gov/get_involved/Challenger  Watcher Summary - Closing the Polls.pdf
2026-02-25 12:52:37,184 WARNING HEAD request failed for http://www.elections.maryland.gov/get_involved/Challenger  Watcher Summary - Closing the Polls.pdf: HTTPConnectionPool(host='www.elections.maryland.gov', port=80): Max retries exceeded with url: /get_involved/Challenger%20%20Watcher%20Summary%20-%20Closing%20the%20Polls.pdf (Caused by NameResolutionError("HTTPConnection(host='www.elections.maryland.gov', port=80): Failed to resolve 'www.elections.maryland.gov' ([Errno 8] nodename nor servname provided, or not known)"))
2026-02-25 12:52:37,184 INFO [depth=5] Crawling: http://www.elections.maryland.gov/pdf/Challenger_Certificate.pdf
2026-02-25 12:52:37,185 WARNING HEAD request failed for http://www.elections.maryland.gov/pdf/Challenger_Certificate.pdf: HTTPConnectionPool(host='www.elections.maryland.gov', port=80): Max retries exceeded with url: /pdf/Challenger_Certificate.pdf (Caused by NameResolutionError("HTTPConnection(host='www.elections.maryland.gov', port=80): Failed to resolve 'www.elections.maryland.gov' ([Errno 8] nodename nor servname provided, or not known)"))
2026-02-25 12:52:37,185 INFO [depth=5] Crawling: http://www.elections.maryland.gov/voting_system/how_to_vote_video_transcript.html
2026-02-25 12:52:37,186 WARNING HTTP error fetching http://www.elections.maryland.gov/voting_system/how_to_vote_video_transcript.html: HTTPConnectionPool(host='www.elections.maryland.gov', port=80): Max retries exceeded with url: /voting_system/how_to_vote_video_transcript.html (Caused by NameResolutionError("HTTPConnection(host='www.elections.maryland.gov', port=80): Failed to resolve 'www.elections.maryland.gov' ([Errno 8] nodename nor servname provided, or not known)"))
2026-02-25 12:52:37,186 INFO [depth=5] Crawling: http://www.elections.maryland.gov/voting_system/documents/Closed_Certification Testing Report for ES&S EVS_FINAL.pdf
2026-02-25 12:52:37,188 WARNING HEAD request failed for http://www.elections.maryland.gov/voting_system/documents/Closed_Certification Testing Report for ES&S EVS_FINAL.pdf: HTTPConnectionPool(host='www.elections.maryland.gov', port=80): Max retries exceeded with url: /voting_system/documents/Closed_Certification%20Testing%20Report%20for%20ES&S%20EVS_FINAL.pdf (Caused by NameResolutionError("HTTPConnection(host='www.elections.maryland.gov', port=80): Failed to resolve 'www.elections.maryland.gov' ([Errno 8] nodename nor servname provided, or not known)"))
2026-02-25 12:52:37,188 INFO [depth=5] Crawling: http://www.elections.maryland.gov/voting_system/documents/Closed_Public demo survey summary.pdf
2026-02-25 12:52:37,190 WARNING HEAD request failed for http://www.elections.maryland.gov/voting_system/documents/Closed_Public demo survey summary.pdf: HTTPConnectionPool(host='www.elections.maryland.gov', port=80): Max retries exceeded with url: /voting_system/documents/Closed_Public%20demo%20survey%20summary.pdf (Caused by NameResolutionError("HTTPConnection(host='www.elections.maryland.gov', port=80): Failed to resolve 'www.elections.maryland.gov' ([Errno 8] nodename nor servname provided, or not known)"))
2026-02-25 12:52:37,190 INFO [depth=5] Crawling: http://www.elections.maryland.gov/voting_system/documents/ExpressVote - Final Usability Report.pdf
2026-02-25 12:52:37,191 WARNING HEAD request failed for http://www.elections.maryland.gov/voting_system/documents/ExpressVote - Final Usability Report.pdf: HTTPConnectionPool(host='www.elections.maryland.gov', port=80): Max retries exceeded with url: /voting_system/documents/ExpressVote%20-%20Final%20Usability%20Report.pdf (Caused by NameResolutionError("HTTPConnection(host='www.elections.maryland.gov', port=80): Failed to resolve 'www.elections.maryland.gov' ([Errno 8] nodename nor servname provided, or not known)"))
2026-02-25 12:52:37,191 INFO [depth=5] Crawling: http://www.elections.maryland.gov/overseas_voters/documents/Designation of Agent Form- Mail-In Ballot.pdf
2026-02-25 12:52:37,192 WARNING HEAD request failed for http://www.elections.maryland.gov/overseas_voters/documents/Designation of Agent Form- Mail-In Ballot.pdf: HTTPConnectionPool(host='www.elections.maryland.gov', port=80): Max retries exceeded with url: /overseas_voters/documents/Designation%20of%20Agent%20Form-%20Mail-In%20Ballot.pdf (Caused by NameResolutionError("HTTPConnection(host='www.elections.maryland.gov', port=80): Failed to resolve 'www.elections.maryland.gov' ([Errno 8] nodename nor servname provided, or not known)"))
2026-02-25 12:52:37,192 INFO [depth=5] Crawling: http://www.elections.maryland.gov/voting/documents/2014_Absentee_Ballot_Application_Spanish.pdf
2026-02-25 12:52:37,193 WARNING HEAD request failed for http://www.elections.maryland.gov/voting/documents/2014_Absentee_Ballot_Application_Spanish.pdf: HTTPConnectionPool(host='www.elections.maryland.gov', port=80): Max retries exceeded with url: /voting/documents/2014_Absentee_Ballot_Application_Spanish.pdf (Caused by NameResolutionError("HTTPConnection(host='www.elections.maryland.gov', port=80): Failed to resolve 'www.elections.maryland.gov' ([Errno 8] nodename nor servname provided, or not known)"))
2026-02-25 12:52:37,193 INFO [depth=5] Crawling: http://www.elections.maryland.gov/voter_registration/documents/VR_List_Maintenance.pdf
2026-02-25 12:52:37,193 WARNING HEAD request failed for http://www.elections.maryland.gov/voter_registration/documents/VR_List_Maintenance.pdf: HTTPConnectionPool(host='www.elections.maryland.gov', port=80): Max retries exceeded with url: /voter_registration/documents/VR_List_Maintenance.pdf (Caused by NameResolutionError("HTTPConnection(host='www.elections.maryland.gov', port=80): Failed to resolve 'www.elections.maryland.gov' ([Errno 8] nodename nor servname provided, or not known)"))
2026-02-25 12:52:37,194 INFO [depth=5] Crawling: http://www.elections.maryland.gov/voter_registration/data_form.html
2026-02-25 12:52:37,194 WARNING HTTP error fetching http://www.elections.maryland.gov/voter_registration/data_form.html: HTTPConnectionPool(host='www.elections.maryland.gov', port=80): Max retries exceeded with url: /voter_registration/data_form.html (Caused by NameResolutionError("HTTPConnection(host='www.elections.maryland.gov', port=80): Failed to resolve 'www.elections.maryland.gov' ([Errno 8] nodename nor servname provided, or not known)"))
2026-02-25 12:52:37,194 INFO [depth=5] Crawling: http://www.elections.maryland.gov/voter_registration/documents/VR_List_Request_Form.pdf
2026-02-25 12:52:37,195 WARNING HEAD request failed for http://www.elections.maryland.gov/voter_registration/documents/VR_List_Request_Form.pdf: HTTPConnectionPool(host='www.elections.maryland.gov', port=80): Max retries exceeded with url: /voter_registration/documents/VR_List_Request_Form.pdf (Caused by NameResolutionError("HTTPConnection(host='www.elections.maryland.gov', port=80): Failed to resolve 'www.elections.maryland.gov' ([Errno 8] nodename nor servname provided, or not known)"))
2026-02-25 12:52:37,195 INFO [depth=5] Crawling: http://www.elections.maryland.gov/press_room/2010_stats/gg10_statewide.pdf
2026-02-25 12:52:37,196 WARNING HEAD request failed for http://www.elections.maryland.gov/press_room/2010_stats/gg10_statewide.pdf: HTTPConnectionPool(host='www.elections.maryland.gov', port=80): Max retries exceeded with url: /press_room/2010_stats/gg10_statewide.pdf (Caused by NameResolutionError("HTTPConnection(host='www.elections.maryland.gov', port=80): Failed to resolve 'www.elections.maryland.gov' ([Errno 8] nodename nor servname provided, or not known)"))
2026-02-25 12:52:37,196 INFO [depth=5] Crawling: http://www.elections.maryland.gov/press_room/2010_stats/gg_by congressional district.pdf
2026-02-25 12:52:37,197 WARNING HEAD request failed for http://www.elections.maryland.gov/press_room/2010_stats/gg_by congressional district.pdf: HTTPConnectionPool(host='www.elections.maryland.gov', port=80): Max retries exceeded with url: /press_room/2010_stats/gg_by%20congressional%20district.pdf (Caused by NameResolutionError("HTTPConnection(host='www.elections.maryland.gov', port=80): Failed to resolve 'www.elections.maryland.gov' ([Errno 8] nodename nor servname provided, or not known)"))
2026-02-25 12:52:37,197 INFO [depth=5] Crawling: http://www.elections.maryland.gov/press_room/2010_stats/gg_by legislative district.pdf
2026-02-25 12:52:37,198 WARNING HEAD request failed for http://www.elections.maryland.gov/press_room/2010_stats/gg_by legislative district.pdf: HTTPConnectionPool(host='www.elections.maryland.gov', port=80): Max retries exceeded with url: /press_room/2010_stats/gg_by%20legislative%20district.pdf (Caused by NameResolutionError("HTTPConnection(host='www.elections.maryland.gov', port=80): Failed to resolve 'www.elections.maryland.gov' ([Errno 8] nodename nor servname provided, or not known)"))
2026-02-25 12:52:37,199 INFO [depth=5] Crawling: http://www.elections.maryland.gov/press_room/2010_stats/gg_allegany.pdf
2026-02-25 12:52:37,200 WARNING HEAD request failed for http://www.elections.maryland.gov/press_room/2010_stats/gg_allegany.pdf: HTTPConnectionPool(host='www.elections.maryland.gov', port=80): Max retries exceeded with url: /press_room/2010_stats/gg_allegany.pdf (Caused by NameResolutionError("HTTPConnection(host='www.elections.maryland.gov', port=80): Failed to resolve 'www.elections.maryland.gov' ([Errno 8] nodename nor servname provided, or not known)"))
2026-02-25 12:52:37,200 INFO [depth=5] Crawling: http://www.elections.maryland.gov/press_room/2010_stats/gg_anne arundel.pdf
2026-02-25 12:52:37,201 WARNING HEAD request failed for http://www.elections.maryland.gov/press_room/2010_stats/gg_anne arundel.pdf: HTTPConnectionPool(host='www.elections.maryland.gov', port=80): Max retries exceeded with url: /press_room/2010_stats/gg_anne%20arundel.pdf (Caused by NameResolutionError("HTTPConnection(host='www.elections.maryland.gov', port=80): Failed to resolve 'www.elections.maryland.gov' ([Errno 8] nodename nor servname provided, or not known)"))
2026-02-25 12:52:37,201 INFO [depth=5] Crawling: http://www.elections.maryland.gov/press_room/2010_stats/gg_baltimore city.pdf
2026-02-25 12:52:37,202 WARNING HEAD request failed for http://www.elections.maryland.gov/press_room/2010_stats/gg_baltimore city.pdf: HTTPConnectionPool(host='www.elections.maryland.gov', port=80): Max retries exceeded with url: /press_room/2010_stats/gg_baltimore%20city.pdf (Caused by NameResolutionError("HTTPConnection(host='www.elections.maryland.gov', port=80): Failed to resolve 'www.elections.maryland.gov' ([Errno 8] nodename nor servname provided, or not known)"))
2026-02-25 12:52:37,202 INFO [depth=5] Crawling: http://www.elections.maryland.gov/press_room/2010_stats/gg_baltimorecounty.pdf
2026-02-25 12:52:37,203 WARNING HEAD request failed for http://www.elections.maryland.gov/press_room/2010_stats/gg_baltimorecounty.pdf: HTTPConnectionPool(host='www.elections.maryland.gov', port=80): Max retries exceeded with url: /press_room/2010_stats/gg_baltimorecounty.pdf (Caused by NameResolutionError("HTTPConnection(host='www.elections.maryland.gov', port=80): Failed to resolve 'www.elections.maryland.gov' ([Errno 8] nodename nor servname provided, or not known)"))
2026-02-25 12:52:37,203 INFO [depth=5] Crawling: http://www.elections.maryland.gov/press_room/2010_stats/gg_calvert.pdf
2026-02-25 12:52:37,203 WARNING HEAD request failed for http://www.elections.maryland.gov/press_room/2010_stats/gg_calvert.pdf: HTTPConnectionPool(host='www.elections.maryland.gov', port=80): Max retries exceeded with url: /press_room/2010_stats/gg_calvert.pdf (Caused by NameResolutionError("HTTPConnection(host='www.elections.maryland.gov', port=80): Failed to resolve 'www.elections.maryland.gov' ([Errno 8] nodename nor servname provided, or not known)"))
2026-02-25 12:52:37,204 INFO [depth=5] Crawling: http://www.elections.maryland.gov/press_room/2010_stats/gg_caroline.pdf
2026-02-25 12:52:37,213 WARNING HEAD request failed for http://www.elections.maryland.gov/press_room/2010_stats/gg_caroline.pdf: HTTPConnectionPool(host='www.elections.maryland.gov', port=80): Max retries exceeded with url: /press_room/2010_stats/gg_caroline.pdf (Caused by NameResolutionError("HTTPConnection(host='www.elections.maryland.gov', port=80): Failed to resolve 'www.elections.maryland.gov' ([Errno 8] nodename nor servname provided, or not known)"))
2026-02-25 12:52:37,214 INFO [depth=5] Crawling: http://www.elections.maryland.gov/press_room/2010_stats/gg_carroll.pdf
2026-02-25 12:52:37,215 WARNING HEAD request failed for http://www.elections.maryland.gov/press_room/2010_stats/gg_carroll.pdf: HTTPConnectionPool(host='www.elections.maryland.gov', port=80): Max retries exceeded with url: /press_room/2010_stats/gg_carroll.pdf (Caused by NameResolutionError("HTTPConnection(host='www.elections.maryland.gov', port=80): Failed to resolve 'www.elections.maryland.gov' ([Errno 8] nodename nor servname provided, or not known)"))
2026-02-25 12:52:37,215 INFO [depth=5] Crawling: http://www.elections.maryland.gov/press_room/2010_stats/gg_cecil.pdf
2026-02-25 12:52:37,216 WARNING HEAD request failed for http://www.elections.maryland.gov/press_room/2010_stats/gg_cecil.pdf: HTTPConnectionPool(host='www.elections.maryland.gov', port=80): Max retries exceeded with url: /press_room/2010_stats/gg_cecil.pdf (Caused by NameResolutionError("HTTPConnection(host='www.elections.maryland.gov', port=80): Failed to resolve 'www.elections.maryland.gov' ([Errno 8] nodename nor servname provided, or not known)"))
2026-02-25 12:52:37,216 INFO [depth=5] Crawling: http://www.elections.maryland.gov/press_room/2010_stats/gg_charles.pdf
2026-02-25 12:52:37,217 WARNING HEAD request failed for http://www.elections.maryland.gov/press_room/2010_stats/gg_charles.pdf: HTTPConnectionPool(host='www.elections.maryland.gov', port=80): Max retries exceeded with url: /press_room/2010_stats/gg_charles.pdf (Caused by NameResolutionError("HTTPConnection(host='www.elections.maryland.gov', port=80): Failed to resolve 'www.elections.maryland.gov' ([Errno 8] nodename nor servname provided, or not known)"))
2026-02-25 12:52:37,217 INFO [depth=5] Crawling: http://www.elections.maryland.gov/press_room/2010_stats/gg_dorchester.pdf
2026-02-25 12:52:37,218 WARNING HEAD request failed for http://www.elections.maryland.gov/press_room/2010_stats/gg_dorchester.pdf: HTTPConnectionPool(host='www.elections.maryland.gov', port=80): Max retries exceeded with url: /press_room/2010_stats/gg_dorchester.pdf (Caused by NameResolutionError("HTTPConnection(host='www.elections.maryland.gov', port=80): Failed to resolve 'www.elections.maryland.gov' ([Errno 8] nodename nor servname provided, or not known)"))
2026-02-25 12:52:37,218 INFO [depth=5] Crawling: http://www.elections.maryland.gov/press_room/2010_stats/gg_frederick.pdf
2026-02-25 12:52:37,219 WARNING HEAD request failed for http://www.elections.maryland.gov/press_room/2010_stats/gg_frederick.pdf: HTTPConnectionPool(host='www.elections.maryland.gov', port=80): Max retries exceeded with url: /press_room/2010_stats/gg_frederick.pdf (Caused by NameResolutionError("HTTPConnection(host='www.elections.maryland.gov', port=80): Failed to resolve 'www.elections.maryland.gov' ([Errno 8] nodename nor servname provided, or not known)"))
2026-02-25 12:52:37,220 INFO [depth=5] Crawling: http://www.elections.maryland.gov/press_room/2010_stats/gg_garrett.pdf
2026-02-25 12:52:37,221 WARNING HEAD request failed for http://www.elections.maryland.gov/press_room/2010_stats/gg_garrett.pdf: HTTPConnectionPool(host='www.elections.maryland.gov', port=80): Max retries exceeded with url: /press_room/2010_stats/gg_garrett.pdf (Caused by NameResolutionError("HTTPConnection(host='www.elections.maryland.gov', port=80): Failed to resolve 'www.elections.maryland.gov' ([Errno 8] nodename nor servname provided, or not known)"))
2026-02-25 12:52:37,221 INFO [depth=5] Crawling: http://www.elections.maryland.gov/press_room/2010_stats/gg_harford.pdf
2026-02-25 12:52:37,222 WARNING HEAD request failed for http://www.elections.maryland.gov/press_room/2010_stats/gg_harford.pdf: HTTPConnectionPool(host='www.elections.maryland.gov', port=80): Max retries exceeded with url: /press_room/2010_stats/gg_harford.pdf (Caused by NameResolutionError("HTTPConnection(host='www.elections.maryland.gov', port=80): Failed to resolve 'www.elections.maryland.gov' ([Errno 8] nodename nor servname provided, or not known)"))
2026-02-25 12:52:37,222 WARNING Rate limit warning: 81 requests in the last 60s (threshold: 80)
2026-02-25 12:52:37,222 INFO [depth=5] Crawling: http://www.elections.maryland.gov/press_room/2010_stats/gg_howard.pdf
2026-02-25 12:52:37,223 WARNING HEAD request failed for http://www.elections.maryland.gov/press_room/2010_stats/gg_howard.pdf: HTTPConnectionPool(host='www.elections.maryland.gov', port=80): Max retries exceeded with url: /press_room/2010_stats/gg_howard.pdf (Caused by NameResolutionError("HTTPConnection(host='www.elections.maryland.gov', port=80): Failed to resolve 'www.elections.maryland.gov' ([Errno 8] nodename nor servname provided, or not known)"))
2026-02-25 12:52:37,223 WARNING Rate limit warning: 82 requests in the last 60s (threshold: 80)
2026-02-25 12:52:37,223 INFO [depth=5] Crawling: http://www.elections.maryland.gov/press_room/2010_stats/gg_kent.pdf
2026-02-25 12:52:37,224 WARNING HEAD request failed for http://www.elections.maryland.gov/press_room/2010_stats/gg_kent.pdf: HTTPConnectionPool(host='www.elections.maryland.gov', port=80): Max retries exceeded with url: /press_room/2010_stats/gg_kent.pdf (Caused by NameResolutionError("HTTPConnection(host='www.elections.maryland.gov', port=80): Failed to resolve 'www.elections.maryland.gov' ([Errno 8] nodename nor servname provided, or not known)"))
2026-02-25 12:52:37,224 WARNING Rate limit warning: 83 requests in the last 60s (threshold: 80)
2026-02-25 12:52:37,224 INFO [depth=5] Crawling: http://www.elections.maryland.gov/press_room/2010_stats/gg_montgomery.pdf
2026-02-25 12:52:37,225 WARNING HEAD request failed for http://www.elections.maryland.gov/press_room/2010_stats/gg_montgomery.pdf: HTTPConnectionPool(host='www.elections.maryland.gov', port=80): Max retries exceeded with url: /press_room/2010_stats/gg_montgomery.pdf (Caused by NameResolutionError("HTTPConnection(host='www.elections.maryland.gov', port=80): Failed to resolve 'www.elections.maryland.gov' ([Errno 8] nodename nor servname provided, or not known)"))
2026-02-25 12:52:37,225 WARNING Rate limit warning: 84 requests in the last 60s (threshold: 80)
2026-02-25 12:52:37,225 INFO [depth=5] Crawling: http://www.elections.maryland.gov/press_room/2010_stats/gg_prince georges.pdf
2026-02-25 12:52:37,227 WARNING HEAD request failed for http://www.elections.maryland.gov/press_room/2010_stats/gg_prince georges.pdf: HTTPConnectionPool(host='www.elections.maryland.gov', port=80): Max retries exceeded with url: /press_room/2010_stats/gg_prince%20georges.pdf (Caused by NameResolutionError("HTTPConnection(host='www.elections.maryland.gov', port=80): Failed to resolve 'www.elections.maryland.gov' ([Errno 8] nodename nor servname provided, or not known)"))
2026-02-25 12:52:37,227 WARNING Rate limit warning: 85 requests in the last 60s (threshold: 80)
2026-02-25 12:52:37,227 INFO [depth=5] Crawling: http://www.elections.maryland.gov/press_room/2010_stats/gg_queen annes.pdf
2026-02-25 12:52:37,228 WARNING HEAD request failed for http://www.elections.maryland.gov/press_room/2010_stats/gg_queen annes.pdf: HTTPConnectionPool(host='www.elections.maryland.gov', port=80): Max retries exceeded with url: /press_room/2010_stats/gg_queen%20annes.pdf (Caused by NameResolutionError("HTTPConnection(host='www.elections.maryland.gov', port=80): Failed to resolve 'www.elections.maryland.gov' ([Errno 8] nodename nor servname provided, or not known)"))
2026-02-25 12:52:37,228 WARNING Rate limit warning: 86 requests in the last 60s (threshold: 80)
2026-02-25 12:52:37,228 INFO [depth=5] Crawling: http://www.elections.maryland.gov/press_room/2010_stats/gg_saint marys.pdf
2026-02-25 12:52:37,229 WARNING HEAD request failed for http://www.elections.maryland.gov/press_room/2010_stats/gg_saint marys.pdf: HTTPConnectionPool(host='www.elections.maryland.gov', port=80): Max retries exceeded with url: /press_room/2010_stats/gg_saint%20marys.pdf (Caused by NameResolutionError("HTTPConnection(host='www.elections.maryland.gov', port=80): Failed to resolve 'www.elections.maryland.gov' ([Errno 8] nodename nor servname provided, or not known)"))
2026-02-25 12:52:37,229 WARNING Rate limit warning: 87 requests in the last 60s (threshold: 80)
2026-02-25 12:52:37,229 INFO [depth=5] Crawling: http://www.elections.maryland.gov/press_room/2010_stats/gg_somerset.pdf
2026-02-25 12:52:37,230 WARNING HEAD request failed for http://www.elections.maryland.gov/press_room/2010_stats/gg_somerset.pdf: HTTPConnectionPool(host='www.elections.maryland.gov', port=80): Max retries exceeded with url: /press_room/2010_stats/gg_somerset.pdf (Caused by NameResolutionError("HTTPConnection(host='www.elections.maryland.gov', port=80): Failed to resolve 'www.elections.maryland.gov' ([Errno 8] nodename nor servname provided, or not known)"))
2026-02-25 12:52:37,230 WARNING Rate limit warning: 88 requests in the last 60s (threshold: 80)
2026-02-25 12:52:37,230 INFO [depth=5] Crawling: http://www.elections.maryland.gov/press_room/2010_stats/gg_talbot.pdf
2026-02-25 12:52:37,232 WARNING HEAD request failed for http://www.elections.maryland.gov/press_room/2010_stats/gg_talbot.pdf: HTTPConnectionPool(host='www.elections.maryland.gov', port=80): Max retries exceeded with url: /press_room/2010_stats/gg_talbot.pdf (Caused by NameResolutionError("HTTPConnection(host='www.elections.maryland.gov', port=80): Failed to resolve 'www.elections.maryland.gov' ([Errno 8] nodename nor servname provided, or not known)"))
2026-02-25 12:52:37,232 WARNING Rate limit warning: 89 requests in the last 60s (threshold: 80)
2026-02-25 12:52:37,232 INFO [depth=5] Crawling: http://www.elections.maryland.gov/press_room/2010_stats/gg_washington.pdf
2026-02-25 12:52:37,233 WARNING HEAD request failed for http://www.elections.maryland.gov/press_room/2010_stats/gg_washington.pdf: HTTPConnectionPool(host='www.elections.maryland.gov', port=80): Max retries exceeded with url: /press_room/2010_stats/gg_washington.pdf (Caused by NameResolutionError("HTTPConnection(host='www.elections.maryland.gov', port=80): Failed to resolve 'www.elections.maryland.gov' ([Errno 8] nodename nor servname provided, or not known)"))
2026-02-25 12:52:37,233 WARNING Rate limit warning: 90 requests in the last 60s (threshold: 80)
2026-02-25 12:52:37,233 INFO [depth=5] Crawling: http://www.elections.maryland.gov/press_room/2010_stats/gg_wicomico.pdf
2026-02-25 12:52:37,234 WARNING HEAD request failed for http://www.elections.maryland.gov/press_room/2010_stats/gg_wicomico.pdf: HTTPConnectionPool(host='www.elections.maryland.gov', port=80): Max retries exceeded with url: /press_room/2010_stats/gg_wicomico.pdf (Caused by NameResolutionError("HTTPConnection(host='www.elections.maryland.gov', port=80): Failed to resolve 'www.elections.maryland.gov' ([Errno 8] nodename nor servname provided, or not known)"))
2026-02-25 12:52:37,234 WARNING Rate limit warning: 91 requests in the last 60s (threshold: 80)
2026-02-25 12:52:37,234 INFO [depth=5] Crawling: http://www.elections.maryland.gov/press_room/2010_stats/gg_worcester.pdf
2026-02-25 12:52:37,235 WARNING HEAD request failed for http://www.elections.maryland.gov/press_room/2010_stats/gg_worcester.pdf: HTTPConnectionPool(host='www.elections.maryland.gov', port=80): Max retries exceeded with url: /press_room/2010_stats/gg_worcester.pdf (Caused by NameResolutionError("HTTPConnection(host='www.elections.maryland.gov', port=80): Failed to resolve 'www.elections.maryland.gov' ([Errno 8] nodename nor servname provided, or not known)"))
2026-02-25 12:52:37,235 WARNING Rate limit warning: 92 requests in the last 60s (threshold: 80)
2026-02-25 12:52:37,235 INFO [depth=5] Crawling: http://www.elections.maryland.gov/press_room/2010_stats/gp10_statewide.pdf
2026-02-25 12:52:37,236 WARNING HEAD request failed for http://www.elections.maryland.gov/press_room/2010_stats/gp10_statewide.pdf: HTTPConnectionPool(host='www.elections.maryland.gov', port=80): Max retries exceeded with url: /press_room/2010_stats/gp10_statewide.pdf (Caused by NameResolutionError("HTTPConnection(host='www.elections.maryland.gov', port=80): Failed to resolve 'www.elections.maryland.gov' ([Errno 8] nodename nor servname provided, or not known)"))
2026-02-25 12:52:37,236 WARNING Rate limit warning: 93 requests in the last 60s (threshold: 80)
2026-02-25 12:52:37,236 INFO [depth=5] Crawling: http://www.elections.maryland.gov/press_room/2010_stats/by congressional district.pdf
2026-02-25 12:52:37,236 WARNING HEAD request failed for http://www.elections.maryland.gov/press_room/2010_stats/by congressional district.pdf: HTTPConnectionPool(host='www.elections.maryland.gov', port=80): Max retries exceeded with url: /press_room/2010_stats/by%20congressional%20district.pdf (Caused by NameResolutionError("HTTPConnection(host='www.elections.maryland.gov', port=80): Failed to resolve 'www.elections.maryland.gov' ([Errno 8] nodename nor servname provided, or not known)"))
2026-02-25 12:52:37,236 WARNING Rate limit warning: 94 requests in the last 60s (threshold: 80)
2026-02-25 12:52:37,236 INFO [depth=5] Crawling: http://www.elections.maryland.gov/press_room/2010_stats/by legislative district.pdf
2026-02-25 12:52:37,237 WARNING HEAD request failed for http://www.elections.maryland.gov/press_room/2010_stats/by legislative district.pdf: HTTPConnectionPool(host='www.elections.maryland.gov', port=80): Max retries exceeded with url: /press_room/2010_stats/by%20legislative%20district.pdf (Caused by NameResolutionError("HTTPConnection(host='www.elections.maryland.gov', port=80): Failed to resolve 'www.elections.maryland.gov' ([Errno 8] nodename nor servname provided, or not known)"))
2026-02-25 12:52:37,237 WARNING Rate limit warning: 95 requests in the last 60s (threshold: 80)
2026-02-25 12:52:37,238 INFO [depth=5] Crawling: http://www.elections.maryland.gov/press_room/2010_stats/allegany.pdf
2026-02-25 12:52:37,239 WARNING HEAD request failed for http://www.elections.maryland.gov/press_room/2010_stats/allegany.pdf: HTTPConnectionPool(host='www.elections.maryland.gov', port=80): Max retries exceeded with url: /press_room/2010_stats/allegany.pdf (Caused by NameResolutionError("HTTPConnection(host='www.elections.maryland.gov', port=80): Failed to resolve 'www.elections.maryland.gov' ([Errno 8] nodename nor servname provided, or not known)"))
2026-02-25 12:52:37,239 WARNING Rate limit warning: 96 requests in the last 60s (threshold: 80)
2026-02-25 12:52:37,239 INFO [depth=5] Crawling: http://www.elections.maryland.gov/press_room/2010_stats/anne arundel.pdf
2026-02-25 12:52:37,239 WARNING HEAD request failed for http://www.elections.maryland.gov/press_room/2010_stats/anne arundel.pdf: HTTPConnectionPool(host='www.elections.maryland.gov', port=80): Max retries exceeded with url: /press_room/2010_stats/anne%20arundel.pdf (Caused by NameResolutionError("HTTPConnection(host='www.elections.maryland.gov', port=80): Failed to resolve 'www.elections.maryland.gov' ([Errno 8] nodename nor servname provided, or not known)"))
2026-02-25 12:52:37,239 WARNING Rate limit warning: 97 requests in the last 60s (threshold: 80)
2026-02-25 12:52:37,239 INFO [depth=5] Crawling: http://www.elections.maryland.gov/press_room/2010_stats/baltimore city.pdf
2026-02-25 12:52:37,240 WARNING HEAD request failed for http://www.elections.maryland.gov/press_room/2010_stats/baltimore city.pdf: HTTPConnectionPool(host='www.elections.maryland.gov', port=80): Max retries exceeded with url: /press_room/2010_stats/baltimore%20city.pdf (Caused by NameResolutionError("HTTPConnection(host='www.elections.maryland.gov', port=80): Failed to resolve 'www.elections.maryland.gov' ([Errno 8] nodename nor servname provided, or not known)"))
2026-02-25 12:52:37,240 WARNING Rate limit warning: 98 requests in the last 60s (threshold: 80)
2026-02-25 12:52:37,241 INFO [depth=5] Crawling: http://www.elections.maryland.gov/press_room/2010_stats/baltimorecounty.pdf
2026-02-25 12:52:37,242 WARNING HEAD request failed for http://www.elections.maryland.gov/press_room/2010_stats/baltimorecounty.pdf: HTTPConnectionPool(host='www.elections.maryland.gov', port=80): Max retries exceeded with url: /press_room/2010_stats/baltimorecounty.pdf (Caused by NameResolutionError("HTTPConnection(host='www.elections.maryland.gov', port=80): Failed to resolve 'www.elections.maryland.gov' ([Errno 8] nodename nor servname provided, or not known)"))
2026-02-25 12:52:37,242 WARNING Rate limit warning: 99 requests in the last 60s (threshold: 80)
2026-02-25 12:52:37,242 INFO [depth=5] Crawling: http://www.elections.maryland.gov/press_room/2010_stats/calvert.pdf
2026-02-25 12:52:37,243 WARNING HEAD request failed for http://www.elections.maryland.gov/press_room/2010_stats/calvert.pdf: HTTPConnectionPool(host='www.elections.maryland.gov', port=80): Max retries exceeded with url: /press_room/2010_stats/calvert.pdf (Caused by NameResolutionError("HTTPConnection(host='www.elections.maryland.gov', port=80): Failed to resolve 'www.elections.maryland.gov' ([Errno 8] nodename nor servname provided, or not known)"))
2026-02-25 12:52:37,243 WARNING Rate limit warning: 100 requests in the last 60s (threshold: 80)
2026-02-25 12:52:37,243 INFO [depth=5] Crawling: http://www.elections.maryland.gov/press_room/2010_stats/caroline.pdf
2026-02-25 12:52:37,244 WARNING HEAD request failed for http://www.elections.maryland.gov/press_room/2010_stats/caroline.pdf: HTTPConnectionPool(host='www.elections.maryland.gov', port=80): Max retries exceeded with url: /press_room/2010_stats/caroline.pdf (Caused by NameResolutionError("HTTPConnection(host='www.elections.maryland.gov', port=80): Failed to resolve 'www.elections.maryland.gov' ([Errno 8] nodename nor servname provided, or not known)"))
2026-02-25 12:52:37,244 WARNING Rate limit warning: 101 requests in the last 60s (threshold: 80)
2026-02-25 12:52:37,244 INFO [depth=5] Crawling: http://www.elections.maryland.gov/press_room/2010_stats/carroll.pdf
2026-02-25 12:52:37,245 WARNING HEAD request failed for http://www.elections.maryland.gov/press_room/2010_stats/carroll.pdf: HTTPConnectionPool(host='www.elections.maryland.gov', port=80): Max retries exceeded with url: /press_room/2010_stats/carroll.pdf (Caused by NameResolutionError("HTTPConnection(host='www.elections.maryland.gov', port=80): Failed to resolve 'www.elections.maryland.gov' ([Errno 8] nodename nor servname provided, or not known)"))
2026-02-25 12:52:37,245 WARNING Rate limit warning: 102 requests in the last 60s (threshold: 80)
2026-02-25 12:52:37,245 INFO [depth=5] Crawling: http://www.elections.maryland.gov/press_room/2010_stats/cecil.pdf
2026-02-25 12:52:37,246 WARNING HEAD request failed for http://www.elections.maryland.gov/press_room/2010_stats/cecil.pdf: HTTPConnectionPool(host='www.elections.maryland.gov', port=80): Max retries exceeded with url: /press_room/2010_stats/cecil.pdf (Caused by NameResolutionError("HTTPConnection(host='www.elections.maryland.gov', port=80): Failed to resolve 'www.elections.maryland.gov' ([Errno 8] nodename nor servname provided, or not known)"))
2026-02-25 12:52:37,246 WARNING Rate limit warning: 103 requests in the last 60s (threshold: 80)
2026-02-25 12:52:37,246 INFO [depth=5] Crawling: http://www.elections.maryland.gov/press_room/2010_stats/charles.pdf
2026-02-25 12:52:37,247 WARNING HEAD request failed for http://www.elections.maryland.gov/press_room/2010_stats/charles.pdf: HTTPConnectionPool(host='www.elections.maryland.gov', port=80): Max retries exceeded with url: /press_room/2010_stats/charles.pdf (Caused by NameResolutionError("HTTPConnection(host='www.elections.maryland.gov', port=80): Failed to resolve 'www.elections.maryland.gov' ([Errno 8] nodename nor servname provided, or not known)"))
2026-02-25 12:52:37,247 WARNING Rate limit warning: 104 requests in the last 60s (threshold: 80)
2026-02-25 12:52:37,247 INFO [depth=5] Crawling: http://www.elections.maryland.gov/press_room/2010_stats/dorchester.pdf
2026-02-25 12:52:37,248 WARNING HEAD request failed for http://www.elections.maryland.gov/press_room/2010_stats/dorchester.pdf: HTTPConnectionPool(host='www.elections.maryland.gov', port=80): Max retries exceeded with url: /press_room/2010_stats/dorchester.pdf (Caused by NameResolutionError("HTTPConnection(host='www.elections.maryland.gov', port=80): Failed to resolve 'www.elections.maryland.gov' ([Errno 8] nodename nor servname provided, or not known)"))
2026-02-25 12:52:37,248 WARNING Rate limit warning: 105 requests in the last 60s (threshold: 80)
2026-02-25 12:52:37,248 INFO [depth=5] Crawling: http://www.elections.maryland.gov/press_room/2010_stats/frederick.pdf
2026-02-25 12:52:37,249 WARNING HEAD request failed for http://www.elections.maryland.gov/press_room/2010_stats/frederick.pdf: HTTPConnectionPool(host='www.elections.maryland.gov', port=80): Max retries exceeded with url: /press_room/2010_stats/frederick.pdf (Caused by NameResolutionError("HTTPConnection(host='www.elections.maryland.gov', port=80): Failed to resolve 'www.elections.maryland.gov' ([Errno 8] nodename nor servname provided, or not known)"))
2026-02-25 12:52:37,249 WARNING Rate limit warning: 106 requests in the last 60s (threshold: 80)
2026-02-25 12:52:37,249 INFO [depth=5] Crawling: http://www.elections.maryland.gov/press_room/2010_stats/garrett.pdf
2026-02-25 12:52:37,250 WARNING HEAD request failed for http://www.elections.maryland.gov/press_room/2010_stats/garrett.pdf: HTTPConnectionPool(host='www.elections.maryland.gov', port=80): Max retries exceeded with url: /press_room/2010_stats/garrett.pdf (Caused by NameResolutionError("HTTPConnection(host='www.elections.maryland.gov', port=80): Failed to resolve 'www.elections.maryland.gov' ([Errno 8] nodename nor servname provided, or not known)"))
2026-02-25 12:52:37,250 WARNING Rate limit warning: 107 requests in the last 60s (threshold: 80)
2026-02-25 12:52:37,250 INFO [depth=5] Crawling: http://www.elections.maryland.gov/press_room/2010_stats/harford.pdf
2026-02-25 12:52:37,251 WARNING HEAD request failed for http://www.elections.maryland.gov/press_room/2010_stats/harford.pdf: HTTPConnectionPool(host='www.elections.maryland.gov', port=80): Max retries exceeded with url: /press_room/2010_stats/harford.pdf (Caused by NameResolutionError("HTTPConnection(host='www.elections.maryland.gov', port=80): Failed to resolve 'www.elections.maryland.gov' ([Errno 8] nodename nor servname provided, or not known)"))
2026-02-25 12:52:37,251 WARNING Rate limit warning: 108 requests in the last 60s (threshold: 80)
2026-02-25 12:52:37,251 INFO [depth=5] Crawling: http://www.elections.maryland.gov/press_room/2010_stats/howard.pdf
2026-02-25 12:52:37,251 WARNING HEAD request failed for http://www.elections.maryland.gov/press_room/2010_stats/howard.pdf: HTTPConnectionPool(host='www.elections.maryland.gov', port=80): Max retries exceeded with url: /press_room/2010_stats/howard.pdf (Caused by NameResolutionError("HTTPConnection(host='www.elections.maryland.gov', port=80): Failed to resolve 'www.elections.maryland.gov' ([Errno 8] nodename nor servname provided, or not known)"))
2026-02-25 12:52:37,251 WARNING Rate limit warning: 109 requests in the last 60s (threshold: 80)
2026-02-25 12:52:37,252 INFO [depth=5] Crawling: http://www.elections.maryland.gov/press_room/2010_stats/kent.pdf
2026-02-25 12:52:37,253 WARNING HEAD request failed for http://www.elections.maryland.gov/press_room/2010_stats/kent.pdf: HTTPConnectionPool(host='www.elections.maryland.gov', port=80): Max retries exceeded with url: /press_room/2010_stats/kent.pdf (Caused by NameResolutionError("HTTPConnection(host='www.elections.maryland.gov', port=80): Failed to resolve 'www.elections.maryland.gov' ([Errno 8] nodename nor servname provided, or not known)"))
2026-02-25 12:52:37,253 WARNING Rate limit warning: 110 requests in the last 60s (threshold: 80)
2026-02-25 12:52:37,254 INFO [depth=5] Crawling: http://www.elections.maryland.gov/press_room/2010_stats/montgomery.pdf
2026-02-25 12:52:37,254 WARNING HEAD request failed for http://www.elections.maryland.gov/press_room/2010_stats/montgomery.pdf: HTTPConnectionPool(host='www.elections.maryland.gov', port=80): Max retries exceeded with url: /press_room/2010_stats/montgomery.pdf (Caused by NameResolutionError("HTTPConnection(host='www.elections.maryland.gov', port=80): Failed to resolve 'www.elections.maryland.gov' ([Errno 8] nodename nor servname provided, or not known)"))
2026-02-25 12:52:37,254 WARNING Rate limit warning: 111 requests in the last 60s (threshold: 80)
2026-02-25 12:52:37,255 INFO [depth=5] Crawling: http://www.elections.maryland.gov/press_room/2010_stats/prince georges.pdf
2026-02-25 12:52:37,255 WARNING HEAD request failed for http://www.elections.maryland.gov/press_room/2010_stats/prince georges.pdf: HTTPConnectionPool(host='www.elections.maryland.gov', port=80): Max retries exceeded with url: /press_room/2010_stats/prince%20georges.pdf (Caused by NameResolutionError("HTTPConnection(host='www.elections.maryland.gov', port=80): Failed to resolve 'www.elections.maryland.gov' ([Errno 8] nodename nor servname provided, or not known)"))
2026-02-25 12:52:37,255 WARNING Rate limit warning: 112 requests in the last 60s (threshold: 80)
2026-02-25 12:52:37,255 INFO [depth=5] Crawling: http://www.elections.maryland.gov/press_room/2010_stats/queen annes.pdf
2026-02-25 12:52:37,256 WARNING HEAD request failed for http://www.elections.maryland.gov/press_room/2010_stats/queen annes.pdf: HTTPConnectionPool(host='www.elections.maryland.gov', port=80): Max retries exceeded with url: /press_room/2010_stats/queen%20annes.pdf (Caused by NameResolutionError("HTTPConnection(host='www.elections.maryland.gov', port=80): Failed to resolve 'www.elections.maryland.gov' ([Errno 8] nodename nor servname provided, or not known)"))
2026-02-25 12:52:37,256 WARNING Rate limit warning: 113 requests in the last 60s (threshold: 80)
2026-02-25 12:52:37,256 INFO [depth=5] Crawling: http://www.elections.maryland.gov/press_room/2010_stats/saint marys.pdf
2026-02-25 12:52:37,257 WARNING HEAD request failed for http://www.elections.maryland.gov/press_room/2010_stats/saint marys.pdf: HTTPConnectionPool(host='www.elections.maryland.gov', port=80): Max retries exceeded with url: /press_room/2010_stats/saint%20marys.pdf (Caused by NameResolutionError("HTTPConnection(host='www.elections.maryland.gov', port=80): Failed to resolve 'www.elections.maryland.gov' ([Errno 8] nodename nor servname provided, or not known)"))
2026-02-25 12:52:37,257 WARNING Rate limit warning: 114 requests in the last 60s (threshold: 80)
2026-02-25 12:52:37,257 INFO [depth=5] Crawling: http://www.elections.maryland.gov/press_room/2010_stats/somerset.pdf
2026-02-25 12:52:37,258 WARNING HEAD request failed for http://www.elections.maryland.gov/press_room/2010_stats/somerset.pdf: HTTPConnectionPool(host='www.elections.maryland.gov', port=80): Max retries exceeded with url: /press_room/2010_stats/somerset.pdf (Caused by NameResolutionError("HTTPConnection(host='www.elections.maryland.gov', port=80): Failed to resolve 'www.elections.maryland.gov' ([Errno 8] nodename nor servname provided, or not known)"))
2026-02-25 12:52:37,258 WARNING Rate limit warning: 115 requests in the last 60s (threshold: 80)
2026-02-25 12:52:37,258 INFO [depth=5] Crawling: http://www.elections.maryland.gov/press_room/2010_stats/talbot.pdf
2026-02-25 12:52:37,259 WARNING HEAD request failed for http://www.elections.maryland.gov/press_room/2010_stats/talbot.pdf: HTTPConnectionPool(host='www.elections.maryland.gov', port=80): Max retries exceeded with url: /press_room/2010_stats/talbot.pdf (Caused by NameResolutionError("HTTPConnection(host='www.elections.maryland.gov', port=80): Failed to resolve 'www.elections.maryland.gov' ([Errno 8] nodename nor servname provided, or not known)"))
2026-02-25 12:52:37,259 WARNING Rate limit warning: 116 requests in the last 60s (threshold: 80)
2026-02-25 12:52:37,259 INFO [depth=5] Crawling: http://www.elections.maryland.gov/press_room/2010_stats/washington.pdf
2026-02-25 12:52:37,260 WARNING HEAD request failed for http://www.elections.maryland.gov/press_room/2010_stats/washington.pdf: HTTPConnectionPool(host='www.elections.maryland.gov', port=80): Max retries exceeded with url: /press_room/2010_stats/washington.pdf (Caused by NameResolutionError("HTTPConnection(host='www.elections.maryland.gov', port=80): Failed to resolve 'www.elections.maryland.gov' ([Errno 8] nodename nor servname provided, or not known)"))
2026-02-25 12:52:37,260 WARNING Rate limit warning: 117 requests in the last 60s (threshold: 80)
2026-02-25 12:52:37,260 INFO [depth=5] Crawling: http://www.elections.maryland.gov/press_room/2010_stats/wicomico.pdf
2026-02-25 12:52:37,260 WARNING HEAD request failed for http://www.elections.maryland.gov/press_room/2010_stats/wicomico.pdf: HTTPConnectionPool(host='www.elections.maryland.gov', port=80): Max retries exceeded with url: /press_room/2010_stats/wicomico.pdf (Caused by NameResolutionError("HTTPConnection(host='www.elections.maryland.gov', port=80): Failed to resolve 'www.elections.maryland.gov' ([Errno 8] nodename nor servname provided, or not known)"))
2026-02-25 12:52:37,260 WARNING Rate limit warning: 118 requests in the last 60s (threshold: 80)
2026-02-25 12:52:37,260 INFO [depth=5] Crawling: http://www.elections.maryland.gov/press_room/2010_stats/worcester.pdf
2026-02-25 12:52:37,261 WARNING HEAD request failed for http://www.elections.maryland.gov/press_room/2010_stats/worcester.pdf: HTTPConnectionPool(host='www.elections.maryland.gov', port=80): Max retries exceeded with url: /press_room/2010_stats/worcester.pdf (Caused by NameResolutionError("HTTPConnection(host='www.elections.maryland.gov', port=80): Failed to resolve 'www.elections.maryland.gov' ([Errno 8] nodename nor servname provided, or not known)"))
2026-02-25 12:52:37,261 WARNING Rate limit warning: 119 requests in the last 60s (threshold: 80)
2026-02-25 12:52:37,261 INFO [depth=5] Crawling: http://www.elections.maryland.gov/pdf/vrar/2008_general_stats.pdf
2026-02-25 12:52:37,262 WARNING HEAD request failed for http://www.elections.maryland.gov/pdf/vrar/2008_general_stats.pdf: HTTPConnectionPool(host='www.elections.maryland.gov', port=80): Max retries exceeded with url: /pdf/vrar/2008_general_stats.pdf (Caused by NameResolutionError("HTTPConnection(host='www.elections.maryland.gov', port=80): Failed to resolve 'www.elections.maryland.gov' ([Errno 8] nodename nor servname provided, or not known)"))
2026-02-25 12:52:37,262 WARNING Rate limit warning: 120 requests in the last 60s (threshold: 80)
2026-02-25 12:52:37,262 INFO [depth=5] Crawling: http://www.elections.maryland.gov/pdf/vrar/2008_primary_stats.pdf
2026-02-25 12:52:37,263 WARNING HEAD request failed for http://www.elections.maryland.gov/pdf/vrar/2008_primary_stats.pdf: HTTPConnectionPool(host='www.elections.maryland.gov', port=80): Max retries exceeded with url: /pdf/vrar/2008_primary_stats.pdf (Caused by NameResolutionError("HTTPConnection(host='www.elections.maryland.gov', port=80): Failed to resolve 'www.elections.maryland.gov' ([Errno 8] nodename nor servname provided, or not known)"))
2026-02-25 12:52:37,263 WARNING Rate limit warning: 121 requests in the last 60s (threshold: 80)
2026-02-25 12:52:37,263 INFO [depth=5] Crawling: http://www.elections.maryland.gov/pdf/vrar/2006_general_stats.pdf
2026-02-25 12:52:37,264 WARNING HEAD request failed for http://www.elections.maryland.gov/pdf/vrar/2006_general_stats.pdf: HTTPConnectionPool(host='www.elections.maryland.gov', port=80): Max retries exceeded with url: /pdf/vrar/2006_general_stats.pdf (Caused by NameResolutionError("HTTPConnection(host='www.elections.maryland.gov', port=80): Failed to resolve 'www.elections.maryland.gov' ([Errno 8] nodename nor servname provided, or not known)"))
2026-02-25 12:52:37,264 WARNING Rate limit warning: 122 requests in the last 60s (threshold: 80)
2026-02-25 12:52:37,264 INFO [depth=5] Crawling: http://www.elections.maryland.gov/pdf/vrar/2006_primary_stats.pdf
2026-02-25 12:52:37,265 WARNING HEAD request failed for http://www.elections.maryland.gov/pdf/vrar/2006_primary_stats.pdf: HTTPConnectionPool(host='www.elections.maryland.gov', port=80): Max retries exceeded with url: /pdf/vrar/2006_primary_stats.pdf (Caused by NameResolutionError("HTTPConnection(host='www.elections.maryland.gov', port=80): Failed to resolve 'www.elections.maryland.gov' ([Errno 8] nodename nor servname provided, or not known)"))
2026-02-25 12:52:37,265 WARNING Rate limit warning: 123 requests in the last 60s (threshold: 80)
2026-02-25 12:52:37,265 INFO [depth=5] Crawling: http://www.elections.maryland.gov/pdf/vrar/0004_10_i.pdf
2026-02-25 12:52:37,266 WARNING HEAD request failed for http://www.elections.maryland.gov/pdf/vrar/0004_10_i.pdf: HTTPConnectionPool(host='www.elections.maryland.gov', port=80): Max retries exceeded with url: /pdf/vrar/0004_10_i.pdf (Caused by NameResolutionError("HTTPConnection(host='www.elections.maryland.gov', port=80): Failed to resolve 'www.elections.maryland.gov' ([Errno 8] nodename nor servname provided, or not known)"))
2026-02-25 12:52:37,266 WARNING Rate limit warning: 124 requests in the last 60s (threshold: 80)
2026-02-25 12:52:37,267 INFO [depth=5] Crawling: http://www.elections.maryland.gov/pdf/vrar/0004_0210.pdf
2026-02-25 12:52:37,267 WARNING HEAD request failed for http://www.elections.maryland.gov/pdf/vrar/0004_0210.pdf: HTTPConnectionPool(host='www.elections.maryland.gov', port=80): Max retries exceeded with url: /pdf/vrar/0004_0210.pdf (Caused by NameResolutionError("HTTPConnection(host='www.elections.maryland.gov', port=80): Failed to resolve 'www.elections.maryland.gov' ([Errno 8] nodename nor servname provided, or not known)"))
2026-02-25 12:52:37,267 WARNING Rate limit warning: 125 requests in the last 60s (threshold: 80)
2026-02-25 12:52:37,268 INFO [depth=5] Crawling: http://www.elections.maryland.gov/pdf/vrar/0002_1015.pdf
2026-02-25 12:52:37,268 WARNING HEAD request failed for http://www.elections.maryland.gov/pdf/vrar/0002_1015.pdf: HTTPConnectionPool(host='www.elections.maryland.gov', port=80): Max retries exceeded with url: /pdf/vrar/0002_1015.pdf (Caused by NameResolutionError("HTTPConnection(host='www.elections.maryland.gov', port=80): Failed to resolve 'www.elections.maryland.gov' ([Errno 8] nodename nor servname provided, or not known)"))
2026-02-25 12:52:37,268 WARNING Rate limit warning: 126 requests in the last 60s (threshold: 80)
2026-02-25 12:52:37,269 INFO [depth=5] Crawling: http://www.elections.maryland.gov/pdf/vrar/0002_0820.pdf
2026-02-25 12:52:37,269 WARNING HEAD request failed for http://www.elections.maryland.gov/pdf/vrar/0002_0820.pdf: HTTPConnectionPool(host='www.elections.maryland.gov', port=80): Max retries exceeded with url: /pdf/vrar/0002_0820.pdf (Caused by NameResolutionError("HTTPConnection(host='www.elections.maryland.gov', port=80): Failed to resolve 'www.elections.maryland.gov' ([Errno 8] nodename nor servname provided, or not known)"))
2026-02-25 12:52:37,269 WARNING Rate limit warning: 127 requests in the last 60s (threshold: 80)
2026-02-25 12:52:37,269 INFO [depth=5] Crawling: http://www.elections.maryland.gov/pdf/vrar/0000_1013.pdf
2026-02-25 12:52:37,270 WARNING HEAD request failed for http://www.elections.maryland.gov/pdf/vrar/0000_1013.pdf: HTTPConnectionPool(host='www.elections.maryland.gov', port=80): Max retries exceeded with url: /pdf/vrar/0000_1013.pdf (Caused by NameResolutionError("HTTPConnection(host='www.elections.maryland.gov', port=80): Failed to resolve 'www.elections.maryland.gov' ([Errno 8] nodename nor servname provided, or not known)"))
2026-02-25 12:52:37,270 WARNING Rate limit warning: 128 requests in the last 60s (threshold: 80)
2026-02-25 12:52:37,270 INFO [depth=5] Crawling: http://www.elections.maryland.gov/forms/documents/new_party_petition_form_FINAL.pdf
2026-02-25 12:52:37,271 WARNING HEAD request failed for http://www.elections.maryland.gov/forms/documents/new_party_petition_form_FINAL.pdf: HTTPConnectionPool(host='www.elections.maryland.gov', port=80): Max retries exceeded with url: /forms/documents/new_party_petition_form_FINAL.pdf (Caused by NameResolutionError("HTTPConnection(host='www.elections.maryland.gov', port=80): Failed to resolve 'www.elections.maryland.gov' ([Errno 8] nodename nor servname provided, or not known)"))
2026-02-25 12:52:37,271 WARNING Rate limit warning: 129 requests in the last 60s (threshold: 80)
2026-02-25 12:52:37,271 INFO [depth=5] Crawling: http://www.elections.maryland.gov/pdf/6-201-1B.pdf
2026-02-25 12:52:37,272 WARNING HEAD request failed for http://www.elections.maryland.gov/pdf/6-201-1B.pdf: HTTPConnectionPool(host='www.elections.maryland.gov', port=80): Max retries exceeded with url: /pdf/6-201-1B.pdf (Caused by NameResolutionError("HTTPConnection(host='www.elections.maryland.gov', port=80): Failed to resolve 'www.elections.maryland.gov' ([Errno 8] nodename nor servname provided, or not known)"))
2026-02-25 12:52:37,272 WARNING Rate limit warning: 130 requests in the last 60s (threshold: 80)
2026-02-25 12:52:37,272 INFO [depth=5] Crawling: http://www.elections.maryland.gov/pdf/6-201-3A.pdf
2026-02-25 12:52:37,273 WARNING HEAD request failed for http://www.elections.maryland.gov/pdf/6-201-3A.pdf: HTTPConnectionPool(host='www.elections.maryland.gov', port=80): Max retries exceeded with url: /pdf/6-201-3A.pdf (Caused by NameResolutionError("HTTPConnection(host='www.elections.maryland.gov', port=80): Failed to resolve 'www.elections.maryland.gov' ([Errno 8] nodename nor servname provided, or not known)"))
2026-02-25 12:52:37,273 WARNING Rate limit warning: 131 requests in the last 60s (threshold: 80)
2026-02-25 12:52:37,273 INFO [depth=5] Crawling: http://www.elections.maryland.gov/forms/documents/referendum_petition_form FINAL.pdf
2026-02-25 12:52:37,273 WARNING HEAD request failed for http://www.elections.maryland.gov/forms/documents/referendum_petition_form FINAL.pdf: HTTPConnectionPool(host='www.elections.maryland.gov', port=80): Max retries exceeded with url: /forms/documents/referendum_petition_form%20FINAL.pdf (Caused by NameResolutionError("HTTPConnection(host='www.elections.maryland.gov', port=80): Failed to resolve 'www.elections.maryland.gov' ([Errno 8] nodename nor servname provided, or not known)"))
2026-02-25 12:52:37,273 WARNING Rate limit warning: 132 requests in the last 60s (threshold: 80)
2026-02-25 12:52:37,274 INFO [depth=5] Crawling: http://www.elections.maryland.gov/forms/documents/public_local_law_referendum_form_FINAL.pdf
2026-02-25 12:52:37,276 WARNING HEAD request failed for http://www.elections.maryland.gov/forms/documents/public_local_law_referendum_form_FINAL.pdf: HTTPConnectionPool(host='www.elections.maryland.gov', port=80): Max retries exceeded with url: /forms/documents/public_local_law_referendum_form_FINAL.pdf (Caused by NameResolutionError("HTTPConnection(host='www.elections.maryland.gov', port=80): Failed to resolve 'www.elections.maryland.gov' ([Errno 8] nodename nor servname provided, or not known)"))
2026-02-25 12:52:37,276 WARNING Rate limit warning: 133 requests in the last 60s (threshold: 80)
2026-02-25 12:52:37,276 INFO [depth=5] Crawling: http://www.elections.maryland.gov/pdf/6-201-3B.pdf
2026-02-25 12:52:37,277 WARNING HEAD request failed for http://www.elections.maryland.gov/pdf/6-201-3B.pdf: HTTPConnectionPool(host='www.elections.maryland.gov', port=80): Max retries exceeded with url: /pdf/6-201-3B.pdf (Caused by NameResolutionError("HTTPConnection(host='www.elections.maryland.gov', port=80): Failed to resolve 'www.elections.maryland.gov' ([Errno 8] nodename nor servname provided, or not known)"))
2026-02-25 12:52:37,277 WARNING Rate limit warning: 134 requests in the last 60s (threshold: 80)
2026-02-25 12:52:37,277 INFO [depth=5] Crawling: http://www.elections.maryland.gov/pdf/6-201-7B.pdf
2026-02-25 12:52:37,278 WARNING HEAD request failed for http://www.elections.maryland.gov/pdf/6-201-7B.pdf: HTTPConnectionPool(host='www.elections.maryland.gov', port=80): Max retries exceeded with url: /pdf/6-201-7B.pdf (Caused by NameResolutionError("HTTPConnection(host='www.elections.maryland.gov', port=80): Failed to resolve 'www.elections.maryland.gov' ([Errno 8] nodename nor servname provided, or not known)"))
2026-02-25 12:52:37,278 WARNING Rate limit warning: 135 requests in the last 60s (threshold: 80)
2026-02-25 12:52:37,278 INFO [depth=5] Crawling: http://www.elections.maryland.gov/forms/documents/charter_amendment_petition_form_FINAL.pdf
2026-02-25 12:52:37,279 WARNING HEAD request failed for http://www.elections.maryland.gov/forms/documents/charter_amendment_petition_form_FINAL.pdf: HTTPConnectionPool(host='www.elections.maryland.gov', port=80): Max retries exceeded with url: /forms/documents/charter_amendment_petition_form_FINAL.pdf (Caused by NameResolutionError("HTTPConnection(host='www.elections.maryland.gov', port=80): Failed to resolve 'www.elections.maryland.gov' ([Errno 8] nodename nor servname provided, or not known)"))
2026-02-25 12:52:37,279 WARNING Rate limit warning: 136 requests in the last 60s (threshold: 80)
2026-02-25 12:52:37,279 INFO [depth=5] Crawling: http://www.elections.maryland.gov/forms/documents/charter_board_petition_county_board_form_FINAL.pdf
2026-02-25 12:52:37,280 WARNING HEAD request failed for http://www.elections.maryland.gov/forms/documents/charter_board_petition_county_board_form_FINAL.pdf: HTTPConnectionPool(host='www.elections.maryland.gov', port=80): Max retries exceeded with url: /forms/documents/charter_board_petition_county_board_form_FINAL.pdf (Caused by NameResolutionError("HTTPConnection(host='www.elections.maryland.gov', port=80): Failed to resolve 'www.elections.maryland.gov' ([Errno 8] nodename nor servname provided, or not known)"))
2026-02-25 12:52:37,280 WARNING Rate limit warning: 137 requests in the last 60s (threshold: 80)
2026-02-25 12:52:37,280 INFO [depth=5] Crawling: http://www.elections.maryland.gov/forms/documents/charter_board_petition_commissioners_form_FINAL.pdf
2026-02-25 12:52:37,281 WARNING HEAD request failed for http://www.elections.maryland.gov/forms/documents/charter_board_petition_commissioners_form_FINAL.pdf: HTTPConnectionPool(host='www.elections.maryland.gov', port=80): Max retries exceeded with url: /forms/documents/charter_board_petition_commissioners_form_FINAL.pdf (Caused by NameResolutionError("HTTPConnection(host='www.elections.maryland.gov', port=80): Failed to resolve 'www.elections.maryland.gov' ([Errno 8] nodename nor servname provided, or not known)"))
2026-02-25 12:52:37,281 WARNING Rate limit warning: 138 requests in the last 60s (threshold: 80)
2026-02-25 12:52:37,281 INFO [depth=5] Crawling: http://www.elections.maryland.gov/forms/documents/charter_board_nomination_petition_form_FINAL.pdf
2026-02-25 12:52:37,282 WARNING HEAD request failed for http://www.elections.maryland.gov/forms/documents/charter_board_nomination_petition_form_FINAL.pdf: HTTPConnectionPool(host='www.elections.maryland.gov', port=80): Max retries exceeded with url: /forms/documents/charter_board_nomination_petition_form_FINAL.pdf (Caused by NameResolutionError("HTTPConnection(host='www.elections.maryland.gov', port=80): Failed to resolve 'www.elections.maryland.gov' ([Errno 8] nodename nor servname provided, or not known)"))
2026-02-25 12:52:37,282 WARNING Rate limit warning: 139 requests in the last 60s (threshold: 80)
2026-02-25 12:52:37,282 INFO [depth=5] Crawling: http://www.elections.maryland.gov/pdf/6-201-5B.pdf
2026-02-25 12:52:37,282 WARNING HEAD request failed for http://www.elections.maryland.gov/pdf/6-201-5B.pdf: HTTPConnectionPool(host='www.elections.maryland.gov', port=80): Max retries exceeded with url: /pdf/6-201-5B.pdf (Caused by NameResolutionError("HTTPConnection(host='www.elections.maryland.gov', port=80): Failed to resolve 'www.elections.maryland.gov' ([Errno 8] nodename nor servname provided, or not known)"))
2026-02-25 12:52:37,282 WARNING Rate limit warning: 140 requests in the last 60s (threshold: 80)
2026-02-25 12:52:37,283 INFO [depth=5] Crawling: http://www.elections.maryland.gov/pdf/6-201-6B.pdf
2026-02-25 12:52:37,283 WARNING HEAD request failed for http://www.elections.maryland.gov/pdf/6-201-6B.pdf: HTTPConnectionPool(host='www.elections.maryland.gov', port=80): Max retries exceeded with url: /pdf/6-201-6B.pdf (Caused by NameResolutionError("HTTPConnection(host='www.elections.maryland.gov', port=80): Failed to resolve 'www.elections.maryland.gov' ([Errno 8] nodename nor servname provided, or not known)"))
2026-02-25 12:52:37,283 WARNING Rate limit warning: 141 requests in the last 60s (threshold: 80)
2026-02-25 12:52:37,283 INFO [depth=5] Crawling: http://www.elections.maryland.gov/forms/documents/local_referendum_form_FINAL.pdf
2026-02-25 12:52:37,284 WARNING HEAD request failed for http://www.elections.maryland.gov/forms/documents/local_referendum_form_FINAL.pdf: HTTPConnectionPool(host='www.elections.maryland.gov', port=80): Max retries exceeded with url: /forms/documents/local_referendum_form_FINAL.pdf (Caused by NameResolutionError("HTTPConnection(host='www.elections.maryland.gov', port=80): Failed to resolve 'www.elections.maryland.gov' ([Errno 8] nodename nor servname provided, or not known)"))
2026-02-25 12:52:37,284 WARNING Rate limit warning: 142 requests in the last 60s (threshold: 80)
2026-02-25 12:52:37,284 INFO [depth=5] Crawling: http://www.elections.maryland.gov/pdf/6-201-8B.pdf
2026-02-25 12:52:37,285 WARNING HEAD request failed for http://www.elections.maryland.gov/pdf/6-201-8B.pdf: HTTPConnectionPool(host='www.elections.maryland.gov', port=80): Max retries exceeded with url: /pdf/6-201-8B.pdf (Caused by NameResolutionError("HTTPConnection(host='www.elections.maryland.gov', port=80): Failed to resolve 'www.elections.maryland.gov' ([Errno 8] nodename nor servname provided, or not known)"))
2026-02-25 12:52:37,285 WARNING Rate limit warning: 143 requests in the last 60s (threshold: 80)
2026-02-25 12:52:37,285 INFO [depth=5] Crawling: http://www.elections.maryland.gov/forms/documents/candidate_petition_form_FINAL.pdf
2026-02-25 12:52:37,286 WARNING HEAD request failed for http://www.elections.maryland.gov/forms/documents/candidate_petition_form_FINAL.pdf: HTTPConnectionPool(host='www.elections.maryland.gov', port=80): Max retries exceeded with url: /forms/documents/candidate_petition_form_FINAL.pdf (Caused by NameResolutionError("HTTPConnection(host='www.elections.maryland.gov', port=80): Failed to resolve 'www.elections.maryland.gov' ([Errno 8] nodename nor servname provided, or not known)"))
2026-02-25 12:52:37,286 WARNING Rate limit warning: 144 requests in the last 60s (threshold: 80)
2026-02-25 12:52:37,286 INFO [depth=5] Crawling: http://www.elections.maryland.gov/pdf/6-201-4B.pdf
2026-02-25 12:52:37,287 WARNING HEAD request failed for http://www.elections.maryland.gov/pdf/6-201-4B.pdf: HTTPConnectionPool(host='www.elections.maryland.gov', port=80): Max retries exceeded with url: /pdf/6-201-4B.pdf (Caused by NameResolutionError("HTTPConnection(host='www.elections.maryland.gov', port=80): Failed to resolve 'www.elections.maryland.gov' ([Errno 8] nodename nor servname provided, or not known)"))
2026-02-25 12:52:37,287 WARNING Rate limit warning: 145 requests in the last 60s (threshold: 80)
2026-02-25 12:52:37,287 INFO [depth=5] Crawling: http://www.elections.maryland.gov/forms/documents/primary_candidate_nomination_petition__for_president_form_FINAL.pdf
2026-02-25 12:52:37,288 WARNING HEAD request failed for http://www.elections.maryland.gov/forms/documents/primary_candidate_nomination_petition__for_president_form_FINAL.pdf: HTTPConnectionPool(host='www.elections.maryland.gov', port=80): Max retries exceeded with url: /forms/documents/primary_candidate_nomination_petition__for_president_form_FINAL.pdf (Caused by NameResolutionError("HTTPConnection(host='www.elections.maryland.gov', port=80): Failed to resolve 'www.elections.maryland.gov' ([Errno 8] nodename nor servname provided, or not known)"))
2026-02-25 12:52:37,288 WARNING Rate limit warning: 146 requests in the last 60s (threshold: 80)
2026-02-25 12:52:37,288 INFO [depth=5] Crawling: http://www.elections.maryland.gov/forms/documents/Cert of Cand for US Pres Primary Nomination.pdf
2026-02-25 12:52:37,289 WARNING HEAD request failed for http://www.elections.maryland.gov/forms/documents/Cert of Cand for US Pres Primary Nomination.pdf: HTTPConnectionPool(host='www.elections.maryland.gov', port=80): Max retries exceeded with url: /forms/documents/Cert%20of%20Cand%20for%20US%20Pres%20Primary%20Nomination.pdf (Caused by NameResolutionError("HTTPConnection(host='www.elections.maryland.gov', port=80): Failed to resolve 'www.elections.maryland.gov' ([Errno 8] nodename nor servname provided, or not known)"))
2026-02-25 12:52:37,289 WARNING Rate limit warning: 147 requests in the last 60s (threshold: 80)
2026-02-25 12:52:37,289 INFO [depth=5] Crawling: http://www.elections.maryland.gov/forms/documents/Certificate of Candidacy Write-In Candidate for President and VP.pdf
2026-02-25 12:52:37,290 WARNING HEAD request failed for http://www.elections.maryland.gov/forms/documents/Certificate of Candidacy Write-In Candidate for President and VP.pdf: HTTPConnectionPool(host='www.elections.maryland.gov', port=80): Max retries exceeded with url: /forms/documents/Certificate%20of%20Candidacy%20Write-In%20Candidate%20for%20President%20and%20VP.pdf (Caused by NameResolutionError("HTTPConnection(host='www.elections.maryland.gov', port=80): Failed to resolve 'www.elections.maryland.gov' ([Errno 8] nodename nor servname provided, or not known)"))
2026-02-25 12:52:37,290 WARNING Rate limit warning: 148 requests in the last 60s (threshold: 80)
2026-02-25 12:52:37,291 INFO [depth=5] Crawling: http://www.elections.maryland.gov/forms/documents/candidateinfosheet.pdf
2026-02-25 12:52:37,291 WARNING HEAD request failed for http://www.elections.maryland.gov/forms/documents/candidateinfosheet.pdf: HTTPConnectionPool(host='www.elections.maryland.gov', port=80): Max retries exceeded with url: /forms/documents/candidateinfosheet.pdf (Caused by NameResolutionError("HTTPConnection(host='www.elections.maryland.gov', port=80): Failed to resolve 'www.elections.maryland.gov' ([Errno 8] nodename nor servname provided, or not known)"))
2026-02-25 12:52:37,291 WARNING Rate limit warning: 149 requests in the last 60s (threshold: 80)
2026-02-25 12:52:37,291 INFO [depth=5] Crawling: http://www.elections.maryland.gov/pdf/Cert_Cand_WRITEIN.pdf
2026-02-25 12:52:37,292 WARNING HEAD request failed for http://www.elections.maryland.gov/pdf/Cert_Cand_WRITEIN.pdf: HTTPConnectionPool(host='www.elections.maryland.gov', port=80): Max retries exceeded with url: /pdf/Cert_Cand_WRITEIN.pdf (Caused by NameResolutionError("HTTPConnection(host='www.elections.maryland.gov', port=80): Failed to resolve 'www.elections.maryland.gov' ([Errno 8] nodename nor servname provided, or not known)"))
2026-02-25 12:52:37,292 WARNING Rate limit warning: 150 requests in the last 60s (threshold: 80)
2026-02-25 12:52:37,292 INFO [depth=5] Crawling: http://www.elections.maryland.gov/candidacy/documents/Certificate_of_Withdrawal_Declination.pdf
2026-02-25 12:52:37,293 WARNING HEAD request failed for http://www.elections.maryland.gov/candidacy/documents/Certificate_of_Withdrawal_Declination.pdf: HTTPConnectionPool(host='www.elections.maryland.gov', port=80): Max retries exceeded with url: /candidacy/documents/Certificate_of_Withdrawal_Declination.pdf (Caused by NameResolutionError("HTTPConnection(host='www.elections.maryland.gov', port=80): Failed to resolve 'www.elections.maryland.gov' ([Errno 8] nodename nor servname provided, or not known)"))
2026-02-25 12:52:37,293 WARNING Rate limit warning: 151 requests in the last 60s (threshold: 80)
2026-02-25 12:52:37,293 INFO [depth=5] Crawling: http://www.elections.maryland.gov/pdf/alternate_name_affidavit.pdf
2026-02-25 12:52:37,294 WARNING HEAD request failed for http://www.elections.maryland.gov/pdf/alternate_name_affidavit.pdf: HTTPConnectionPool(host='www.elections.maryland.gov', port=80): Max retries exceeded with url: /pdf/alternate_name_affidavit.pdf (Caused by NameResolutionError("HTTPConnection(host='www.elections.maryland.gov', port=80): Failed to resolve 'www.elections.maryland.gov' ([Errno 8] nodename nor servname provided, or not known)"))
2026-02-25 12:52:37,294 WARNING Rate limit warning: 152 requests in the last 60s (threshold: 80)
2026-02-25 12:52:37,294 INFO [depth=5] Crawling: http://www.elections.maryland.gov/pdf/Certificate_of_Nomination_or_Designation.pdf
2026-02-25 12:52:37,295 WARNING HEAD request failed for http://www.elections.maryland.gov/pdf/Certificate_of_Nomination_or_Designation.pdf: HTTPConnectionPool(host='www.elections.maryland.gov', port=80): Max retries exceeded with url: /pdf/Certificate_of_Nomination_or_Designation.pdf (Caused by NameResolutionError("HTTPConnection(host='www.elections.maryland.gov', port=80): Failed to resolve 'www.elections.maryland.gov' ([Errno 8] nodename nor servname provided, or not known)"))
2026-02-25 12:52:37,295 WARNING Rate limit warning: 153 requests in the last 60s (threshold: 80)
2026-02-25 12:52:37,295 INFO [depth=5] Crawling: http://www.elections.maryland.gov/candidacy/documents/Declaration of Candidacy Form for District Level Delegates filing at SBE.pdf
2026-02-25 12:52:37,296 WARNING HEAD request failed for http://www.elections.maryland.gov/candidacy/documents/Declaration of Candidacy Form for District Level Delegates filing at SBE.pdf: HTTPConnectionPool(host='www.elections.maryland.gov', port=80): Max retries exceeded with url: /candidacy/documents/Declaration%20of%20Candidacy%20Form%20for%20District%20Level%20Delegates%20filing%20at%20SBE.pdf (Caused by NameResolutionError("HTTPConnection(host='www.elections.maryland.gov', port=80): Failed to resolve 'www.elections.maryland.gov' ([Errno 8] nodename nor servname provided, or not known)"))
2026-02-25 12:52:37,296 WARNING Rate limit warning: 154 requests in the last 60s (threshold: 80)
2026-02-25 12:52:37,296 INFO [depth=5] Crawling: http://www.elections.maryland.gov/forms/documents/Candidate Pledge Form for Delegate to the 2024 Republican National Convention.pdf
2026-02-25 12:52:37,297 WARNING HEAD request failed for http://www.elections.maryland.gov/forms/documents/Candidate Pledge Form for Delegate to the 2024 Republican National Convention.pdf: HTTPConnectionPool(host='www.elections.maryland.gov', port=80): Max retries exceeded with url: /forms/documents/Candidate%20Pledge%20Form%20for%20Delegate%20to%20the%202024%20Republican%20National%20Convention.pdf (Caused by NameResolutionError("HTTPConnection(host='www.elections.maryland.gov', port=80): Failed to resolve 'www.elections.maryland.gov' ([Errno 8] nodename nor servname provided, or not known)"))
2026-02-25 12:52:37,297 WARNING Rate limit warning: 155 requests in the last 60s (threshold: 80)
2026-02-25 12:52:37,297 INFO [depth=5] Crawling: http://www.elections.maryland.gov/pdf/08-503-1.pdf
2026-02-25 12:52:37,298 WARNING HEAD request failed for http://www.elections.maryland.gov/pdf/08-503-1.pdf: HTTPConnectionPool(host='www.elections.maryland.gov', port=80): Max retries exceeded with url: /pdf/08-503-1.pdf (Caused by NameResolutionError("HTTPConnection(host='www.elections.maryland.gov', port=80): Failed to resolve 'www.elections.maryland.gov' ([Errno 8] nodename nor servname provided, or not known)"))
2026-02-25 12:52:37,298 WARNING Rate limit warning: 156 requests in the last 60s (threshold: 80)
2026-02-25 12:52:37,298 INFO [depth=5] Crawling: http://www.elections.maryland.gov/forms/documents/Certificate of Nomination Non-Principal Political Party.pdf
2026-02-25 12:52:37,299 WARNING HEAD request failed for http://www.elections.maryland.gov/forms/documents/Certificate of Nomination Non-Principal Political Party.pdf: HTTPConnectionPool(host='www.elections.maryland.gov', port=80): Max retries exceeded with url: /forms/documents/Certificate%20of%20Nomination%20Non-Principal%20Political%20Party.pdf (Caused by NameResolutionError("HTTPConnection(host='www.elections.maryland.gov', port=80): Failed to resolve 'www.elections.maryland.gov' ([Errno 8] nodename nor servname provided, or not known)"))
2026-02-25 12:52:37,299 WARNING Rate limit warning: 157 requests in the last 60s (threshold: 80)
2026-02-25 12:52:37,299 INFO [depth=5] Crawling: http://www.elections.maryland.gov/forms/documents/Certificate of Nomination.pdf
2026-02-25 12:52:37,300 WARNING HEAD request failed for http://www.elections.maryland.gov/forms/documents/Certificate of Nomination.pdf: HTTPConnectionPool(host='www.elections.maryland.gov', port=80): Max retries exceeded with url: /forms/documents/Certificate%20of%20Nomination.pdf (Caused by NameResolutionError("HTTPConnection(host='www.elections.maryland.gov', port=80): Failed to resolve 'www.elections.maryland.gov' ([Errno 8] nodename nor servname provided, or not known)"))
2026-02-25 12:52:37,300 WARNING Rate limit warning: 158 requests in the last 60s (threshold: 80)
2026-02-25 12:52:37,300 INFO [depth=5] Crawling: http://www.elections.maryland.gov/forms/documents/petition_for_municipality_incorporation.pdf
2026-02-25 12:52:37,301 WARNING HEAD request failed for http://www.elections.maryland.gov/forms/documents/petition_for_municipality_incorporation.pdf: HTTPConnectionPool(host='www.elections.maryland.gov', port=80): Max retries exceeded with url: /forms/documents/petition_for_municipality_incorporation.pdf (Caused by NameResolutionError("HTTPConnection(host='www.elections.maryland.gov', port=80): Failed to resolve 'www.elections.maryland.gov' ([Errno 8] nodename nor servname provided, or not known)"))
2026-02-25 12:52:37,301 WARNING Rate limit warning: 159 requests in the last 60s (threshold: 80)
2026-02-25 12:52:37,301 INFO [depth=5] Crawling: http://www.elections.maryland.gov/candidacy/schedule_appointment.html
2026-02-25 12:52:37,302 WARNING HTTP error fetching http://www.elections.maryland.gov/candidacy/schedule_appointment.html: HTTPConnectionPool(host='www.elections.maryland.gov', port=80): Max retries exceeded with url: /candidacy/schedule_appointment.html (Caused by NameResolutionError("HTTPConnection(host='www.elections.maryland.gov', port=80): Failed to resolve 'www.elections.maryland.gov' ([Errno 8] nodename nor servname provided, or not known)"))
2026-02-25 12:52:37,302 WARNING Rate limit warning: 160 requests in the last 60s (threshold: 80)
2026-02-25 12:52:37,302 INFO [depth=5] Crawling: http://www.elections.maryland.gov/elections/special_elections_past.html
2026-02-25 12:52:37,303 WARNING HTTP error fetching http://www.elections.maryland.gov/elections/special_elections_past.html: HTTPConnectionPool(host='www.elections.maryland.gov', port=80): Max retries exceeded with url: /elections/special_elections_past.html (Caused by NameResolutionError("HTTPConnection(host='www.elections.maryland.gov', port=80): Failed to resolve 'www.elections.maryland.gov' ([Errno 8] nodename nor servname provided, or not known)"))
2026-02-25 12:52:37,303 WARNING Rate limit warning: 161 requests in the last 60s (threshold: 80)
2026-02-25 12:52:37,303 INFO [depth=5] Crawling: http://www.elections.maryland.gov/elections/municipal_results_archive.html
2026-02-25 12:52:37,304 WARNING HTTP error fetching http://www.elections.maryland.gov/elections/municipal_results_archive.html: HTTPConnectionPool(host='www.elections.maryland.gov', port=80): Max retries exceeded with url: /elections/municipal_results_archive.html (Caused by NameResolutionError("HTTPConnection(host='www.elections.maryland.gov', port=80): Failed to resolve 'www.elections.maryland.gov' ([Errno 8] nodename nor servname provided, or not known)"))
2026-02-25 12:52:37,304 WARNING Rate limit warning: 162 requests in the last 60s (threshold: 80)
2026-02-25 12:52:37,304 INFO [depth=5] Crawling: http://www.elections.maryland.gov/get_involved/Election_Judge_Application.pdf
2026-02-25 12:52:37,306 WARNING HEAD request failed for http://www.elections.maryland.gov/get_involved/Election_Judge_Application.pdf: HTTPConnectionPool(host='www.elections.maryland.gov', port=80): Max retries exceeded with url: /get_involved/Election_Judge_Application.pdf (Caused by NameResolutionError("HTTPConnection(host='www.elections.maryland.gov', port=80): Failed to resolve 'www.elections.maryland.gov' ([Errno 8] nodename nor servname provided, or not known)"))
2026-02-25 12:52:37,306 WARNING Rate limit warning: 163 requests in the last 60s (threshold: 80)
2026-02-25 12:52:37,306 INFO [depth=5] Crawling: http://www.elections.maryland.gov/pdf/SBEAPPL.pdf
2026-02-25 12:52:37,307 WARNING HEAD request failed for http://www.elections.maryland.gov/pdf/SBEAPPL.pdf: HTTPConnectionPool(host='www.elections.maryland.gov', port=80): Max retries exceeded with url: /pdf/SBEAPPL.pdf (Caused by NameResolutionError("HTTPConnection(host='www.elections.maryland.gov', port=80): Failed to resolve 'www.elections.maryland.gov' ([Errno 8] nodename nor servname provided, or not known)"))
2026-02-25 12:52:37,307 WARNING Rate limit warning: 164 requests in the last 60s (threshold: 80)
2026-02-25 12:52:37,307 INFO [depth=5] Crawling: http://www.elections.maryland.gov/voter_registration/purchase_lists.html
2026-02-25 12:52:37,308 WARNING HTTP error fetching http://www.elections.maryland.gov/voter_registration/purchase_lists.html: HTTPConnectionPool(host='www.elections.maryland.gov', port=80): Max retries exceeded with url: /voter_registration/purchase_lists.html (Caused by NameResolutionError("HTTPConnection(host='www.elections.maryland.gov', port=80): Failed to resolve 'www.elections.maryland.gov' ([Errno 8] nodename nor servname provided, or not known)"))
2026-02-25 12:52:37,308 WARNING Rate limit warning: 165 requests in the last 60s (threshold: 80)
2026-02-25 12:52:37,308 INFO [depth=5] Crawling: http://www.elections.maryland.gov/forms/documents/Confidentiality Request Form.pdf
2026-02-25 12:52:37,309 WARNING HEAD request failed for http://www.elections.maryland.gov/forms/documents/Confidentiality Request Form.pdf: HTTPConnectionPool(host='www.elections.maryland.gov', port=80): Max retries exceeded with url: /forms/documents/Confidentiality%20Request%20Form.pdf (Caused by NameResolutionError("HTTPConnection(host='www.elections.maryland.gov', port=80): Failed to resolve 'www.elections.maryland.gov' ([Errno 8] nodename nor servname provided, or not known)"))
2026-02-25 12:52:37,309 WARNING Rate limit warning: 166 requests in the last 60s (threshold: 80)
2026-02-25 12:52:37,309 INFO [depth=5] Crawling: http://www.elections.maryland.gov/forms/documents/Affidavit_Limited.pdf
2026-02-25 12:52:37,311 WARNING HEAD request failed for http://www.elections.maryland.gov/forms/documents/Affidavit_Limited.pdf: HTTPConnectionPool(host='www.elections.maryland.gov', port=80): Max retries exceeded with url: /forms/documents/Affidavit_Limited.pdf (Caused by NameResolutionError("HTTPConnection(host='www.elections.maryland.gov', port=80): Failed to resolve 'www.elections.maryland.gov' ([Errno 8] nodename nor servname provided, or not known)"))
2026-02-25 12:52:37,311 WARNING Rate limit warning: 167 requests in the last 60s (threshold: 80)
2026-02-25 12:52:37,311 INFO [depth=5] Crawling: http://www.elections.maryland.gov/forms/documents/Affidavit of Designation.pdf
2026-02-25 12:52:37,312 WARNING HEAD request failed for http://www.elections.maryland.gov/forms/documents/Affidavit of Designation.pdf: HTTPConnectionPool(host='www.elections.maryland.gov', port=80): Max retries exceeded with url: /forms/documents/Affidavit%20of%20Designation.pdf (Caused by NameResolutionError("HTTPConnection(host='www.elections.maryland.gov', port=80): Failed to resolve 'www.elections.maryland.gov' ([Errno 8] nodename nor servname provided, or not known)"))
2026-02-25 12:52:37,312 WARNING Rate limit warning: 168 requests in the last 60s (threshold: 80)
2026-02-25 12:52:37,312 INFO [depth=5] Crawling: http://www.elections.maryland.gov/pdf/summary_guide/ccr.pdf
2026-02-25 12:52:37,312 WARNING HEAD request failed for http://www.elections.maryland.gov/pdf/summary_guide/ccr.pdf: HTTPConnectionPool(host='www.elections.maryland.gov', port=80): Max retries exceeded with url: /pdf/summary_guide/ccr.pdf (Caused by NameResolutionError("HTTPConnection(host='www.elections.maryland.gov', port=80): Failed to resolve 'www.elections.maryland.gov' ([Errno 8] nodename nor servname provided, or not known)"))
2026-02-25 12:52:37,312 WARNING Rate limit warning: 169 requests in the last 60s (threshold: 80)
2026-02-25 12:52:37,312 INFO [depth=5] Crawling: http://www.elections.maryland.gov/pdf/summary_guide/ft.pdf
2026-02-25 12:52:37,313 WARNING HEAD request failed for http://www.elections.maryland.gov/pdf/summary_guide/ft.pdf: HTTPConnectionPool(host='www.elections.maryland.gov', port=80): Max retries exceeded with url: /pdf/summary_guide/ft.pdf (Caused by NameResolutionError("HTTPConnection(host='www.elections.maryland.gov', port=80): Failed to resolve 'www.elections.maryland.gov' ([Errno 8] nodename nor servname provided, or not known)"))
2026-02-25 12:52:37,313 WARNING Rate limit warning: 170 requests in the last 60s (threshold: 80)
2026-02-25 12:52:37,313 INFO [depth=5] Crawling: http://www.elections.maryland.gov/pdf/summary_guide/coaot.pdf
2026-02-25 12:52:37,314 WARNING HEAD request failed for http://www.elections.maryland.gov/pdf/summary_guide/coaot.pdf: HTTPConnectionPool(host='www.elections.maryland.gov', port=80): Max retries exceeded with url: /pdf/summary_guide/coaot.pdf (Caused by NameResolutionError("HTTPConnection(host='www.elections.maryland.gov', port=80): Failed to resolve 'www.elections.maryland.gov' ([Errno 8] nodename nor servname provided, or not known)"))
2026-02-25 12:52:37,315 WARNING Rate limit warning: 171 requests in the last 60s (threshold: 80)
2026-02-25 12:52:37,315 INFO [depth=5] Crawling: http://www.elections.maryland.gov/pdf/summary_guide/coo.pdf
2026-02-25 12:52:37,315 WARNING HEAD request failed for http://www.elections.maryland.gov/pdf/summary_guide/coo.pdf: HTTPConnectionPool(host='www.elections.maryland.gov', port=80): Max retries exceeded with url: /pdf/summary_guide/coo.pdf (Caused by NameResolutionError("HTTPConnection(host='www.elections.maryland.gov', port=80): Failed to resolve 'www.elections.maryland.gov' ([Errno 8] nodename nor servname provided, or not known)"))
2026-02-25 12:52:37,315 WARNING Rate limit warning: 172 requests in the last 60s (threshold: 80)
2026-02-25 12:52:37,315 INFO [depth=5] Crawling: http://www.elections.maryland.gov/pdf/summary_guide/rocot.pdf
2026-02-25 12:52:37,316 WARNING HEAD request failed for http://www.elections.maryland.gov/pdf/summary_guide/rocot.pdf: HTTPConnectionPool(host='www.elections.maryland.gov', port=80): Max retries exceeded with url: /pdf/summary_guide/rocot.pdf (Caused by NameResolutionError("HTTPConnection(host='www.elections.maryland.gov', port=80): Failed to resolve 'www.elections.maryland.gov' ([Errno 8] nodename nor servname provided, or not known)"))
2026-02-25 12:52:37,316 WARNING Rate limit warning: 173 requests in the last 60s (threshold: 80)
2026-02-25 12:52:37,316 INFO [depth=5] Crawling: http://www.elections.maryland.gov/pdf/summary_guide/cfrsp.pdf
2026-02-25 12:52:37,317 WARNING HEAD request failed for http://www.elections.maryland.gov/pdf/summary_guide/cfrsp.pdf: HTTPConnectionPool(host='www.elections.maryland.gov', port=80): Max retries exceeded with url: /pdf/summary_guide/cfrsp.pdf (Caused by NameResolutionError("HTTPConnection(host='www.elections.maryland.gov', port=80): Failed to resolve 'www.elections.maryland.gov' ([Errno 8] nodename nor servname provided, or not known)"))
2026-02-25 12:52:37,317 WARNING Rate limit warning: 174 requests in the last 60s (threshold: 80)
2026-02-25 12:52:37,317 INFO [depth=5] Crawling: http://www.elections.maryland.gov/pdf/summary_guide/s1.pdf
2026-02-25 12:52:37,319 WARNING HEAD request failed for http://www.elections.maryland.gov/pdf/summary_guide/s1.pdf: HTTPConnectionPool(host='www.elections.maryland.gov', port=80): Max retries exceeded with url: /pdf/summary_guide/s1.pdf (Caused by NameResolutionError("HTTPConnection(host='www.elections.maryland.gov', port=80): Failed to resolve 'www.elections.maryland.gov' ([Errno 8] nodename nor servname provided, or not known)"))
2026-02-25 12:52:37,319 WARNING Rate limit warning: 175 requests in the last 60s (threshold: 80)
2026-02-25 12:52:37,319 INFO [depth=5] Crawling: http://www.elections.maryland.gov/pdf/summary_guide/s1a.pdf
2026-02-25 12:52:37,320 WARNING HEAD request failed for http://www.elections.maryland.gov/pdf/summary_guide/s1a.pdf: HTTPConnectionPool(host='www.elections.maryland.gov', port=80): Max retries exceeded with url: /pdf/summary_guide/s1a.pdf (Caused by NameResolutionError("HTTPConnection(host='www.elections.maryland.gov', port=80): Failed to resolve 'www.elections.maryland.gov' ([Errno 8] nodename nor servname provided, or not known)"))
2026-02-25 12:52:37,320 WARNING Rate limit warning: 176 requests in the last 60s (threshold: 80)
2026-02-25 12:52:37,320 INFO [depth=5] Crawling: http://www.elections.maryland.gov/pdf/summary_guide/s1b.pdf
2026-02-25 12:52:37,321 WARNING HEAD request failed for http://www.elections.maryland.gov/pdf/summary_guide/s1b.pdf: HTTPConnectionPool(host='www.elections.maryland.gov', port=80): Max retries exceeded with url: /pdf/summary_guide/s1b.pdf (Caused by NameResolutionError("HTTPConnection(host='www.elections.maryland.gov', port=80): Failed to resolve 'www.elections.maryland.gov' ([Errno 8] nodename nor servname provided, or not known)"))
2026-02-25 12:52:37,321 WARNING Rate limit warning: 177 requests in the last 60s (threshold: 80)
2026-02-25 12:52:37,321 INFO [depth=5] Crawling: http://www.elections.maryland.gov/pdf/summary_guide/s2.pdf
2026-02-25 12:52:37,322 WARNING HEAD request failed for http://www.elections.maryland.gov/pdf/summary_guide/s2.pdf: HTTPConnectionPool(host='www.elections.maryland.gov', port=80): Max retries exceeded with url: /pdf/summary_guide/s2.pdf (Caused by NameResolutionError("HTTPConnection(host='www.elections.maryland.gov', port=80): Failed to resolve 'www.elections.maryland.gov' ([Errno 8] nodename nor servname provided, or not known)"))
2026-02-25 12:52:37,322 WARNING Rate limit warning: 178 requests in the last 60s (threshold: 80)
2026-02-25 12:52:37,322 INFO [depth=5] Crawling: http://www.elections.maryland.gov/pdf/summary_guide/s3.pdf
2026-02-25 12:52:37,323 WARNING HEAD request failed for http://www.elections.maryland.gov/pdf/summary_guide/s3.pdf: HTTPConnectionPool(host='www.elections.maryland.gov', port=80): Max retries exceeded with url: /pdf/summary_guide/s3.pdf (Caused by NameResolutionError("HTTPConnection(host='www.elections.maryland.gov', port=80): Failed to resolve 'www.elections.maryland.gov' ([Errno 8] nodename nor servname provided, or not known)"))
2026-02-25 12:52:37,323 WARNING Rate limit warning: 179 requests in the last 60s (threshold: 80)
2026-02-25 12:52:37,323 INFO [depth=5] Crawling: http://www.elections.maryland.gov/pdf/summary_guide/s4.pdf
2026-02-25 12:52:37,324 WARNING HEAD request failed for http://www.elections.maryland.gov/pdf/summary_guide/s4.pdf: HTTPConnectionPool(host='www.elections.maryland.gov', port=80): Max retries exceeded with url: /pdf/summary_guide/s4.pdf (Caused by NameResolutionError("HTTPConnection(host='www.elections.maryland.gov', port=80): Failed to resolve 'www.elections.maryland.gov' ([Errno 8] nodename nor servname provided, or not known)"))
2026-02-25 12:52:37,324 WARNING Rate limit warning: 180 requests in the last 60s (threshold: 80)
2026-02-25 12:52:37,324 INFO [depth=5] Crawling: http://www.elections.maryland.gov/pdf/summary_guide/aodf.pdf
2026-02-25 12:52:37,325 WARNING HEAD request failed for http://www.elections.maryland.gov/pdf/summary_guide/aodf.pdf: HTTPConnectionPool(host='www.elections.maryland.gov', port=80): Max retries exceeded with url: /pdf/summary_guide/aodf.pdf (Caused by NameResolutionError("HTTPConnection(host='www.elections.maryland.gov', port=80): Failed to resolve 'www.elections.maryland.gov' ([Errno 8] nodename nor servname provided, or not known)"))
2026-02-25 12:52:37,325 WARNING Rate limit warning: 181 requests in the last 60s (threshold: 80)
2026-02-25 12:52:37,325 INFO [depth=5] Crawling: http://www.elections.maryland.gov/pdf/summary_guide/sd.pdf
2026-02-25 12:52:37,326 WARNING HEAD request failed for http://www.elections.maryland.gov/pdf/summary_guide/sd.pdf: HTTPConnectionPool(host='www.elections.maryland.gov', port=80): Max retries exceeded with url: /pdf/summary_guide/sd.pdf (Caused by NameResolutionError("HTTPConnection(host='www.elections.maryland.gov', port=80): Failed to resolve 'www.elections.maryland.gov' ([Errno 8] nodename nor servname provided, or not known)"))
2026-02-25 12:52:37,326 WARNING Rate limit warning: 182 requests in the last 60s (threshold: 80)
2026-02-25 12:52:37,326 INFO [depth=5] Crawling: http://www.elections.maryland.gov/forms/documents/Price_List_CCF.pdf
2026-02-25 12:52:37,327 WARNING HEAD request failed for http://www.elections.maryland.gov/forms/documents/Price_List_CCF.pdf: HTTPConnectionPool(host='www.elections.maryland.gov', port=80): Max retries exceeded with url: /forms/documents/Price_List_CCF.pdf (Caused by NameResolutionError("HTTPConnection(host='www.elections.maryland.gov', port=80): Failed to resolve 'www.elections.maryland.gov' ([Errno 8] nodename nor servname provided, or not known)"))
2026-02-25 12:52:37,327 WARNING Rate limit warning: 183 requests in the last 60s (threshold: 80)
2026-02-25 12:52:37,327 INFO [depth=5] Crawling: http://www.elections.maryland.gov/pdf/Request_for_Accessible_Polling_Place.pdf
2026-02-25 12:52:37,327 WARNING HEAD request failed for http://www.elections.maryland.gov/pdf/Request_for_Accessible_Polling_Place.pdf: HTTPConnectionPool(host='www.elections.maryland.gov', port=80): Max retries exceeded with url: /pdf/Request_for_Accessible_Polling_Place.pdf (Caused by NameResolutionError("HTTPConnection(host='www.elections.maryland.gov', port=80): Failed to resolve 'www.elections.maryland.gov' ([Errno 8] nodename nor servname provided, or not known)"))
2026-02-25 12:52:37,328 WARNING Rate limit warning: 184 requests in the last 60s (threshold: 80)
2026-02-25 12:52:37,328 INFO [depth=5] Crawling: http://www.elections.maryland.gov/pdf/election_results_copies.pdf
2026-02-25 12:52:37,328 WARNING HEAD request failed for http://www.elections.maryland.gov/pdf/election_results_copies.pdf: HTTPConnectionPool(host='www.elections.maryland.gov', port=80): Max retries exceeded with url: /pdf/election_results_copies.pdf (Caused by NameResolutionError("HTTPConnection(host='www.elections.maryland.gov', port=80): Failed to resolve 'www.elections.maryland.gov' ([Errno 8] nodename nor servname provided, or not known)"))
2026-02-25 12:52:37,328 WARNING Rate limit warning: 185 requests in the last 60s (threshold: 80)
2026-02-25 12:52:37,328 INFO [depth=5] Crawling: http://www.elections.maryland.gov/elections/printed_copies.html
2026-02-25 12:52:37,329 WARNING HTTP error fetching http://www.elections.maryland.gov/elections/printed_copies.html: HTTPConnectionPool(host='www.elections.maryland.gov', port=80): Max retries exceeded with url: /elections/printed_copies.html (Caused by NameResolutionError("HTTPConnection(host='www.elections.maryland.gov', port=80): Failed to resolve 'www.elections.maryland.gov' ([Errno 8] nodename nor servname provided, or not known)"))
2026-02-25 12:52:37,329 WARNING Rate limit warning: 186 requests in the last 60s (threshold: 80)
2026-02-25 12:52:37,329 INFO [depth=5] Crawling: http://elections.maryland.gov/voting/documents/HowMDVotes_BMD.pdf
2026-02-25 12:52:37,330 WARNING HEAD request failed for http://elections.maryland.gov/voting/documents/HowMDVotes_BMD.pdf: HTTPConnectionPool(host='elections.maryland.gov', port=80): Max retries exceeded with url: /voting/documents/HowMDVotes_BMD.pdf (Caused by NameResolutionError("HTTPConnection(host='elections.maryland.gov', port=80): Failed to resolve 'elections.maryland.gov' ([Errno 8] nodename nor servname provided, or not known)"))
2026-02-25 12:52:37,330 WARNING Rate limit warning: 187 requests in the last 60s (threshold: 80)
2026-02-25 12:52:37,330 INFO [depth=5] Crawling: http://elections.maryland.gov/voting/documents/Definition of a Vote Manual_v0.3 11022016.pdf
2026-02-25 12:52:37,331 WARNING HEAD request failed for http://elections.maryland.gov/voting/documents/Definition of a Vote Manual_v0.3 11022016.pdf: HTTPConnectionPool(host='elections.maryland.gov', port=80): Max retries exceeded with url: /voting/documents/Definition%20of%20a%20Vote%20Manual_v0.3%2011022016.pdf (Caused by NameResolutionError("HTTPConnection(host='elections.maryland.gov', port=80): Failed to resolve 'elections.maryland.gov' ([Errno 8] nodename nor servname provided, or not known)"))
2026-02-25 12:52:37,331 WARNING Rate limit warning: 188 requests in the last 60s (threshold: 80)
2026-02-25 12:52:37,331 INFO [depth=5] Crawling: http://elections.maryland.gov/voting/documents/Rules for Observing Canvasses_10152024.pdf
2026-02-25 12:52:37,332 WARNING HEAD request failed for http://elections.maryland.gov/voting/documents/Rules for Observing Canvasses_10152024.pdf: HTTPConnectionPool(host='elections.maryland.gov', port=80): Max retries exceeded with url: /voting/documents/Rules%20for%20Observing%20Canvasses_10152024.pdf (Caused by NameResolutionError("HTTPConnection(host='elections.maryland.gov', port=80): Failed to resolve 'elections.maryland.gov' ([Errno 8] nodename nor servname provided, or not known)"))
2026-02-25 12:52:37,332 WARNING Rate limit warning: 189 requests in the last 60s (threshold: 80)
2026-02-25 12:52:37,332 INFO [depth=5] Crawling: http://elections.maryland.gov/voting/documents/Canvass Challenge Form_10112024.pdf
2026-02-25 12:52:37,333 WARNING HEAD request failed for http://elections.maryland.gov/voting/documents/Canvass Challenge Form_10112024.pdf: HTTPConnectionPool(host='elections.maryland.gov', port=80): Max retries exceeded with url: /voting/documents/Canvass%20Challenge%20Form_10112024.pdf (Caused by NameResolutionError("HTTPConnection(host='elections.maryland.gov', port=80): Failed to resolve 'elections.maryland.gov' ([Errno 8] nodename nor servname provided, or not known)"))
2026-02-25 12:52:37,333 WARNING Rate limit warning: 190 requests in the last 60s (threshold: 80)
2026-02-25 12:52:37,333 INFO [depth=5] Crawling: http://elections.maryland.gov/voting/provisional_voting_video_transcript.html
2026-02-25 12:52:37,333 WARNING HTTP error fetching http://elections.maryland.gov/voting/provisional_voting_video_transcript.html: HTTPConnectionPool(host='elections.maryland.gov', port=80): Max retries exceeded with url: /voting/provisional_voting_video_transcript.html (Caused by NameResolutionError("HTTPConnection(host='elections.maryland.gov', port=80): Failed to resolve 'elections.maryland.gov' ([Errno 8] nodename nor servname provided, or not known)"))
2026-02-25 12:52:37,334 WARNING Rate limit warning: 191 requests in the last 60s (threshold: 80)
2026-02-25 12:52:37,334 INFO [depth=5] Crawling: http://elections.maryland.gov/pdf/Challenger_and_Watchers_Manual.pdf
2026-02-25 12:52:37,337 WARNING HEAD request failed for http://elections.maryland.gov/pdf/Challenger_and_Watchers_Manual.pdf: HTTPConnectionPool(host='elections.maryland.gov', port=80): Max retries exceeded with url: /pdf/Challenger_and_Watchers_Manual.pdf (Caused by NameResolutionError("HTTPConnection(host='elections.maryland.gov', port=80): Failed to resolve 'elections.maryland.gov' ([Errno 8] nodename nor servname provided, or not known)"))
2026-02-25 12:52:37,337 WARNING Rate limit warning: 192 requests in the last 60s (threshold: 80)
2026-02-25 12:52:37,337 INFO [depth=5] Crawling: http://elections.maryland.gov/get_involved/Challenger  Watcher Summary - Opening the Polls.pdf
2026-02-25 12:52:37,338 WARNING HEAD request failed for http://elections.maryland.gov/get_involved/Challenger  Watcher Summary - Opening the Polls.pdf: HTTPConnectionPool(host='elections.maryland.gov', port=80): Max retries exceeded with url: /get_involved/Challenger%20%20Watcher%20Summary%20-%20Opening%20the%20Polls.pdf (Caused by NameResolutionError("HTTPConnection(host='elections.maryland.gov', port=80): Failed to resolve 'elections.maryland.gov' ([Errno 8] nodename nor servname provided, or not known)"))
2026-02-25 12:52:37,338 WARNING Rate limit warning: 193 requests in the last 60s (threshold: 80)
2026-02-25 12:52:37,339 INFO [depth=5] Crawling: http://elections.maryland.gov/get_involved/Challenger  Watcher Summary - Closing the Polls.pdf
2026-02-25 12:52:37,340 WARNING HEAD request failed for http://elections.maryland.gov/get_involved/Challenger  Watcher Summary - Closing the Polls.pdf: HTTPConnectionPool(host='elections.maryland.gov', port=80): Max retries exceeded with url: /get_involved/Challenger%20%20Watcher%20Summary%20-%20Closing%20the%20Polls.pdf (Caused by NameResolutionError("HTTPConnection(host='elections.maryland.gov', port=80): Failed to resolve 'elections.maryland.gov' ([Errno 8] nodename nor servname provided, or not known)"))
2026-02-25 12:52:37,340 WARNING Rate limit warning: 194 requests in the last 60s (threshold: 80)
2026-02-25 12:52:37,340 INFO [depth=5] Crawling: http://elections.maryland.gov/pdf/Challenger_Certificate.pdf
2026-02-25 12:52:37,341 WARNING HEAD request failed for http://elections.maryland.gov/pdf/Challenger_Certificate.pdf: HTTPConnectionPool(host='elections.maryland.gov', port=80): Max retries exceeded with url: /pdf/Challenger_Certificate.pdf (Caused by NameResolutionError("HTTPConnection(host='elections.maryland.gov', port=80): Failed to resolve 'elections.maryland.gov' ([Errno 8] nodename nor servname provided, or not known)"))
2026-02-25 12:52:37,341 WARNING Rate limit warning: 195 requests in the last 60s (threshold: 80)
2026-02-25 12:52:37,341 INFO [depth=5] Crawling: http://elections.maryland.gov/voting_system/how_to_vote_video_transcript.html
2026-02-25 12:52:37,342 WARNING HTTP error fetching http://elections.maryland.gov/voting_system/how_to_vote_video_transcript.html: HTTPConnectionPool(host='elections.maryland.gov', port=80): Max retries exceeded with url: /voting_system/how_to_vote_video_transcript.html (Caused by NameResolutionError("HTTPConnection(host='elections.maryland.gov', port=80): Failed to resolve 'elections.maryland.gov' ([Errno 8] nodename nor servname provided, or not known)"))
2026-02-25 12:52:37,342 WARNING Rate limit warning: 196 requests in the last 60s (threshold: 80)
2026-02-25 12:52:37,342 INFO [depth=5] Crawling: http://elections.maryland.gov/voting_system/documents/Closed_Certification Testing Report for ES&S EVS_FINAL.pdf
2026-02-25 12:52:37,343 WARNING HEAD request failed for http://elections.maryland.gov/voting_system/documents/Closed_Certification Testing Report for ES&S EVS_FINAL.pdf: HTTPConnectionPool(host='elections.maryland.gov', port=80): Max retries exceeded with url: /voting_system/documents/Closed_Certification%20Testing%20Report%20for%20ES&S%20EVS_FINAL.pdf (Caused by NameResolutionError("HTTPConnection(host='elections.maryland.gov', port=80): Failed to resolve 'elections.maryland.gov' ([Errno 8] nodename nor servname provided, or not known)"))
2026-02-25 12:52:37,344 WARNING Rate limit warning: 197 requests in the last 60s (threshold: 80)
2026-02-25 12:52:37,344 INFO [depth=5] Crawling: http://elections.maryland.gov/voting_system/documents/Closed_Public demo survey summary.pdf
2026-02-25 12:52:37,344 WARNING HEAD request failed for http://elections.maryland.gov/voting_system/documents/Closed_Public demo survey summary.pdf: HTTPConnectionPool(host='elections.maryland.gov', port=80): Max retries exceeded with url: /voting_system/documents/Closed_Public%20demo%20survey%20summary.pdf (Caused by NameResolutionError("HTTPConnection(host='elections.maryland.gov', port=80): Failed to resolve 'elections.maryland.gov' ([Errno 8] nodename nor servname provided, or not known)"))
2026-02-25 12:52:37,344 WARNING Rate limit warning: 198 requests in the last 60s (threshold: 80)
2026-02-25 12:52:37,345 INFO [depth=5] Crawling: http://elections.maryland.gov/voting_system/documents/ExpressVote - Final Usability Report.pdf
2026-02-25 12:52:37,345 WARNING HEAD request failed for http://elections.maryland.gov/voting_system/documents/ExpressVote - Final Usability Report.pdf: HTTPConnectionPool(host='elections.maryland.gov', port=80): Max retries exceeded with url: /voting_system/documents/ExpressVote%20-%20Final%20Usability%20Report.pdf (Caused by NameResolutionError("HTTPConnection(host='elections.maryland.gov', port=80): Failed to resolve 'elections.maryland.gov' ([Errno 8] nodename nor servname provided, or not known)"))
2026-02-25 12:52:37,345 WARNING Rate limit warning: 199 requests in the last 60s (threshold: 80)
2026-02-25 12:52:37,345 INFO [depth=5] Crawling: http://elections.maryland.gov/overseas_voters/documents/Designation of Agent Form- Mail-In Ballot.pdf
2026-02-25 12:52:37,347 WARNING HEAD request failed for http://elections.maryland.gov/overseas_voters/documents/Designation of Agent Form- Mail-In Ballot.pdf: HTTPConnectionPool(host='elections.maryland.gov', port=80): Max retries exceeded with url: /overseas_voters/documents/Designation%20of%20Agent%20Form-%20Mail-In%20Ballot.pdf (Caused by NameResolutionError("HTTPConnection(host='elections.maryland.gov', port=80): Failed to resolve 'elections.maryland.gov' ([Errno 8] nodename nor servname provided, or not known)"))
2026-02-25 12:52:37,347 WARNING Rate limit warning: 200 requests in the last 60s (threshold: 80)
2026-02-25 12:52:37,347 INFO [depth=5] Crawling: http://elections.maryland.gov/voting/documents/2014_Absentee_Ballot_Application_Spanish.pdf
2026-02-25 12:52:37,348 WARNING HEAD request failed for http://elections.maryland.gov/voting/documents/2014_Absentee_Ballot_Application_Spanish.pdf: HTTPConnectionPool(host='elections.maryland.gov', port=80): Max retries exceeded with url: /voting/documents/2014_Absentee_Ballot_Application_Spanish.pdf (Caused by NameResolutionError("HTTPConnection(host='elections.maryland.gov', port=80): Failed to resolve 'elections.maryland.gov' ([Errno 8] nodename nor servname provided, or not known)"))
2026-02-25 12:52:37,348 WARNING Rate limit warning: 201 requests in the last 60s (threshold: 80)
2026-02-25 12:52:37,348 INFO [depth=5] Crawling: http://elections.maryland.gov/press_room/2010_stats/gg10_statewide.pdf
2026-02-25 12:52:37,349 WARNING HEAD request failed for http://elections.maryland.gov/press_room/2010_stats/gg10_statewide.pdf: HTTPConnectionPool(host='elections.maryland.gov', port=80): Max retries exceeded with url: /press_room/2010_stats/gg10_statewide.pdf (Caused by NameResolutionError("HTTPConnection(host='elections.maryland.gov', port=80): Failed to resolve 'elections.maryland.gov' ([Errno 8] nodename nor servname provided, or not known)"))
2026-02-25 12:52:37,349 WARNING Rate limit warning: 202 requests in the last 60s (threshold: 80)
2026-02-25 12:52:37,349 INFO [depth=5] Crawling: http://elections.maryland.gov/press_room/2010_stats/gg_by congressional district.pdf
2026-02-25 12:52:37,350 WARNING HEAD request failed for http://elections.maryland.gov/press_room/2010_stats/gg_by congressional district.pdf: HTTPConnectionPool(host='elections.maryland.gov', port=80): Max retries exceeded with url: /press_room/2010_stats/gg_by%20congressional%20district.pdf (Caused by NameResolutionError("HTTPConnection(host='elections.maryland.gov', port=80): Failed to resolve 'elections.maryland.gov' ([Errno 8] nodename nor servname provided, or not known)"))
2026-02-25 12:52:37,350 WARNING Rate limit warning: 203 requests in the last 60s (threshold: 80)
2026-02-25 12:52:37,350 INFO [depth=5] Crawling: http://elections.maryland.gov/press_room/2010_stats/gg_by legislative district.pdf
2026-02-25 12:52:37,352 WARNING HEAD request failed for http://elections.maryland.gov/press_room/2010_stats/gg_by legislative district.pdf: HTTPConnectionPool(host='elections.maryland.gov', port=80): Max retries exceeded with url: /press_room/2010_stats/gg_by%20legislative%20district.pdf (Caused by NameResolutionError("HTTPConnection(host='elections.maryland.gov', port=80): Failed to resolve 'elections.maryland.gov' ([Errno 8] nodename nor servname provided, or not known)"))
2026-02-25 12:52:37,352 WARNING Rate limit warning: 204 requests in the last 60s (threshold: 80)
2026-02-25 12:52:37,352 INFO [depth=5] Crawling: http://elections.maryland.gov/press_room/2010_stats/gg_allegany.pdf
2026-02-25 12:52:37,354 WARNING HEAD request failed for http://elections.maryland.gov/press_room/2010_stats/gg_allegany.pdf: HTTPConnectionPool(host='elections.maryland.gov', port=80): Max retries exceeded with url: /press_room/2010_stats/gg_allegany.pdf (Caused by NameResolutionError("HTTPConnection(host='elections.maryland.gov', port=80): Failed to resolve 'elections.maryland.gov' ([Errno 8] nodename nor servname provided, or not known)"))
2026-02-25 12:52:37,354 WARNING Rate limit warning: 205 requests in the last 60s (threshold: 80)
2026-02-25 12:52:37,356 INFO [depth=5] Crawling: http://elections.maryland.gov/press_room/2010_stats/gg_anne arundel.pdf
2026-02-25 12:52:37,358 WARNING HEAD request failed for http://elections.maryland.gov/press_room/2010_stats/gg_anne arundel.pdf: HTTPConnectionPool(host='elections.maryland.gov', port=80): Max retries exceeded with url: /press_room/2010_stats/gg_anne%20arundel.pdf (Caused by NameResolutionError("HTTPConnection(host='elections.maryland.gov', port=80): Failed to resolve 'elections.maryland.gov' ([Errno 8] nodename nor servname provided, or not known)"))
2026-02-25 12:52:37,358 WARNING Rate limit warning: 206 requests in the last 60s (threshold: 80)
2026-02-25 12:52:37,358 INFO [depth=5] Crawling: http://elections.maryland.gov/press_room/2010_stats/gg_baltimore city.pdf
2026-02-25 12:52:37,361 WARNING HEAD request failed for http://elections.maryland.gov/press_room/2010_stats/gg_baltimore city.pdf: HTTPConnectionPool(host='elections.maryland.gov', port=80): Max retries exceeded with url: /press_room/2010_stats/gg_baltimore%20city.pdf (Caused by NameResolutionError("HTTPConnection(host='elections.maryland.gov', port=80): Failed to resolve 'elections.maryland.gov' ([Errno 8] nodename nor servname provided, or not known)"))
2026-02-25 12:52:37,361 WARNING Rate limit warning: 207 requests in the last 60s (threshold: 80)
2026-02-25 12:52:37,361 INFO [depth=5] Crawling: http://elections.maryland.gov/press_room/2010_stats/gg_baltimorecounty.pdf
2026-02-25 12:52:37,364 WARNING HEAD request failed for http://elections.maryland.gov/press_room/2010_stats/gg_baltimorecounty.pdf: HTTPConnectionPool(host='elections.maryland.gov', port=80): Max retries exceeded with url: /press_room/2010_stats/gg_baltimorecounty.pdf (Caused by NameResolutionError("HTTPConnection(host='elections.maryland.gov', port=80): Failed to resolve 'elections.maryland.gov' ([Errno 8] nodename nor servname provided, or not known)"))
2026-02-25 12:52:37,364 WARNING Rate limit warning: 208 requests in the last 60s (threshold: 80)
2026-02-25 12:52:37,364 INFO [depth=5] Crawling: http://elections.maryland.gov/press_room/2010_stats/gg_calvert.pdf
2026-02-25 12:52:37,365 WARNING HEAD request failed for http://elections.maryland.gov/press_room/2010_stats/gg_calvert.pdf: HTTPConnectionPool(host='elections.maryland.gov', port=80): Max retries exceeded with url: /press_room/2010_stats/gg_calvert.pdf (Caused by NameResolutionError("HTTPConnection(host='elections.maryland.gov', port=80): Failed to resolve 'elections.maryland.gov' ([Errno 8] nodename nor servname provided, or not known)"))
2026-02-25 12:52:37,365 WARNING Rate limit warning: 209 requests in the last 60s (threshold: 80)
2026-02-25 12:52:37,365 INFO [depth=5] Crawling: http://elections.maryland.gov/press_room/2010_stats/gg_caroline.pdf
2026-02-25 12:52:37,366 WARNING HEAD request failed for http://elections.maryland.gov/press_room/2010_stats/gg_caroline.pdf: HTTPConnectionPool(host='elections.maryland.gov', port=80): Max retries exceeded with url: /press_room/2010_stats/gg_caroline.pdf (Caused by NameResolutionError("HTTPConnection(host='elections.maryland.gov', port=80): Failed to resolve 'elections.maryland.gov' ([Errno 8] nodename nor servname provided, or not known)"))
2026-02-25 12:52:37,366 WARNING Rate limit warning: 210 requests in the last 60s (threshold: 80)
2026-02-25 12:52:37,367 INFO [depth=5] Crawling: http://elections.maryland.gov/press_room/2010_stats/gg_carroll.pdf
2026-02-25 12:52:37,368 WARNING HEAD request failed for http://elections.maryland.gov/press_room/2010_stats/gg_carroll.pdf: HTTPConnectionPool(host='elections.maryland.gov', port=80): Max retries exceeded with url: /press_room/2010_stats/gg_carroll.pdf (Caused by NameResolutionError("HTTPConnection(host='elections.maryland.gov', port=80): Failed to resolve 'elections.maryland.gov' ([Errno 8] nodename nor servname provided, or not known)"))
2026-02-25 12:52:37,368 WARNING Rate limit warning: 211 requests in the last 60s (threshold: 80)
2026-02-25 12:52:37,368 INFO [depth=5] Crawling: http://elections.maryland.gov/press_room/2010_stats/gg_cecil.pdf
2026-02-25 12:52:37,369 WARNING HEAD request failed for http://elections.maryland.gov/press_room/2010_stats/gg_cecil.pdf: HTTPConnectionPool(host='elections.maryland.gov', port=80): Max retries exceeded with url: /press_room/2010_stats/gg_cecil.pdf (Caused by NameResolutionError("HTTPConnection(host='elections.maryland.gov', port=80): Failed to resolve 'elections.maryland.gov' ([Errno 8] nodename nor servname provided, or not known)"))
2026-02-25 12:52:37,369 WARNING Rate limit warning: 212 requests in the last 60s (threshold: 80)
2026-02-25 12:52:37,369 INFO [depth=5] Crawling: http://elections.maryland.gov/press_room/2010_stats/gg_charles.pdf
2026-02-25 12:52:37,370 WARNING HEAD request failed for http://elections.maryland.gov/press_room/2010_stats/gg_charles.pdf: HTTPConnectionPool(host='elections.maryland.gov', port=80): Max retries exceeded with url: /press_room/2010_stats/gg_charles.pdf (Caused by NameResolutionError("HTTPConnection(host='elections.maryland.gov', port=80): Failed to resolve 'elections.maryland.gov' ([Errno 8] nodename nor servname provided, or not known)"))
2026-02-25 12:52:37,370 WARNING Rate limit warning: 213 requests in the last 60s (threshold: 80)
2026-02-25 12:52:37,370 INFO [depth=5] Crawling: http://elections.maryland.gov/press_room/2010_stats/gg_dorchester.pdf
2026-02-25 12:52:37,371 WARNING HEAD request failed for http://elections.maryland.gov/press_room/2010_stats/gg_dorchester.pdf: HTTPConnectionPool(host='elections.maryland.gov', port=80): Max retries exceeded with url: /press_room/2010_stats/gg_dorchester.pdf (Caused by NameResolutionError("HTTPConnection(host='elections.maryland.gov', port=80): Failed to resolve 'elections.maryland.gov' ([Errno 8] nodename nor servname provided, or not known)"))
2026-02-25 12:52:37,371 WARNING Rate limit warning: 214 requests in the last 60s (threshold: 80)
2026-02-25 12:52:37,371 INFO [depth=5] Crawling: http://elections.maryland.gov/press_room/2010_stats/gg_frederick.pdf
2026-02-25 12:52:37,372 WARNING HEAD request failed for http://elections.maryland.gov/press_room/2010_stats/gg_frederick.pdf: HTTPConnectionPool(host='elections.maryland.gov', port=80): Max retries exceeded with url: /press_room/2010_stats/gg_frederick.pdf (Caused by NameResolutionError("HTTPConnection(host='elections.maryland.gov', port=80): Failed to resolve 'elections.maryland.gov' ([Errno 8] nodename nor servname provided, or not known)"))
2026-02-25 12:52:37,372 WARNING Rate limit warning: 215 requests in the last 60s (threshold: 80)
2026-02-25 12:52:37,372 INFO [depth=5] Crawling: http://elections.maryland.gov/press_room/2010_stats/gg_garrett.pdf
2026-02-25 12:52:37,373 WARNING HEAD request failed for http://elections.maryland.gov/press_room/2010_stats/gg_garrett.pdf: HTTPConnectionPool(host='elections.maryland.gov', port=80): Max retries exceeded with url: /press_room/2010_stats/gg_garrett.pdf (Caused by NameResolutionError("HTTPConnection(host='elections.maryland.gov', port=80): Failed to resolve 'elections.maryland.gov' ([Errno 8] nodename nor servname provided, or not known)"))
2026-02-25 12:52:37,373 WARNING Rate limit warning: 216 requests in the last 60s (threshold: 80)
2026-02-25 12:52:37,373 INFO [depth=5] Crawling: http://elections.maryland.gov/press_room/2010_stats/gg_harford.pdf
2026-02-25 12:52:37,375 WARNING HEAD request failed for http://elections.maryland.gov/press_room/2010_stats/gg_harford.pdf: HTTPConnectionPool(host='elections.maryland.gov', port=80): Max retries exceeded with url: /press_room/2010_stats/gg_harford.pdf (Caused by NameResolutionError("HTTPConnection(host='elections.maryland.gov', port=80): Failed to resolve 'elections.maryland.gov' ([Errno 8] nodename nor servname provided, or not known)"))
2026-02-25 12:52:37,375 WARNING Rate limit warning: 217 requests in the last 60s (threshold: 80)
2026-02-25 12:52:37,375 INFO [depth=5] Crawling: http://elections.maryland.gov/press_room/2010_stats/gg_howard.pdf
2026-02-25 12:52:37,376 WARNING HEAD request failed for http://elections.maryland.gov/press_room/2010_stats/gg_howard.pdf: HTTPConnectionPool(host='elections.maryland.gov', port=80): Max retries exceeded with url: /press_room/2010_stats/gg_howard.pdf (Caused by NameResolutionError("HTTPConnection(host='elections.maryland.gov', port=80): Failed to resolve 'elections.maryland.gov' ([Errno 8] nodename nor servname provided, or not known)"))
2026-02-25 12:52:37,376 WARNING Rate limit warning: 218 requests in the last 60s (threshold: 80)
2026-02-25 12:52:37,376 INFO [depth=5] Crawling: http://elections.maryland.gov/press_room/2010_stats/gg_kent.pdf
2026-02-25 12:52:37,377 WARNING HEAD request failed for http://elections.maryland.gov/press_room/2010_stats/gg_kent.pdf: HTTPConnectionPool(host='elections.maryland.gov', port=80): Max retries exceeded with url: /press_room/2010_stats/gg_kent.pdf (Caused by NameResolutionError("HTTPConnection(host='elections.maryland.gov', port=80): Failed to resolve 'elections.maryland.gov' ([Errno 8] nodename nor servname provided, or not known)"))
2026-02-25 12:52:37,377 WARNING Rate limit warning: 219 requests in the last 60s (threshold: 80)
2026-02-25 12:52:37,377 INFO [depth=5] Crawling: http://elections.maryland.gov/press_room/2010_stats/gg_montgomery.pdf
2026-02-25 12:52:37,378 WARNING HEAD request failed for http://elections.maryland.gov/press_room/2010_stats/gg_montgomery.pdf: HTTPConnectionPool(host='elections.maryland.gov', port=80): Max retries exceeded with url: /press_room/2010_stats/gg_montgomery.pdf (Caused by NameResolutionError("HTTPConnection(host='elections.maryland.gov', port=80): Failed to resolve 'elections.maryland.gov' ([Errno 8] nodename nor servname provided, or not known)"))
2026-02-25 12:52:37,378 WARNING Rate limit warning: 220 requests in the last 60s (threshold: 80)
2026-02-25 12:52:37,378 INFO [depth=5] Crawling: http://elections.maryland.gov/press_room/2010_stats/gg_prince georges.pdf
2026-02-25 12:52:37,379 WARNING HEAD request failed for http://elections.maryland.gov/press_room/2010_stats/gg_prince georges.pdf: HTTPConnectionPool(host='elections.maryland.gov', port=80): Max retries exceeded with url: /press_room/2010_stats/gg_prince%20georges.pdf (Caused by NameResolutionError("HTTPConnection(host='elections.maryland.gov', port=80): Failed to resolve 'elections.maryland.gov' ([Errno 8] nodename nor servname provided, or not known)"))
2026-02-25 12:52:37,379 WARNING Rate limit warning: 221 requests in the last 60s (threshold: 80)
2026-02-25 12:52:37,379 INFO [depth=5] Crawling: http://elections.maryland.gov/press_room/2010_stats/gg_queen annes.pdf
2026-02-25 12:52:37,382 WARNING HEAD request failed for http://elections.maryland.gov/press_room/2010_stats/gg_queen annes.pdf: HTTPConnectionPool(host='elections.maryland.gov', port=80): Max retries exceeded with url: /press_room/2010_stats/gg_queen%20annes.pdf (Caused by NameResolutionError("HTTPConnection(host='elections.maryland.gov', port=80): Failed to resolve 'elections.maryland.gov' ([Errno 8] nodename nor servname provided, or not known)"))
2026-02-25 12:52:37,382 WARNING Rate limit warning: 222 requests in the last 60s (threshold: 80)
2026-02-25 12:52:37,382 INFO [depth=5] Crawling: http://elections.maryland.gov/press_room/2010_stats/gg_saint marys.pdf
2026-02-25 12:52:37,383 WARNING HEAD request failed for http://elections.maryland.gov/press_room/2010_stats/gg_saint marys.pdf: HTTPConnectionPool(host='elections.maryland.gov', port=80): Max retries exceeded with url: /press_room/2010_stats/gg_saint%20marys.pdf (Caused by NameResolutionError("HTTPConnection(host='elections.maryland.gov', port=80): Failed to resolve 'elections.maryland.gov' ([Errno 8] nodename nor servname provided, or not known)"))
2026-02-25 12:52:37,383 WARNING Rate limit warning: 223 requests in the last 60s (threshold: 80)
2026-02-25 12:52:37,383 INFO [depth=5] Crawling: http://elections.maryland.gov/press_room/2010_stats/gg_somerset.pdf
2026-02-25 12:52:37,384 WARNING HEAD request failed for http://elections.maryland.gov/press_room/2010_stats/gg_somerset.pdf: HTTPConnectionPool(host='elections.maryland.gov', port=80): Max retries exceeded with url: /press_room/2010_stats/gg_somerset.pdf (Caused by NameResolutionError("HTTPConnection(host='elections.maryland.gov', port=80): Failed to resolve 'elections.maryland.gov' ([Errno 8] nodename nor servname provided, or not known)"))
2026-02-25 12:52:37,384 WARNING Rate limit warning: 224 requests in the last 60s (threshold: 80)
2026-02-25 12:52:37,384 INFO [depth=5] Crawling: http://elections.maryland.gov/press_room/2010_stats/gg_talbot.pdf
2026-02-25 12:52:37,385 WARNING HEAD request failed for http://elections.maryland.gov/press_room/2010_stats/gg_talbot.pdf: HTTPConnectionPool(host='elections.maryland.gov', port=80): Max retries exceeded with url: /press_room/2010_stats/gg_talbot.pdf (Caused by NameResolutionError("HTTPConnection(host='elections.maryland.gov', port=80): Failed to resolve 'elections.maryland.gov' ([Errno 8] nodename nor servname provided, or not known)"))
2026-02-25 12:52:37,385 WARNING Rate limit warning: 225 requests in the last 60s (threshold: 80)
2026-02-25 12:52:37,385 INFO [depth=5] Crawling: http://elections.maryland.gov/press_room/2010_stats/gg_washington.pdf
2026-02-25 12:52:37,386 WARNING HEAD request failed for http://elections.maryland.gov/press_room/2010_stats/gg_washington.pdf: HTTPConnectionPool(host='elections.maryland.gov', port=80): Max retries exceeded with url: /press_room/2010_stats/gg_washington.pdf (Caused by NameResolutionError("HTTPConnection(host='elections.maryland.gov', port=80): Failed to resolve 'elections.maryland.gov' ([Errno 8] nodename nor servname provided, or not known)"))
2026-02-25 12:52:37,386 WARNING Rate limit warning: 226 requests in the last 60s (threshold: 80)
2026-02-25 12:52:37,386 INFO [depth=5] Crawling: http://elections.maryland.gov/press_room/2010_stats/gg_wicomico.pdf
2026-02-25 12:52:37,387 WARNING HEAD request failed for http://elections.maryland.gov/press_room/2010_stats/gg_wicomico.pdf: HTTPConnectionPool(host='elections.maryland.gov', port=80): Max retries exceeded with url: /press_room/2010_stats/gg_wicomico.pdf (Caused by NameResolutionError("HTTPConnection(host='elections.maryland.gov', port=80): Failed to resolve 'elections.maryland.gov' ([Errno 8] nodename nor servname provided, or not known)"))
2026-02-25 12:52:37,387 WARNING Rate limit warning: 227 requests in the last 60s (threshold: 80)
2026-02-25 12:52:37,387 INFO [depth=5] Crawling: http://elections.maryland.gov/press_room/2010_stats/gg_worcester.pdf
2026-02-25 12:52:37,389 WARNING HEAD request failed for http://elections.maryland.gov/press_room/2010_stats/gg_worcester.pdf: HTTPConnectionPool(host='elections.maryland.gov', port=80): Max retries exceeded with url: /press_room/2010_stats/gg_worcester.pdf (Caused by NameResolutionError("HTTPConnection(host='elections.maryland.gov', port=80): Failed to resolve 'elections.maryland.gov' ([Errno 8] nodename nor servname provided, or not known)"))
2026-02-25 12:52:37,389 WARNING Rate limit warning: 228 requests in the last 60s (threshold: 80)
2026-02-25 12:52:37,389 INFO [depth=5] Crawling: http://elections.maryland.gov/press_room/2010_stats/gp10_statewide.pdf
2026-02-25 12:52:37,390 WARNING HEAD request failed for http://elections.maryland.gov/press_room/2010_stats/gp10_statewide.pdf: HTTPConnectionPool(host='elections.maryland.gov', port=80): Max retries exceeded with url: /press_room/2010_stats/gp10_statewide.pdf (Caused by NameResolutionError("HTTPConnection(host='elections.maryland.gov', port=80): Failed to resolve 'elections.maryland.gov' ([Errno 8] nodename nor servname provided, or not known)"))
2026-02-25 12:52:37,390 WARNING Rate limit warning: 229 requests in the last 60s (threshold: 80)
2026-02-25 12:52:37,390 INFO [depth=5] Crawling: http://elections.maryland.gov/press_room/2010_stats/by congressional district.pdf
2026-02-25 12:52:37,391 WARNING HEAD request failed for http://elections.maryland.gov/press_room/2010_stats/by congressional district.pdf: HTTPConnectionPool(host='elections.maryland.gov', port=80): Max retries exceeded with url: /press_room/2010_stats/by%20congressional%20district.pdf (Caused by NameResolutionError("HTTPConnection(host='elections.maryland.gov', port=80): Failed to resolve 'elections.maryland.gov' ([Errno 8] nodename nor servname provided, or not known)"))
2026-02-25 12:52:37,391 WARNING Rate limit warning: 230 requests in the last 60s (threshold: 80)
2026-02-25 12:52:37,391 INFO [depth=5] Crawling: http://elections.maryland.gov/press_room/2010_stats/by legislative district.pdf
2026-02-25 12:52:37,393 WARNING HEAD request failed for http://elections.maryland.gov/press_room/2010_stats/by legislative district.pdf: HTTPConnectionPool(host='elections.maryland.gov', port=80): Max retries exceeded with url: /press_room/2010_stats/by%20legislative%20district.pdf (Caused by NameResolutionError("HTTPConnection(host='elections.maryland.gov', port=80): Failed to resolve 'elections.maryland.gov' ([Errno 8] nodename nor servname provided, or not known)"))
2026-02-25 12:52:37,393 WARNING Rate limit warning: 231 requests in the last 60s (threshold: 80)
2026-02-25 12:52:37,393 INFO [depth=5] Crawling: http://elections.maryland.gov/press_room/2010_stats/allegany.pdf
2026-02-25 12:52:37,394 WARNING HEAD request failed for http://elections.maryland.gov/press_room/2010_stats/allegany.pdf: HTTPConnectionPool(host='elections.maryland.gov', port=80): Max retries exceeded with url: /press_room/2010_stats/allegany.pdf (Caused by NameResolutionError("HTTPConnection(host='elections.maryland.gov', port=80): Failed to resolve 'elections.maryland.gov' ([Errno 8] nodename nor servname provided, or not known)"))
2026-02-25 12:52:37,394 WARNING Rate limit warning: 232 requests in the last 60s (threshold: 80)
2026-02-25 12:52:37,394 INFO [depth=5] Crawling: http://elections.maryland.gov/press_room/2010_stats/anne arundel.pdf
2026-02-25 12:52:37,395 WARNING HEAD request failed for http://elections.maryland.gov/press_room/2010_stats/anne arundel.pdf: HTTPConnectionPool(host='elections.maryland.gov', port=80): Max retries exceeded with url: /press_room/2010_stats/anne%20arundel.pdf (Caused by NameResolutionError("HTTPConnection(host='elections.maryland.gov', port=80): Failed to resolve 'elections.maryland.gov' ([Errno 8] nodename nor servname provided, or not known)"))
2026-02-25 12:52:37,395 WARNING Rate limit warning: 233 requests in the last 60s (threshold: 80)
2026-02-25 12:52:37,395 INFO [depth=5] Crawling: http://elections.maryland.gov/press_room/2010_stats/baltimore city.pdf
2026-02-25 12:52:37,396 WARNING HEAD request failed for http://elections.maryland.gov/press_room/2010_stats/baltimore city.pdf: HTTPConnectionPool(host='elections.maryland.gov', port=80): Max retries exceeded with url: /press_room/2010_stats/baltimore%20city.pdf (Caused by NameResolutionError("HTTPConnection(host='elections.maryland.gov', port=80): Failed to resolve 'elections.maryland.gov' ([Errno 8] nodename nor servname provided, or not known)"))
2026-02-25 12:52:37,396 WARNING Rate limit warning: 234 requests in the last 60s (threshold: 80)
2026-02-25 12:52:37,396 INFO [depth=5] Crawling: http://elections.maryland.gov/press_room/2010_stats/baltimorecounty.pdf
2026-02-25 12:52:37,397 WARNING HEAD request failed for http://elections.maryland.gov/press_room/2010_stats/baltimorecounty.pdf: HTTPConnectionPool(host='elections.maryland.gov', port=80): Max retries exceeded with url: /press_room/2010_stats/baltimorecounty.pdf (Caused by NameResolutionError("HTTPConnection(host='elections.maryland.gov', port=80): Failed to resolve 'elections.maryland.gov' ([Errno 8] nodename nor servname provided, or not known)"))
2026-02-25 12:52:37,397 WARNING Rate limit warning: 235 requests in the last 60s (threshold: 80)
2026-02-25 12:52:37,397 INFO [depth=5] Crawling: http://elections.maryland.gov/press_room/2010_stats/calvert.pdf
2026-02-25 12:52:37,399 WARNING HEAD request failed for http://elections.maryland.gov/press_room/2010_stats/calvert.pdf: HTTPConnectionPool(host='elections.maryland.gov', port=80): Max retries exceeded with url: /press_room/2010_stats/calvert.pdf (Caused by NameResolutionError("HTTPConnection(host='elections.maryland.gov', port=80): Failed to resolve 'elections.maryland.gov' ([Errno 8] nodename nor servname provided, or not known)"))
2026-02-25 12:52:37,399 WARNING Rate limit warning: 236 requests in the last 60s (threshold: 80)
2026-02-25 12:52:37,399 INFO [depth=5] Crawling: http://elections.maryland.gov/press_room/2010_stats/caroline.pdf
2026-02-25 12:52:37,400 WARNING HEAD request failed for http://elections.maryland.gov/press_room/2010_stats/caroline.pdf: HTTPConnectionPool(host='elections.maryland.gov', port=80): Max retries exceeded with url: /press_room/2010_stats/caroline.pdf (Caused by NameResolutionError("HTTPConnection(host='elections.maryland.gov', port=80): Failed to resolve 'elections.maryland.gov' ([Errno 8] nodename nor servname provided, or not known)"))
2026-02-25 12:52:37,400 WARNING Rate limit warning: 237 requests in the last 60s (threshold: 80)
2026-02-25 12:52:37,400 INFO [depth=5] Crawling: http://elections.maryland.gov/press_room/2010_stats/carroll.pdf
2026-02-25 12:52:37,400 WARNING HEAD request failed for http://elections.maryland.gov/press_room/2010_stats/carroll.pdf: HTTPConnectionPool(host='elections.maryland.gov', port=80): Max retries exceeded with url: /press_room/2010_stats/carroll.pdf (Caused by NameResolutionError("HTTPConnection(host='elections.maryland.gov', port=80): Failed to resolve 'elections.maryland.gov' ([Errno 8] nodename nor servname provided, or not known)"))
2026-02-25 12:52:37,401 WARNING Rate limit warning: 238 requests in the last 60s (threshold: 80)
2026-02-25 12:52:37,401 INFO [depth=5] Crawling: http://elections.maryland.gov/press_room/2010_stats/cecil.pdf
2026-02-25 12:52:37,401 WARNING HEAD request failed for http://elections.maryland.gov/press_room/2010_stats/cecil.pdf: HTTPConnectionPool(host='elections.maryland.gov', port=80): Max retries exceeded with url: /press_room/2010_stats/cecil.pdf (Caused by NameResolutionError("HTTPConnection(host='elections.maryland.gov', port=80): Failed to resolve 'elections.maryland.gov' ([Errno 8] nodename nor servname provided, or not known)"))
2026-02-25 12:52:37,401 WARNING Rate limit warning: 239 requests in the last 60s (threshold: 80)
2026-02-25 12:52:37,401 INFO [depth=5] Crawling: http://elections.maryland.gov/press_room/2010_stats/charles.pdf
2026-02-25 12:52:37,402 WARNING HEAD request failed for http://elections.maryland.gov/press_room/2010_stats/charles.pdf: HTTPConnectionPool(host='elections.maryland.gov', port=80): Max retries exceeded with url: /press_room/2010_stats/charles.pdf (Caused by NameResolutionError("HTTPConnection(host='elections.maryland.gov', port=80): Failed to resolve 'elections.maryland.gov' ([Errno 8] nodename nor servname provided, or not known)"))
2026-02-25 12:52:37,402 WARNING Rate limit warning: 240 requests in the last 60s (threshold: 80)
2026-02-25 12:52:37,402 INFO [depth=5] Crawling: http://elections.maryland.gov/press_room/2010_stats/dorchester.pdf
2026-02-25 12:52:37,403 WARNING HEAD request failed for http://elections.maryland.gov/press_room/2010_stats/dorchester.pdf: HTTPConnectionPool(host='elections.maryland.gov', port=80): Max retries exceeded with url: /press_room/2010_stats/dorchester.pdf (Caused by NameResolutionError("HTTPConnection(host='elections.maryland.gov', port=80): Failed to resolve 'elections.maryland.gov' ([Errno 8] nodename nor servname provided, or not known)"))
2026-02-25 12:52:37,403 WARNING Rate limit warning: 241 requests in the last 60s (threshold: 80)
2026-02-25 12:52:37,403 INFO [depth=5] Crawling: http://elections.maryland.gov/press_room/2010_stats/frederick.pdf
2026-02-25 12:52:37,404 WARNING HEAD request failed for http://elections.maryland.gov/press_room/2010_stats/frederick.pdf: HTTPConnectionPool(host='elections.maryland.gov', port=80): Max retries exceeded with url: /press_room/2010_stats/frederick.pdf (Caused by NameResolutionError("HTTPConnection(host='elections.maryland.gov', port=80): Failed to resolve 'elections.maryland.gov' ([Errno 8] nodename nor servname provided, or not known)"))
2026-02-25 12:52:37,404 WARNING Rate limit warning: 242 requests in the last 60s (threshold: 80)
2026-02-25 12:52:37,404 INFO [depth=5] Crawling: http://elections.maryland.gov/press_room/2010_stats/garrett.pdf
2026-02-25 12:52:37,405 WARNING HEAD request failed for http://elections.maryland.gov/press_room/2010_stats/garrett.pdf: HTTPConnectionPool(host='elections.maryland.gov', port=80): Max retries exceeded with url: /press_room/2010_stats/garrett.pdf (Caused by NameResolutionError("HTTPConnection(host='elections.maryland.gov', port=80): Failed to resolve 'elections.maryland.gov' ([Errno 8] nodename nor servname provided, or not known)"))
2026-02-25 12:52:37,405 WARNING Rate limit warning: 243 requests in the last 60s (threshold: 80)
2026-02-25 12:52:37,405 INFO [depth=5] Crawling: http://elections.maryland.gov/press_room/2010_stats/harford.pdf
2026-02-25 12:52:37,406 WARNING HEAD request failed for http://elections.maryland.gov/press_room/2010_stats/harford.pdf: HTTPConnectionPool(host='elections.maryland.gov', port=80): Max retries exceeded with url: /press_room/2010_stats/harford.pdf (Caused by NameResolutionError("HTTPConnection(host='elections.maryland.gov', port=80): Failed to resolve 'elections.maryland.gov' ([Errno 8] nodename nor servname provided, or not known)"))
2026-02-25 12:52:37,406 WARNING Rate limit warning: 244 requests in the last 60s (threshold: 80)
2026-02-25 12:52:37,407 INFO [depth=5] Crawling: http://elections.maryland.gov/press_room/2010_stats/howard.pdf
2026-02-25 12:52:37,408 WARNING HEAD request failed for http://elections.maryland.gov/press_room/2010_stats/howard.pdf: HTTPConnectionPool(host='elections.maryland.gov', port=80): Max retries exceeded with url: /press_room/2010_stats/howard.pdf (Caused by NameResolutionError("HTTPConnection(host='elections.maryland.gov', port=80): Failed to resolve 'elections.maryland.gov' ([Errno 8] nodename nor servname provided, or not known)"))
2026-02-25 12:52:37,408 WARNING Rate limit warning: 245 requests in the last 60s (threshold: 80)
2026-02-25 12:52:37,408 INFO [depth=5] Crawling: http://elections.maryland.gov/press_room/2010_stats/kent.pdf
2026-02-25 12:52:37,410 WARNING HEAD request failed for http://elections.maryland.gov/press_room/2010_stats/kent.pdf: HTTPConnectionPool(host='elections.maryland.gov', port=80): Max retries exceeded with url: /press_room/2010_stats/kent.pdf (Caused by NameResolutionError("HTTPConnection(host='elections.maryland.gov', port=80): Failed to resolve 'elections.maryland.gov' ([Errno 8] nodename nor servname provided, or not known)"))
2026-02-25 12:52:37,410 WARNING Rate limit warning: 246 requests in the last 60s (threshold: 80)
2026-02-25 12:52:37,410 INFO [depth=5] Crawling: http://elections.maryland.gov/press_room/2010_stats/montgomery.pdf
2026-02-25 12:52:37,411 WARNING HEAD request failed for http://elections.maryland.gov/press_room/2010_stats/montgomery.pdf: HTTPConnectionPool(host='elections.maryland.gov', port=80): Max retries exceeded with url: /press_room/2010_stats/montgomery.pdf (Caused by NameResolutionError("HTTPConnection(host='elections.maryland.gov', port=80): Failed to resolve 'elections.maryland.gov' ([Errno 8] nodename nor servname provided, or not known)"))
2026-02-25 12:52:37,411 WARNING Rate limit warning: 247 requests in the last 60s (threshold: 80)
2026-02-25 12:52:37,411 INFO [depth=5] Crawling: http://elections.maryland.gov/press_room/2010_stats/prince georges.pdf
2026-02-25 12:52:37,412 WARNING HEAD request failed for http://elections.maryland.gov/press_room/2010_stats/prince georges.pdf: HTTPConnectionPool(host='elections.maryland.gov', port=80): Max retries exceeded with url: /press_room/2010_stats/prince%20georges.pdf (Caused by NameResolutionError("HTTPConnection(host='elections.maryland.gov', port=80): Failed to resolve 'elections.maryland.gov' ([Errno 8] nodename nor servname provided, or not known)"))
2026-02-25 12:52:37,412 WARNING Rate limit warning: 248 requests in the last 60s (threshold: 80)
2026-02-25 12:52:37,412 INFO [depth=5] Crawling: http://elections.maryland.gov/press_room/2010_stats/queen annes.pdf
2026-02-25 12:52:37,413 WARNING HEAD request failed for http://elections.maryland.gov/press_room/2010_stats/queen annes.pdf: HTTPConnectionPool(host='elections.maryland.gov', port=80): Max retries exceeded with url: /press_room/2010_stats/queen%20annes.pdf (Caused by NameResolutionError("HTTPConnection(host='elections.maryland.gov', port=80): Failed to resolve 'elections.maryland.gov' ([Errno 8] nodename nor servname provided, or not known)"))
2026-02-25 12:52:37,413 WARNING Rate limit warning: 249 requests in the last 60s (threshold: 80)
2026-02-25 12:52:37,414 INFO [depth=5] Crawling: http://elections.maryland.gov/press_room/2010_stats/saint marys.pdf
2026-02-25 12:52:37,414 WARNING HEAD request failed for http://elections.maryland.gov/press_room/2010_stats/saint marys.pdf: HTTPConnectionPool(host='elections.maryland.gov', port=80): Max retries exceeded with url: /press_room/2010_stats/saint%20marys.pdf (Caused by NameResolutionError("HTTPConnection(host='elections.maryland.gov', port=80): Failed to resolve 'elections.maryland.gov' ([Errno 8] nodename nor servname provided, or not known)"))
2026-02-25 12:52:37,414 WARNING Rate limit warning: 250 requests in the last 60s (threshold: 80)
2026-02-25 12:52:37,414 INFO [depth=5] Crawling: http://elections.maryland.gov/press_room/2010_stats/somerset.pdf
2026-02-25 12:52:37,417 WARNING HEAD request failed for http://elections.maryland.gov/press_room/2010_stats/somerset.pdf: HTTPConnectionPool(host='elections.maryland.gov', port=80): Max retries exceeded with url: /press_room/2010_stats/somerset.pdf (Caused by NameResolutionError("HTTPConnection(host='elections.maryland.gov', port=80): Failed to resolve 'elections.maryland.gov' ([Errno 8] nodename nor servname provided, or not known)"))
2026-02-25 12:52:37,417 WARNING Rate limit warning: 251 requests in the last 60s (threshold: 80)
2026-02-25 12:52:37,417 INFO [depth=5] Crawling: http://elections.maryland.gov/press_room/2010_stats/talbot.pdf
2026-02-25 12:52:37,418 WARNING HEAD request failed for http://elections.maryland.gov/press_room/2010_stats/talbot.pdf: HTTPConnectionPool(host='elections.maryland.gov', port=80): Max retries exceeded with url: /press_room/2010_stats/talbot.pdf (Caused by NameResolutionError("HTTPConnection(host='elections.maryland.gov', port=80): Failed to resolve 'elections.maryland.gov' ([Errno 8] nodename nor servname provided, or not known)"))
2026-02-25 12:52:37,418 WARNING Rate limit warning: 252 requests in the last 60s (threshold: 80)
2026-02-25 12:52:37,418 INFO [depth=5] Crawling: http://elections.maryland.gov/press_room/2010_stats/washington.pdf
2026-02-25 12:52:37,419 WARNING HEAD request failed for http://elections.maryland.gov/press_room/2010_stats/washington.pdf: HTTPConnectionPool(host='elections.maryland.gov', port=80): Max retries exceeded with url: /press_room/2010_stats/washington.pdf (Caused by NameResolutionError("HTTPConnection(host='elections.maryland.gov', port=80): Failed to resolve 'elections.maryland.gov' ([Errno 8] nodename nor servname provided, or not known)"))
2026-02-25 12:52:37,419 WARNING Rate limit warning: 253 requests in the last 60s (threshold: 80)
2026-02-25 12:52:37,419 INFO [depth=5] Crawling: http://elections.maryland.gov/press_room/2010_stats/wicomico.pdf
2026-02-25 12:52:37,420 WARNING HEAD request failed for http://elections.maryland.gov/press_room/2010_stats/wicomico.pdf: HTTPConnectionPool(host='elections.maryland.gov', port=80): Max retries exceeded with url: /press_room/2010_stats/wicomico.pdf (Caused by NameResolutionError("HTTPConnection(host='elections.maryland.gov', port=80): Failed to resolve 'elections.maryland.gov' ([Errno 8] nodename nor servname provided, or not known)"))
2026-02-25 12:52:37,420 WARNING Rate limit warning: 254 requests in the last 60s (threshold: 80)
2026-02-25 12:52:37,420 INFO [depth=5] Crawling: http://elections.maryland.gov/press_room/2010_stats/worcester.pdf
2026-02-25 12:52:37,421 WARNING HEAD request failed for http://elections.maryland.gov/press_room/2010_stats/worcester.pdf: HTTPConnectionPool(host='elections.maryland.gov', port=80): Max retries exceeded with url: /press_room/2010_stats/worcester.pdf (Caused by NameResolutionError("HTTPConnection(host='elections.maryland.gov', port=80): Failed to resolve 'elections.maryland.gov' ([Errno 8] nodename nor servname provided, or not known)"))
2026-02-25 12:52:37,421 WARNING Rate limit warning: 255 requests in the last 60s (threshold: 80)
2026-02-25 12:52:37,421 INFO [depth=5] Crawling: http://elections.maryland.gov/pdf/vrar/2008_general_stats.pdf
2026-02-25 12:52:37,422 WARNING HEAD request failed for http://elections.maryland.gov/pdf/vrar/2008_general_stats.pdf: HTTPConnectionPool(host='elections.maryland.gov', port=80): Max retries exceeded with url: /pdf/vrar/2008_general_stats.pdf (Caused by NameResolutionError("HTTPConnection(host='elections.maryland.gov', port=80): Failed to resolve 'elections.maryland.gov' ([Errno 8] nodename nor servname provided, or not known)"))
2026-02-25 12:52:37,422 WARNING Rate limit warning: 256 requests in the last 60s (threshold: 80)
2026-02-25 12:52:37,422 INFO [depth=5] Crawling: http://elections.maryland.gov/pdf/vrar/2008_primary_stats.pdf
2026-02-25 12:52:37,423 WARNING HEAD request failed for http://elections.maryland.gov/pdf/vrar/2008_primary_stats.pdf: HTTPConnectionPool(host='elections.maryland.gov', port=80): Max retries exceeded with url: /pdf/vrar/2008_primary_stats.pdf (Caused by NameResolutionError("HTTPConnection(host='elections.maryland.gov', port=80): Failed to resolve 'elections.maryland.gov' ([Errno 8] nodename nor servname provided, or not known)"))
2026-02-25 12:52:37,423 WARNING Rate limit warning: 257 requests in the last 60s (threshold: 80)
2026-02-25 12:52:37,423 INFO [depth=5] Crawling: http://elections.maryland.gov/pdf/vrar/2006_general_stats.pdf
2026-02-25 12:52:37,424 WARNING HEAD request failed for http://elections.maryland.gov/pdf/vrar/2006_general_stats.pdf: HTTPConnectionPool(host='elections.maryland.gov', port=80): Max retries exceeded with url: /pdf/vrar/2006_general_stats.pdf (Caused by NameResolutionError("HTTPConnection(host='elections.maryland.gov', port=80): Failed to resolve 'elections.maryland.gov' ([Errno 8] nodename nor servname provided, or not known)"))
2026-02-25 12:52:37,424 WARNING Rate limit warning: 258 requests in the last 60s (threshold: 80)
2026-02-25 12:52:37,425 INFO [depth=5] Crawling: http://elections.maryland.gov/pdf/vrar/2006_primary_stats.pdf
2026-02-25 12:52:37,425 WARNING HEAD request failed for http://elections.maryland.gov/pdf/vrar/2006_primary_stats.pdf: HTTPConnectionPool(host='elections.maryland.gov', port=80): Max retries exceeded with url: /pdf/vrar/2006_primary_stats.pdf (Caused by NameResolutionError("HTTPConnection(host='elections.maryland.gov', port=80): Failed to resolve 'elections.maryland.gov' ([Errno 8] nodename nor servname provided, or not known)"))
2026-02-25 12:52:37,425 WARNING Rate limit warning: 259 requests in the last 60s (threshold: 80)
2026-02-25 12:52:37,426 INFO [depth=5] Crawling: http://elections.maryland.gov/pdf/vrar/0004_10_i.pdf
2026-02-25 12:52:37,426 WARNING HEAD request failed for http://elections.maryland.gov/pdf/vrar/0004_10_i.pdf: HTTPConnectionPool(host='elections.maryland.gov', port=80): Max retries exceeded with url: /pdf/vrar/0004_10_i.pdf (Caused by NameResolutionError("HTTPConnection(host='elections.maryland.gov', port=80): Failed to resolve 'elections.maryland.gov' ([Errno 8] nodename nor servname provided, or not known)"))
2026-02-25 12:52:37,426 WARNING Rate limit warning: 260 requests in the last 60s (threshold: 80)
2026-02-25 12:52:37,427 INFO [depth=5] Crawling: http://elections.maryland.gov/pdf/vrar/0004_0210.pdf
2026-02-25 12:52:37,428 WARNING HEAD request failed for http://elections.maryland.gov/pdf/vrar/0004_0210.pdf: HTTPConnectionPool(host='elections.maryland.gov', port=80): Max retries exceeded with url: /pdf/vrar/0004_0210.pdf (Caused by NameResolutionError("HTTPConnection(host='elections.maryland.gov', port=80): Failed to resolve 'elections.maryland.gov' ([Errno 8] nodename nor servname provided, or not known)"))
2026-02-25 12:52:37,428 WARNING Rate limit warning: 261 requests in the last 60s (threshold: 80)
2026-02-25 12:52:37,428 INFO [depth=5] Crawling: http://elections.maryland.gov/pdf/vrar/0002_1015.pdf
2026-02-25 12:52:37,429 WARNING HEAD request failed for http://elections.maryland.gov/pdf/vrar/0002_1015.pdf: HTTPConnectionPool(host='elections.maryland.gov', port=80): Max retries exceeded with url: /pdf/vrar/0002_1015.pdf (Caused by NameResolutionError("HTTPConnection(host='elections.maryland.gov', port=80): Failed to resolve 'elections.maryland.gov' ([Errno 8] nodename nor servname provided, or not known)"))
2026-02-25 12:52:37,429 WARNING Rate limit warning: 262 requests in the last 60s (threshold: 80)
2026-02-25 12:52:37,429 INFO [depth=5] Crawling: http://elections.maryland.gov/pdf/vrar/0002_0820.pdf
2026-02-25 12:52:37,430 WARNING HEAD request failed for http://elections.maryland.gov/pdf/vrar/0002_0820.pdf: HTTPConnectionPool(host='elections.maryland.gov', port=80): Max retries exceeded with url: /pdf/vrar/0002_0820.pdf (Caused by NameResolutionError("HTTPConnection(host='elections.maryland.gov', port=80): Failed to resolve 'elections.maryland.gov' ([Errno 8] nodename nor servname provided, or not known)"))
2026-02-25 12:52:37,430 WARNING Rate limit warning: 263 requests in the last 60s (threshold: 80)
2026-02-25 12:52:37,431 INFO [depth=5] Crawling: http://elections.maryland.gov/pdf/vrar/0000_1013.pdf
2026-02-25 12:52:37,432 WARNING HEAD request failed for http://elections.maryland.gov/pdf/vrar/0000_1013.pdf: HTTPConnectionPool(host='elections.maryland.gov', port=80): Max retries exceeded with url: /pdf/vrar/0000_1013.pdf (Caused by NameResolutionError("HTTPConnection(host='elections.maryland.gov', port=80): Failed to resolve 'elections.maryland.gov' ([Errno 8] nodename nor servname provided, or not known)"))
2026-02-25 12:52:37,432 WARNING Rate limit warning: 264 requests in the last 60s (threshold: 80)
2026-02-25 12:52:37,432 INFO [depth=5] Crawling: http://elections.maryland.gov/forms/documents/new_party_petition_form_FINAL.pdf
2026-02-25 12:52:37,433 WARNING HEAD request failed for http://elections.maryland.gov/forms/documents/new_party_petition_form_FINAL.pdf: HTTPConnectionPool(host='elections.maryland.gov', port=80): Max retries exceeded with url: /forms/documents/new_party_petition_form_FINAL.pdf (Caused by NameResolutionError("HTTPConnection(host='elections.maryland.gov', port=80): Failed to resolve 'elections.maryland.gov' ([Errno 8] nodename nor servname provided, or not known)"))
2026-02-25 12:52:37,433 WARNING Rate limit warning: 265 requests in the last 60s (threshold: 80)
2026-02-25 12:52:37,433 INFO [depth=5] Crawling: http://elections.maryland.gov/pdf/6-201-1B.pdf
2026-02-25 12:52:37,435 WARNING HEAD request failed for http://elections.maryland.gov/pdf/6-201-1B.pdf: HTTPConnectionPool(host='elections.maryland.gov', port=80): Max retries exceeded with url: /pdf/6-201-1B.pdf (Caused by NameResolutionError("HTTPConnection(host='elections.maryland.gov', port=80): Failed to resolve 'elections.maryland.gov' ([Errno 8] nodename nor servname provided, or not known)"))
2026-02-25 12:52:37,435 WARNING Rate limit warning: 266 requests in the last 60s (threshold: 80)
2026-02-25 12:52:37,435 INFO [depth=5] Crawling: http://elections.maryland.gov/pdf/6-201-3A.pdf
2026-02-25 12:52:37,437 WARNING HEAD request failed for http://elections.maryland.gov/pdf/6-201-3A.pdf: HTTPConnectionPool(host='elections.maryland.gov', port=80): Max retries exceeded with url: /pdf/6-201-3A.pdf (Caused by NameResolutionError("HTTPConnection(host='elections.maryland.gov', port=80): Failed to resolve 'elections.maryland.gov' ([Errno 8] nodename nor servname provided, or not known)"))
2026-02-25 12:52:37,437 WARNING Rate limit warning: 267 requests in the last 60s (threshold: 80)
2026-02-25 12:52:37,437 INFO [depth=5] Crawling: http://elections.maryland.gov/forms/documents/referendum_petition_form FINAL.pdf
2026-02-25 12:52:37,438 WARNING HEAD request failed for http://elections.maryland.gov/forms/documents/referendum_petition_form FINAL.pdf: HTTPConnectionPool(host='elections.maryland.gov', port=80): Max retries exceeded with url: /forms/documents/referendum_petition_form%20FINAL.pdf (Caused by NameResolutionError("HTTPConnection(host='elections.maryland.gov', port=80): Failed to resolve 'elections.maryland.gov' ([Errno 8] nodename nor servname provided, or not known)"))
2026-02-25 12:52:37,438 WARNING Rate limit warning: 268 requests in the last 60s (threshold: 80)
2026-02-25 12:52:37,438 INFO [depth=5] Crawling: http://elections.maryland.gov/forms/documents/public_local_law_referendum_form_FINAL.pdf
2026-02-25 12:52:37,439 WARNING HEAD request failed for http://elections.maryland.gov/forms/documents/public_local_law_referendum_form_FINAL.pdf: HTTPConnectionPool(host='elections.maryland.gov', port=80): Max retries exceeded with url: /forms/documents/public_local_law_referendum_form_FINAL.pdf (Caused by NameResolutionError("HTTPConnection(host='elections.maryland.gov', port=80): Failed to resolve 'elections.maryland.gov' ([Errno 8] nodename nor servname provided, or not known)"))
2026-02-25 12:52:37,439 WARNING Rate limit warning: 269 requests in the last 60s (threshold: 80)
2026-02-25 12:52:37,439 INFO [depth=5] Crawling: http://elections.maryland.gov/pdf/6-201-3B.pdf
2026-02-25 12:52:37,445 WARNING HEAD request failed for http://elections.maryland.gov/pdf/6-201-3B.pdf: HTTPConnectionPool(host='elections.maryland.gov', port=80): Max retries exceeded with url: /pdf/6-201-3B.pdf (Caused by NameResolutionError("HTTPConnection(host='elections.maryland.gov', port=80): Failed to resolve 'elections.maryland.gov' ([Errno 8] nodename nor servname provided, or not known)"))
2026-02-25 12:52:37,445 WARNING Rate limit warning: 270 requests in the last 60s (threshold: 80)
2026-02-25 12:52:37,445 INFO [depth=5] Crawling: http://elections.maryland.gov/pdf/6-201-7B.pdf
2026-02-25 12:52:37,446 WARNING HEAD request failed for http://elections.maryland.gov/pdf/6-201-7B.pdf: HTTPConnectionPool(host='elections.maryland.gov', port=80): Max retries exceeded with url: /pdf/6-201-7B.pdf (Caused by NameResolutionError("HTTPConnection(host='elections.maryland.gov', port=80): Failed to resolve 'elections.maryland.gov' ([Errno 8] nodename nor servname provided, or not known)"))
2026-02-25 12:52:37,446 WARNING Rate limit warning: 271 requests in the last 60s (threshold: 80)
2026-02-25 12:52:37,446 INFO [depth=5] Crawling: http://elections.maryland.gov/forms/documents/charter_amendment_petition_form_FINAL.pdf
2026-02-25 12:52:37,447 WARNING HEAD request failed for http://elections.maryland.gov/forms/documents/charter_amendment_petition_form_FINAL.pdf: HTTPConnectionPool(host='elections.maryland.gov', port=80): Max retries exceeded with url: /forms/documents/charter_amendment_petition_form_FINAL.pdf (Caused by NameResolutionError("HTTPConnection(host='elections.maryland.gov', port=80): Failed to resolve 'elections.maryland.gov' ([Errno 8] nodename nor servname provided, or not known)"))
2026-02-25 12:52:37,447 WARNING Rate limit warning: 272 requests in the last 60s (threshold: 80)
2026-02-25 12:52:37,448 INFO [depth=5] Crawling: http://elections.maryland.gov/forms/documents/charter_board_petition_county_board_form_FINAL.pdf
2026-02-25 12:52:37,449 WARNING HEAD request failed for http://elections.maryland.gov/forms/documents/charter_board_petition_county_board_form_FINAL.pdf: HTTPConnectionPool(host='elections.maryland.gov', port=80): Max retries exceeded with url: /forms/documents/charter_board_petition_county_board_form_FINAL.pdf (Caused by NameResolutionError("HTTPConnection(host='elections.maryland.gov', port=80): Failed to resolve 'elections.maryland.gov' ([Errno 8] nodename nor servname provided, or not known)"))
2026-02-25 12:52:37,449 WARNING Rate limit warning: 273 requests in the last 60s (threshold: 80)
2026-02-25 12:52:37,449 INFO [depth=5] Crawling: http://elections.maryland.gov/forms/documents/charter_board_petition_commissioners_form_FINAL.pdf
2026-02-25 12:52:37,450 WARNING HEAD request failed for http://elections.maryland.gov/forms/documents/charter_board_petition_commissioners_form_FINAL.pdf: HTTPConnectionPool(host='elections.maryland.gov', port=80): Max retries exceeded with url: /forms/documents/charter_board_petition_commissioners_form_FINAL.pdf (Caused by NameResolutionError("HTTPConnection(host='elections.maryland.gov', port=80): Failed to resolve 'elections.maryland.gov' ([Errno 8] nodename nor servname provided, or not known)"))
2026-02-25 12:52:37,450 WARNING Rate limit warning: 274 requests in the last 60s (threshold: 80)
2026-02-25 12:52:37,450 INFO [depth=5] Crawling: http://elections.maryland.gov/forms/documents/charter_board_nomination_petition_form_FINAL.pdf
2026-02-25 12:52:37,461 WARNING HEAD request failed for http://elections.maryland.gov/forms/documents/charter_board_nomination_petition_form_FINAL.pdf: HTTPConnectionPool(host='elections.maryland.gov', port=80): Max retries exceeded with url: /forms/documents/charter_board_nomination_petition_form_FINAL.pdf (Caused by NameResolutionError("HTTPConnection(host='elections.maryland.gov', port=80): Failed to resolve 'elections.maryland.gov' ([Errno 8] nodename nor servname provided, or not known)"))
2026-02-25 12:52:37,461 WARNING Rate limit warning: 275 requests in the last 60s (threshold: 80)
2026-02-25 12:52:37,461 INFO [depth=5] Crawling: http://elections.maryland.gov/pdf/6-201-5B.pdf
2026-02-25 12:52:37,463 WARNING HEAD request failed for http://elections.maryland.gov/pdf/6-201-5B.pdf: HTTPConnectionPool(host='elections.maryland.gov', port=80): Max retries exceeded with url: /pdf/6-201-5B.pdf (Caused by NameResolutionError("HTTPConnection(host='elections.maryland.gov', port=80): Failed to resolve 'elections.maryland.gov' ([Errno 8] nodename nor servname provided, or not known)"))
2026-02-25 12:52:37,463 WARNING Rate limit warning: 276 requests in the last 60s (threshold: 80)
2026-02-25 12:52:37,463 INFO [depth=5] Crawling: http://elections.maryland.gov/pdf/6-201-6B.pdf
2026-02-25 12:52:37,464 WARNING HEAD request failed for http://elections.maryland.gov/pdf/6-201-6B.pdf: HTTPConnectionPool(host='elections.maryland.gov', port=80): Max retries exceeded with url: /pdf/6-201-6B.pdf (Caused by NameResolutionError("HTTPConnection(host='elections.maryland.gov', port=80): Failed to resolve 'elections.maryland.gov' ([Errno 8] nodename nor servname provided, or not known)"))
2026-02-25 12:52:37,464 WARNING Rate limit warning: 277 requests in the last 60s (threshold: 80)
2026-02-25 12:52:37,464 INFO [depth=5] Crawling: http://elections.maryland.gov/forms/documents/local_referendum_form_FINAL.pdf
2026-02-25 12:52:37,466 WARNING HEAD request failed for http://elections.maryland.gov/forms/documents/local_referendum_form_FINAL.pdf: HTTPConnectionPool(host='elections.maryland.gov', port=80): Max retries exceeded with url: /forms/documents/local_referendum_form_FINAL.pdf (Caused by NameResolutionError("HTTPConnection(host='elections.maryland.gov', port=80): Failed to resolve 'elections.maryland.gov' ([Errno 8] nodename nor servname provided, or not known)"))
2026-02-25 12:52:37,466 WARNING Rate limit warning: 278 requests in the last 60s (threshold: 80)
2026-02-25 12:52:37,467 INFO [depth=5] Crawling: http://elections.maryland.gov/pdf/6-201-8B.pdf
2026-02-25 12:52:37,468 WARNING HEAD request failed for http://elections.maryland.gov/pdf/6-201-8B.pdf: HTTPConnectionPool(host='elections.maryland.gov', port=80): Max retries exceeded with url: /pdf/6-201-8B.pdf (Caused by NameResolutionError("HTTPConnection(host='elections.maryland.gov', port=80): Failed to resolve 'elections.maryland.gov' ([Errno 8] nodename nor servname provided, or not known)"))
2026-02-25 12:52:37,468 WARNING Rate limit warning: 279 requests in the last 60s (threshold: 80)
2026-02-25 12:52:37,468 INFO [depth=5] Crawling: http://elections.maryland.gov/forms/documents/candidate_petition_form_FINAL.pdf
2026-02-25 12:52:37,469 WARNING HEAD request failed for http://elections.maryland.gov/forms/documents/candidate_petition_form_FINAL.pdf: HTTPConnectionPool(host='elections.maryland.gov', port=80): Max retries exceeded with url: /forms/documents/candidate_petition_form_FINAL.pdf (Caused by NameResolutionError("HTTPConnection(host='elections.maryland.gov', port=80): Failed to resolve 'elections.maryland.gov' ([Errno 8] nodename nor servname provided, or not known)"))
2026-02-25 12:52:37,469 WARNING Rate limit warning: 280 requests in the last 60s (threshold: 80)
2026-02-25 12:52:37,469 INFO [depth=5] Crawling: http://elections.maryland.gov/pdf/6-201-4B.pdf
2026-02-25 12:52:37,470 WARNING HEAD request failed for http://elections.maryland.gov/pdf/6-201-4B.pdf: HTTPConnectionPool(host='elections.maryland.gov', port=80): Max retries exceeded with url: /pdf/6-201-4B.pdf (Caused by NameResolutionError("HTTPConnection(host='elections.maryland.gov', port=80): Failed to resolve 'elections.maryland.gov' ([Errno 8] nodename nor servname provided, or not known)"))
2026-02-25 12:52:37,470 WARNING Rate limit warning: 281 requests in the last 60s (threshold: 80)
2026-02-25 12:52:37,470 INFO [depth=5] Crawling: http://elections.maryland.gov/forms/documents/primary_candidate_nomination_petition__for_president_form_FINAL.pdf
2026-02-25 12:52:37,472 WARNING HEAD request failed for http://elections.maryland.gov/forms/documents/primary_candidate_nomination_petition__for_president_form_FINAL.pdf: HTTPConnectionPool(host='elections.maryland.gov', port=80): Max retries exceeded with url: /forms/documents/primary_candidate_nomination_petition__for_president_form_FINAL.pdf (Caused by NameResolutionError("HTTPConnection(host='elections.maryland.gov', port=80): Failed to resolve 'elections.maryland.gov' ([Errno 8] nodename nor servname provided, or not known)"))
2026-02-25 12:52:37,472 WARNING Rate limit warning: 282 requests in the last 60s (threshold: 80)
2026-02-25 12:52:37,472 INFO [depth=5] Crawling: http://elections.maryland.gov/forms/documents/Cert of Cand for US Pres Primary Nomination.pdf
2026-02-25 12:52:37,473 WARNING HEAD request failed for http://elections.maryland.gov/forms/documents/Cert of Cand for US Pres Primary Nomination.pdf: HTTPConnectionPool(host='elections.maryland.gov', port=80): Max retries exceeded with url: /forms/documents/Cert%20of%20Cand%20for%20US%20Pres%20Primary%20Nomination.pdf (Caused by NameResolutionError("HTTPConnection(host='elections.maryland.gov', port=80): Failed to resolve 'elections.maryland.gov' ([Errno 8] nodename nor servname provided, or not known)"))
2026-02-25 12:52:37,473 WARNING Rate limit warning: 283 requests in the last 60s (threshold: 80)
2026-02-25 12:52:37,473 INFO [depth=5] Crawling: http://elections.maryland.gov/forms/documents/Certificate of Candidacy Write-In Candidate for President and VP.pdf
2026-02-25 12:52:37,474 WARNING HEAD request failed for http://elections.maryland.gov/forms/documents/Certificate of Candidacy Write-In Candidate for President and VP.pdf: HTTPConnectionPool(host='elections.maryland.gov', port=80): Max retries exceeded with url: /forms/documents/Certificate%20of%20Candidacy%20Write-In%20Candidate%20for%20President%20and%20VP.pdf (Caused by NameResolutionError("HTTPConnection(host='elections.maryland.gov', port=80): Failed to resolve 'elections.maryland.gov' ([Errno 8] nodename nor servname provided, or not known)"))
2026-02-25 12:52:37,474 WARNING Rate limit warning: 284 requests in the last 60s (threshold: 80)
2026-02-25 12:52:37,474 INFO [depth=5] Crawling: http://elections.maryland.gov/forms/documents/candidateinfosheet.pdf
2026-02-25 12:52:37,476 WARNING HEAD request failed for http://elections.maryland.gov/forms/documents/candidateinfosheet.pdf: HTTPConnectionPool(host='elections.maryland.gov', port=80): Max retries exceeded with url: /forms/documents/candidateinfosheet.pdf (Caused by NameResolutionError("HTTPConnection(host='elections.maryland.gov', port=80): Failed to resolve 'elections.maryland.gov' ([Errno 8] nodename nor servname provided, or not known)"))
2026-02-25 12:52:37,476 WARNING Rate limit warning: 285 requests in the last 60s (threshold: 80)
2026-02-25 12:52:37,476 INFO [depth=5] Crawling: http://elections.maryland.gov/pdf/Cert_Cand_WRITEIN.pdf
2026-02-25 12:52:37,477 WARNING HEAD request failed for http://elections.maryland.gov/pdf/Cert_Cand_WRITEIN.pdf: HTTPConnectionPool(host='elections.maryland.gov', port=80): Max retries exceeded with url: /pdf/Cert_Cand_WRITEIN.pdf (Caused by NameResolutionError("HTTPConnection(host='elections.maryland.gov', port=80): Failed to resolve 'elections.maryland.gov' ([Errno 8] nodename nor servname provided, or not known)"))
2026-02-25 12:52:37,477 WARNING Rate limit warning: 286 requests in the last 60s (threshold: 80)
2026-02-25 12:52:37,477 INFO [depth=5] Crawling: http://elections.maryland.gov/candidacy/documents/Certificate_of_Withdrawal_Declination.pdf
2026-02-25 12:52:37,478 WARNING HEAD request failed for http://elections.maryland.gov/candidacy/documents/Certificate_of_Withdrawal_Declination.pdf: HTTPConnectionPool(host='elections.maryland.gov', port=80): Max retries exceeded with url: /candidacy/documents/Certificate_of_Withdrawal_Declination.pdf (Caused by NameResolutionError("HTTPConnection(host='elections.maryland.gov', port=80): Failed to resolve 'elections.maryland.gov' ([Errno 8] nodename nor servname provided, or not known)"))
2026-02-25 12:52:37,478 WARNING Rate limit warning: 287 requests in the last 60s (threshold: 80)
2026-02-25 12:52:37,479 INFO [depth=5] Crawling: http://elections.maryland.gov/pdf/alternate_name_affidavit.pdf
2026-02-25 12:52:37,479 WARNING HEAD request failed for http://elections.maryland.gov/pdf/alternate_name_affidavit.pdf: HTTPConnectionPool(host='elections.maryland.gov', port=80): Max retries exceeded with url: /pdf/alternate_name_affidavit.pdf (Caused by NameResolutionError("HTTPConnection(host='elections.maryland.gov', port=80): Failed to resolve 'elections.maryland.gov' ([Errno 8] nodename nor servname provided, or not known)"))
2026-02-25 12:52:37,479 WARNING Rate limit warning: 288 requests in the last 60s (threshold: 80)
2026-02-25 12:52:37,480 INFO [depth=5] Crawling: http://elections.maryland.gov/pdf/Certificate_of_Nomination_or_Designation.pdf
2026-02-25 12:52:37,481 WARNING HEAD request failed for http://elections.maryland.gov/pdf/Certificate_of_Nomination_or_Designation.pdf: HTTPConnectionPool(host='elections.maryland.gov', port=80): Max retries exceeded with url: /pdf/Certificate_of_Nomination_or_Designation.pdf (Caused by NameResolutionError("HTTPConnection(host='elections.maryland.gov', port=80): Failed to resolve 'elections.maryland.gov' ([Errno 8] nodename nor servname provided, or not known)"))
2026-02-25 12:52:37,481 WARNING Rate limit warning: 289 requests in the last 60s (threshold: 80)
2026-02-25 12:52:37,481 INFO [depth=5] Crawling: http://elections.maryland.gov/candidacy/documents/Declaration of Candidacy Form for District Level Delegates filing at SBE.pdf
2026-02-25 12:52:37,482 WARNING HEAD request failed for http://elections.maryland.gov/candidacy/documents/Declaration of Candidacy Form for District Level Delegates filing at SBE.pdf: HTTPConnectionPool(host='elections.maryland.gov', port=80): Max retries exceeded with url: /candidacy/documents/Declaration%20of%20Candidacy%20Form%20for%20District%20Level%20Delegates%20filing%20at%20SBE.pdf (Caused by NameResolutionError("HTTPConnection(host='elections.maryland.gov', port=80): Failed to resolve 'elections.maryland.gov' ([Errno 8] nodename nor servname provided, or not known)"))
2026-02-25 12:52:37,482 WARNING Rate limit warning: 290 requests in the last 60s (threshold: 80)
2026-02-25 12:52:37,482 INFO [depth=5] Crawling: http://elections.maryland.gov/forms/documents/Candidate Pledge Form for Delegate to the 2024 Republican National Convention.pdf
2026-02-25 12:52:37,483 WARNING HEAD request failed for http://elections.maryland.gov/forms/documents/Candidate Pledge Form for Delegate to the 2024 Republican National Convention.pdf: HTTPConnectionPool(host='elections.maryland.gov', port=80): Max retries exceeded with url: /forms/documents/Candidate%20Pledge%20Form%20for%20Delegate%20to%20the%202024%20Republican%20National%20Convention.pdf (Caused by NameResolutionError("HTTPConnection(host='elections.maryland.gov', port=80): Failed to resolve 'elections.maryland.gov' ([Errno 8] nodename nor servname provided, or not known)"))
2026-02-25 12:52:37,483 WARNING Rate limit warning: 291 requests in the last 60s (threshold: 80)
2026-02-25 12:52:37,483 INFO [depth=5] Crawling: http://elections.maryland.gov/pdf/08-503-1.pdf
2026-02-25 12:52:37,484 WARNING HEAD request failed for http://elections.maryland.gov/pdf/08-503-1.pdf: HTTPConnectionPool(host='elections.maryland.gov', port=80): Max retries exceeded with url: /pdf/08-503-1.pdf (Caused by NameResolutionError("HTTPConnection(host='elections.maryland.gov', port=80): Failed to resolve 'elections.maryland.gov' ([Errno 8] nodename nor servname provided, or not known)"))
2026-02-25 12:52:37,484 WARNING Rate limit warning: 292 requests in the last 60s (threshold: 80)
2026-02-25 12:52:37,484 INFO [depth=5] Crawling: http://elections.maryland.gov/forms/documents/Certificate of Nomination Non-Principal Political Party.pdf
2026-02-25 12:52:37,486 WARNING HEAD request failed for http://elections.maryland.gov/forms/documents/Certificate of Nomination Non-Principal Political Party.pdf: HTTPConnectionPool(host='elections.maryland.gov', port=80): Max retries exceeded with url: /forms/documents/Certificate%20of%20Nomination%20Non-Principal%20Political%20Party.pdf (Caused by NameResolutionError("HTTPConnection(host='elections.maryland.gov', port=80): Failed to resolve 'elections.maryland.gov' ([Errno 8] nodename nor servname provided, or not known)"))
2026-02-25 12:52:37,486 WARNING Rate limit warning: 293 requests in the last 60s (threshold: 80)
2026-02-25 12:52:37,486 INFO [depth=5] Crawling: http://elections.maryland.gov/forms/documents/Certificate of Nomination.pdf
2026-02-25 12:52:37,488 WARNING HEAD request failed for http://elections.maryland.gov/forms/documents/Certificate of Nomination.pdf: HTTPConnectionPool(host='elections.maryland.gov', port=80): Max retries exceeded with url: /forms/documents/Certificate%20of%20Nomination.pdf (Caused by NameResolutionError("HTTPConnection(host='elections.maryland.gov', port=80): Failed to resolve 'elections.maryland.gov' ([Errno 8] nodename nor servname provided, or not known)"))
2026-02-25 12:52:37,488 WARNING Rate limit warning: 294 requests in the last 60s (threshold: 80)
2026-02-25 12:52:37,488 INFO [depth=5] Crawling: http://elections.maryland.gov/forms/documents/petition_for_municipality_incorporation.pdf
2026-02-25 12:52:37,489 WARNING HEAD request failed for http://elections.maryland.gov/forms/documents/petition_for_municipality_incorporation.pdf: HTTPConnectionPool(host='elections.maryland.gov', port=80): Max retries exceeded with url: /forms/documents/petition_for_municipality_incorporation.pdf (Caused by NameResolutionError("HTTPConnection(host='elections.maryland.gov', port=80): Failed to resolve 'elections.maryland.gov' ([Errno 8] nodename nor servname provided, or not known)"))
2026-02-25 12:52:37,489 WARNING Rate limit warning: 295 requests in the last 60s (threshold: 80)
2026-02-25 12:52:37,489 INFO [depth=5] Crawling: http://elections.maryland.gov/candidacy/schedule_appointment.html
2026-02-25 12:52:37,490 WARNING HTTP error fetching http://elections.maryland.gov/candidacy/schedule_appointment.html: HTTPConnectionPool(host='elections.maryland.gov', port=80): Max retries exceeded with url: /candidacy/schedule_appointment.html (Caused by NameResolutionError("HTTPConnection(host='elections.maryland.gov', port=80): Failed to resolve 'elections.maryland.gov' ([Errno 8] nodename nor servname provided, or not known)"))
2026-02-25 12:52:37,490 WARNING Rate limit warning: 296 requests in the last 60s (threshold: 80)
2026-02-25 12:52:37,490 INFO [depth=5] Crawling: http://elections.maryland.gov/elections/special_elections_past.html
2026-02-25 12:52:37,492 WARNING HTTP error fetching http://elections.maryland.gov/elections/special_elections_past.html: HTTPConnectionPool(host='elections.maryland.gov', port=80): Max retries exceeded with url: /elections/special_elections_past.html (Caused by NameResolutionError("HTTPConnection(host='elections.maryland.gov', port=80): Failed to resolve 'elections.maryland.gov' ([Errno 8] nodename nor servname provided, or not known)"))
2026-02-25 12:52:37,492 WARNING Rate limit warning: 297 requests in the last 60s (threshold: 80)
2026-02-25 12:52:37,492 INFO [depth=5] Crawling: http://elections.maryland.gov/elections/municipal_results_archive.html
2026-02-25 12:52:37,493 WARNING HTTP error fetching http://elections.maryland.gov/elections/municipal_results_archive.html: HTTPConnectionPool(host='elections.maryland.gov', port=80): Max retries exceeded with url: /elections/municipal_results_archive.html (Caused by NameResolutionError("HTTPConnection(host='elections.maryland.gov', port=80): Failed to resolve 'elections.maryland.gov' ([Errno 8] nodename nor servname provided, or not known)"))
2026-02-25 12:52:37,494 WARNING Rate limit warning: 298 requests in the last 60s (threshold: 80)
2026-02-25 12:52:37,494 INFO [depth=5] Crawling: http://elections.maryland.gov/get_involved/Election_Judge_Application.pdf
2026-02-25 12:52:37,494 WARNING HEAD request failed for http://elections.maryland.gov/get_involved/Election_Judge_Application.pdf: HTTPConnectionPool(host='elections.maryland.gov', port=80): Max retries exceeded with url: /get_involved/Election_Judge_Application.pdf (Caused by NameResolutionError("HTTPConnection(host='elections.maryland.gov', port=80): Failed to resolve 'elections.maryland.gov' ([Errno 8] nodename nor servname provided, or not known)"))
2026-02-25 12:52:37,495 WARNING Rate limit warning: 299 requests in the last 60s (threshold: 80)
2026-02-25 12:52:37,495 INFO [depth=5] Crawling: http://elections.maryland.gov/pdf/SBEAPPL.pdf
2026-02-25 12:52:37,496 WARNING HEAD request failed for http://elections.maryland.gov/pdf/SBEAPPL.pdf: HTTPConnectionPool(host='elections.maryland.gov', port=80): Max retries exceeded with url: /pdf/SBEAPPL.pdf (Caused by NameResolutionError("HTTPConnection(host='elections.maryland.gov', port=80): Failed to resolve 'elections.maryland.gov' ([Errno 8] nodename nor servname provided, or not known)"))
2026-02-25 12:52:37,496 WARNING Rate limit warning: 300 requests in the last 60s (threshold: 80)
2026-02-25 12:52:37,496 INFO [depth=5] Crawling: http://elections.maryland.gov/voter_registration/purchase_lists.html
2026-02-25 12:52:37,497 WARNING HTTP error fetching http://elections.maryland.gov/voter_registration/purchase_lists.html: HTTPConnectionPool(host='elections.maryland.gov', port=80): Max retries exceeded with url: /voter_registration/purchase_lists.html (Caused by NameResolutionError("HTTPConnection(host='elections.maryland.gov', port=80): Failed to resolve 'elections.maryland.gov' ([Errno 8] nodename nor servname provided, or not known)"))
2026-02-25 12:52:37,497 WARNING Rate limit warning: 301 requests in the last 60s (threshold: 80)
2026-02-25 12:52:37,497 INFO [depth=5] Crawling: http://elections.maryland.gov/forms/documents/Confidentiality Request Form.pdf
2026-02-25 12:52:37,498 WARNING HEAD request failed for http://elections.maryland.gov/forms/documents/Confidentiality Request Form.pdf: HTTPConnectionPool(host='elections.maryland.gov', port=80): Max retries exceeded with url: /forms/documents/Confidentiality%20Request%20Form.pdf (Caused by NameResolutionError("HTTPConnection(host='elections.maryland.gov', port=80): Failed to resolve 'elections.maryland.gov' ([Errno 8] nodename nor servname provided, or not known)"))
2026-02-25 12:52:37,498 WARNING Rate limit warning: 302 requests in the last 60s (threshold: 80)
2026-02-25 12:52:37,498 INFO [depth=5] Crawling: http://elections.maryland.gov/forms/documents/Affidavit_Limited.pdf
2026-02-25 12:52:37,499 WARNING HEAD request failed for http://elections.maryland.gov/forms/documents/Affidavit_Limited.pdf: HTTPConnectionPool(host='elections.maryland.gov', port=80): Max retries exceeded with url: /forms/documents/Affidavit_Limited.pdf (Caused by NameResolutionError("HTTPConnection(host='elections.maryland.gov', port=80): Failed to resolve 'elections.maryland.gov' ([Errno 8] nodename nor servname provided, or not known)"))
2026-02-25 12:52:37,499 WARNING Rate limit warning: 303 requests in the last 60s (threshold: 80)
2026-02-25 12:52:37,499 INFO [depth=5] Crawling: http://elections.maryland.gov/forms/documents/Affidavit of Designation.pdf
2026-02-25 12:52:37,500 WARNING HEAD request failed for http://elections.maryland.gov/forms/documents/Affidavit of Designation.pdf: HTTPConnectionPool(host='elections.maryland.gov', port=80): Max retries exceeded with url: /forms/documents/Affidavit%20of%20Designation.pdf (Caused by NameResolutionError("HTTPConnection(host='elections.maryland.gov', port=80): Failed to resolve 'elections.maryland.gov' ([Errno 8] nodename nor servname provided, or not known)"))
2026-02-25 12:52:37,500 WARNING Rate limit warning: 304 requests in the last 60s (threshold: 80)
2026-02-25 12:52:37,501 INFO [depth=5] Crawling: http://elections.maryland.gov/pdf/summary_guide/ccr.pdf
2026-02-25 12:52:37,502 WARNING HEAD request failed for http://elections.maryland.gov/pdf/summary_guide/ccr.pdf: HTTPConnectionPool(host='elections.maryland.gov', port=80): Max retries exceeded with url: /pdf/summary_guide/ccr.pdf (Caused by NameResolutionError("HTTPConnection(host='elections.maryland.gov', port=80): Failed to resolve 'elections.maryland.gov' ([Errno 8] nodename nor servname provided, or not known)"))
2026-02-25 12:52:37,502 WARNING Rate limit warning: 305 requests in the last 60s (threshold: 80)
2026-02-25 12:52:37,502 INFO [depth=5] Crawling: http://elections.maryland.gov/pdf/summary_guide/ft.pdf
2026-02-25 12:52:37,503 WARNING HEAD request failed for http://elections.maryland.gov/pdf/summary_guide/ft.pdf: HTTPConnectionPool(host='elections.maryland.gov', port=80): Max retries exceeded with url: /pdf/summary_guide/ft.pdf (Caused by NameResolutionError("HTTPConnection(host='elections.maryland.gov', port=80): Failed to resolve 'elections.maryland.gov' ([Errno 8] nodename nor servname provided, or not known)"))
2026-02-25 12:52:37,503 WARNING Rate limit warning: 306 requests in the last 60s (threshold: 80)
2026-02-25 12:52:37,503 INFO [depth=5] Crawling: http://elections.maryland.gov/pdf/summary_guide/coaot.pdf
2026-02-25 12:52:37,504 WARNING HEAD request failed for http://elections.maryland.gov/pdf/summary_guide/coaot.pdf: HTTPConnectionPool(host='elections.maryland.gov', port=80): Max retries exceeded with url: /pdf/summary_guide/coaot.pdf (Caused by NameResolutionError("HTTPConnection(host='elections.maryland.gov', port=80): Failed to resolve 'elections.maryland.gov' ([Errno 8] nodename nor servname provided, or not known)"))
2026-02-25 12:52:37,504 WARNING Rate limit warning: 307 requests in the last 60s (threshold: 80)
2026-02-25 12:52:37,504 INFO [depth=5] Crawling: http://elections.maryland.gov/pdf/summary_guide/coo.pdf
2026-02-25 12:52:37,505 WARNING HEAD request failed for http://elections.maryland.gov/pdf/summary_guide/coo.pdf: HTTPConnectionPool(host='elections.maryland.gov', port=80): Max retries exceeded with url: /pdf/summary_guide/coo.pdf (Caused by NameResolutionError("HTTPConnection(host='elections.maryland.gov', port=80): Failed to resolve 'elections.maryland.gov' ([Errno 8] nodename nor servname provided, or not known)"))
2026-02-25 12:52:37,505 WARNING Rate limit warning: 308 requests in the last 60s (threshold: 80)
2026-02-25 12:52:37,505 INFO [depth=5] Crawling: http://elections.maryland.gov/pdf/summary_guide/rocot.pdf
2026-02-25 12:52:37,507 WARNING HEAD request failed for http://elections.maryland.gov/pdf/summary_guide/rocot.pdf: HTTPConnectionPool(host='elections.maryland.gov', port=80): Max retries exceeded with url: /pdf/summary_guide/rocot.pdf (Caused by NameResolutionError("HTTPConnection(host='elections.maryland.gov', port=80): Failed to resolve 'elections.maryland.gov' ([Errno 8] nodename nor servname provided, or not known)"))
2026-02-25 12:52:37,507 WARNING Rate limit warning: 309 requests in the last 60s (threshold: 80)
2026-02-25 12:52:37,507 INFO [depth=5] Crawling: http://elections.maryland.gov/pdf/summary_guide/cfrsp.pdf
2026-02-25 12:52:37,508 WARNING HEAD request failed for http://elections.maryland.gov/pdf/summary_guide/cfrsp.pdf: HTTPConnectionPool(host='elections.maryland.gov', port=80): Max retries exceeded with url: /pdf/summary_guide/cfrsp.pdf (Caused by NameResolutionError("HTTPConnection(host='elections.maryland.gov', port=80): Failed to resolve 'elections.maryland.gov' ([Errno 8] nodename nor servname provided, or not known)"))
2026-02-25 12:52:37,508 WARNING Rate limit warning: 310 requests in the last 60s (threshold: 80)
2026-02-25 12:52:37,508 INFO [depth=5] Crawling: http://elections.maryland.gov/pdf/summary_guide/s1.pdf
2026-02-25 12:52:37,509 WARNING HEAD request failed for http://elections.maryland.gov/pdf/summary_guide/s1.pdf: HTTPConnectionPool(host='elections.maryland.gov', port=80): Max retries exceeded with url: /pdf/summary_guide/s1.pdf (Caused by NameResolutionError("HTTPConnection(host='elections.maryland.gov', port=80): Failed to resolve 'elections.maryland.gov' ([Errno 8] nodename nor servname provided, or not known)"))
2026-02-25 12:52:37,509 WARNING Rate limit warning: 311 requests in the last 60s (threshold: 80)
2026-02-25 12:52:37,509 INFO [depth=5] Crawling: http://elections.maryland.gov/pdf/summary_guide/s1a.pdf
2026-02-25 12:52:37,512 WARNING HEAD request failed for http://elections.maryland.gov/pdf/summary_guide/s1a.pdf: HTTPConnectionPool(host='elections.maryland.gov', port=80): Max retries exceeded with url: /pdf/summary_guide/s1a.pdf (Caused by NameResolutionError("HTTPConnection(host='elections.maryland.gov', port=80): Failed to resolve 'elections.maryland.gov' ([Errno 8] nodename nor servname provided, or not known)"))
2026-02-25 12:52:37,512 WARNING Rate limit warning: 312 requests in the last 60s (threshold: 80)
2026-02-25 12:52:37,512 INFO [depth=5] Crawling: http://elections.maryland.gov/pdf/summary_guide/s1b.pdf
2026-02-25 12:52:37,513 WARNING HEAD request failed for http://elections.maryland.gov/pdf/summary_guide/s1b.pdf: HTTPConnectionPool(host='elections.maryland.gov', port=80): Max retries exceeded with url: /pdf/summary_guide/s1b.pdf (Caused by NameResolutionError("HTTPConnection(host='elections.maryland.gov', port=80): Failed to resolve 'elections.maryland.gov' ([Errno 8] nodename nor servname provided, or not known)"))
2026-02-25 12:52:37,513 WARNING Rate limit warning: 313 requests in the last 60s (threshold: 80)
2026-02-25 12:52:37,513 INFO [depth=5] Crawling: http://elections.maryland.gov/pdf/summary_guide/s2.pdf
2026-02-25 12:52:37,514 WARNING HEAD request failed for http://elections.maryland.gov/pdf/summary_guide/s2.pdf: HTTPConnectionPool(host='elections.maryland.gov', port=80): Max retries exceeded with url: /pdf/summary_guide/s2.pdf (Caused by NameResolutionError("HTTPConnection(host='elections.maryland.gov', port=80): Failed to resolve 'elections.maryland.gov' ([Errno 8] nodename nor servname provided, or not known)"))
2026-02-25 12:52:37,514 WARNING Rate limit warning: 314 requests in the last 60s (threshold: 80)
2026-02-25 12:52:37,514 INFO [depth=5] Crawling: http://elections.maryland.gov/pdf/summary_guide/s3.pdf
2026-02-25 12:52:37,515 WARNING HEAD request failed for http://elections.maryland.gov/pdf/summary_guide/s3.pdf: HTTPConnectionPool(host='elections.maryland.gov', port=80): Max retries exceeded with url: /pdf/summary_guide/s3.pdf (Caused by NameResolutionError("HTTPConnection(host='elections.maryland.gov', port=80): Failed to resolve 'elections.maryland.gov' ([Errno 8] nodename nor servname provided, or not known)"))
2026-02-25 12:52:37,515 WARNING Rate limit warning: 315 requests in the last 60s (threshold: 80)
2026-02-25 12:52:37,515 INFO [depth=5] Crawling: http://elections.maryland.gov/pdf/summary_guide/s4.pdf
2026-02-25 12:52:37,516 WARNING HEAD request failed for http://elections.maryland.gov/pdf/summary_guide/s4.pdf: HTTPConnectionPool(host='elections.maryland.gov', port=80): Max retries exceeded with url: /pdf/summary_guide/s4.pdf (Caused by NameResolutionError("HTTPConnection(host='elections.maryland.gov', port=80): Failed to resolve 'elections.maryland.gov' ([Errno 8] nodename nor servname provided, or not known)"))
2026-02-25 12:52:37,516 WARNING Rate limit warning: 316 requests in the last 60s (threshold: 80)
2026-02-25 12:52:37,516 INFO [depth=5] Crawling: http://elections.maryland.gov/pdf/summary_guide/aodf.pdf
2026-02-25 12:52:37,517 WARNING HEAD request failed for http://elections.maryland.gov/pdf/summary_guide/aodf.pdf: HTTPConnectionPool(host='elections.maryland.gov', port=80): Max retries exceeded with url: /pdf/summary_guide/aodf.pdf (Caused by NameResolutionError("HTTPConnection(host='elections.maryland.gov', port=80): Failed to resolve 'elections.maryland.gov' ([Errno 8] nodename nor servname provided, or not known)"))
2026-02-25 12:52:37,517 WARNING Rate limit warning: 317 requests in the last 60s (threshold: 80)
2026-02-25 12:52:37,517 INFO [depth=5] Crawling: http://elections.maryland.gov/pdf/summary_guide/sd.pdf
2026-02-25 12:52:37,518 WARNING HEAD request failed for http://elections.maryland.gov/pdf/summary_guide/sd.pdf: HTTPConnectionPool(host='elections.maryland.gov', port=80): Max retries exceeded with url: /pdf/summary_guide/sd.pdf (Caused by NameResolutionError("HTTPConnection(host='elections.maryland.gov', port=80): Failed to resolve 'elections.maryland.gov' ([Errno 8] nodename nor servname provided, or not known)"))
2026-02-25 12:52:37,518 WARNING Rate limit warning: 318 requests in the last 60s (threshold: 80)
2026-02-25 12:52:37,518 INFO [depth=5] Crawling: http://elections.maryland.gov/forms/documents/Price_List_CCF.pdf
2026-02-25 12:52:37,519 WARNING HEAD request failed for http://elections.maryland.gov/forms/documents/Price_List_CCF.pdf: HTTPConnectionPool(host='elections.maryland.gov', port=80): Max retries exceeded with url: /forms/documents/Price_List_CCF.pdf (Caused by NameResolutionError("HTTPConnection(host='elections.maryland.gov', port=80): Failed to resolve 'elections.maryland.gov' ([Errno 8] nodename nor servname provided, or not known)"))
2026-02-25 12:52:37,519 WARNING Rate limit warning: 319 requests in the last 60s (threshold: 80)
2026-02-25 12:52:37,519 INFO [depth=5] Crawling: http://elections.maryland.gov/pdf/Request_for_Accessible_Polling_Place.pdf
2026-02-25 12:52:37,520 WARNING HEAD request failed for http://elections.maryland.gov/pdf/Request_for_Accessible_Polling_Place.pdf: HTTPConnectionPool(host='elections.maryland.gov', port=80): Max retries exceeded with url: /pdf/Request_for_Accessible_Polling_Place.pdf (Caused by NameResolutionError("HTTPConnection(host='elections.maryland.gov', port=80): Failed to resolve 'elections.maryland.gov' ([Errno 8] nodename nor servname provided, or not known)"))
2026-02-25 12:52:37,520 WARNING Rate limit warning: 320 requests in the last 60s (threshold: 80)
2026-02-25 12:52:37,520 INFO [depth=5] Crawling: http://elections.maryland.gov/pdf/election_results_copies.pdf
2026-02-25 12:52:37,521 WARNING HEAD request failed for http://elections.maryland.gov/pdf/election_results_copies.pdf: HTTPConnectionPool(host='elections.maryland.gov', port=80): Max retries exceeded with url: /pdf/election_results_copies.pdf (Caused by NameResolutionError("HTTPConnection(host='elections.maryland.gov', port=80): Failed to resolve 'elections.maryland.gov' ([Errno 8] nodename nor servname provided, or not known)"))
2026-02-25 12:52:37,521 WARNING Rate limit warning: 321 requests in the last 60s (threshold: 80)
2026-02-25 12:52:37,521 INFO [depth=5] Crawling: http://elections.maryland.gov/elections/printed_copies.html
2026-02-25 12:52:37,522 WARNING HTTP error fetching http://elections.maryland.gov/elections/printed_copies.html: HTTPConnectionPool(host='elections.maryland.gov', port=80): Max retries exceeded with url: /elections/printed_copies.html (Caused by NameResolutionError("HTTPConnection(host='elections.maryland.gov', port=80): Failed to resolve 'elections.maryland.gov' ([Errno 8] nodename nor servname provided, or not known)"))
2026-02-25 12:52:37,522 WARNING Rate limit warning: 322 requests in the last 60s (threshold: 80)
2026-02-25 12:52:37,522 INFO [depth=6] Crawling: https://www.elections.maryland.gov/get_involved/Key_Award_Application.pdf
2026-02-25 12:52:37,524 WARNING HEAD request failed for https://www.elections.maryland.gov/get_involved/Key_Award_Application.pdf: HTTPSConnectionPool(host='www.elections.maryland.gov', port=443): Max retries exceeded with url: /get_involved/Key_Award_Application.pdf (Caused by NameResolutionError("HTTPSConnection(host='www.elections.maryland.gov', port=443): Failed to resolve 'www.elections.maryland.gov' ([Errno 8] nodename nor servname provided, or not known)"))
2026-02-25 12:52:37,524 WARNING Rate limit warning: 323 requests in the last 60s (threshold: 80)
2026-02-25 12:52:37,524 INFO [depth=6] Crawling: https://www.elections.maryland.gov/pdf/Challenger_and_Watchers_Manual.pdf
2026-02-25 12:52:37,526 WARNING HEAD request failed for https://www.elections.maryland.gov/pdf/Challenger_and_Watchers_Manual.pdf: HTTPSConnectionPool(host='www.elections.maryland.gov', port=443): Max retries exceeded with url: /pdf/Challenger_and_Watchers_Manual.pdf (Caused by NameResolutionError("HTTPSConnection(host='www.elections.maryland.gov', port=443): Failed to resolve 'www.elections.maryland.gov' ([Errno 8] nodename nor servname provided, or not known)"))
2026-02-25 12:52:37,526 WARNING Rate limit warning: 324 requests in the last 60s (threshold: 80)
2026-02-25 12:52:37,526 INFO [depth=6] Crawling: https://www.elections.maryland.gov/get_involved/Challenger  Watcher Summary - Opening the Polls.pdf
2026-02-25 12:52:37,528 WARNING HEAD request failed for https://www.elections.maryland.gov/get_involved/Challenger  Watcher Summary - Opening the Polls.pdf: HTTPSConnectionPool(host='www.elections.maryland.gov', port=443): Max retries exceeded with url: /get_involved/Challenger%20%20Watcher%20Summary%20-%20Opening%20the%20Polls.pdf (Caused by NameResolutionError("HTTPSConnection(host='www.elections.maryland.gov', port=443): Failed to resolve 'www.elections.maryland.gov' ([Errno 8] nodename nor servname provided, or not known)"))
2026-02-25 12:52:37,528 WARNING Rate limit warning: 325 requests in the last 60s (threshold: 80)
2026-02-25 12:52:37,528 INFO [depth=6] Crawling: https://www.elections.maryland.gov/get_involved/Challenger  Watcher Summary - Closing the Polls.pdf
2026-02-25 12:52:37,529 WARNING HEAD request failed for https://www.elections.maryland.gov/get_involved/Challenger  Watcher Summary - Closing the Polls.pdf: HTTPSConnectionPool(host='www.elections.maryland.gov', port=443): Max retries exceeded with url: /get_involved/Challenger%20%20Watcher%20Summary%20-%20Closing%20the%20Polls.pdf (Caused by NameResolutionError("HTTPSConnection(host='www.elections.maryland.gov', port=443): Failed to resolve 'www.elections.maryland.gov' ([Errno 8] nodename nor servname provided, or not known)"))
2026-02-25 12:52:37,529 WARNING Rate limit warning: 326 requests in the last 60s (threshold: 80)
2026-02-25 12:52:37,529 INFO [depth=6] Crawling: https://www.elections.maryland.gov/pdf/Challenger_Certificate.pdf
2026-02-25 12:52:37,531 WARNING HEAD request failed for https://www.elections.maryland.gov/pdf/Challenger_Certificate.pdf: HTTPSConnectionPool(host='www.elections.maryland.gov', port=443): Max retries exceeded with url: /pdf/Challenger_Certificate.pdf (Caused by NameResolutionError("HTTPSConnection(host='www.elections.maryland.gov', port=443): Failed to resolve 'www.elections.maryland.gov' ([Errno 8] nodename nor servname provided, or not known)"))
2026-02-25 12:52:37,531 WARNING Rate limit warning: 327 requests in the last 60s (threshold: 80)
2026-02-25 12:52:37,532 INFO [depth=6] Crawling: https://www.elections.maryland.gov/voting_system/how_to_vote_video_transcript.html
2026-02-25 12:52:37,533 WARNING HTTP error fetching https://www.elections.maryland.gov/voting_system/how_to_vote_video_transcript.html: HTTPSConnectionPool(host='www.elections.maryland.gov', port=443): Max retries exceeded with url: /voting_system/how_to_vote_video_transcript.html (Caused by NameResolutionError("HTTPSConnection(host='www.elections.maryland.gov', port=443): Failed to resolve 'www.elections.maryland.gov' ([Errno 8] nodename nor servname provided, or not known)"))
2026-02-25 12:52:37,533 WARNING Rate limit warning: 328 requests in the last 60s (threshold: 80)
2026-02-25 12:52:37,533 INFO [depth=6] Crawling: https://www.elections.maryland.gov/voting_system/documents/Closed_Certification Testing Report for ES&S EVS_FINAL.pdf
2026-02-25 12:52:37,534 WARNING HEAD request failed for https://www.elections.maryland.gov/voting_system/documents/Closed_Certification Testing Report for ES&S EVS_FINAL.pdf: HTTPSConnectionPool(host='www.elections.maryland.gov', port=443): Max retries exceeded with url: /voting_system/documents/Closed_Certification%20Testing%20Report%20for%20ES&S%20EVS_FINAL.pdf (Caused by NameResolutionError("HTTPSConnection(host='www.elections.maryland.gov', port=443): Failed to resolve 'www.elections.maryland.gov' ([Errno 8] nodename nor servname provided, or not known)"))
2026-02-25 12:52:37,534 WARNING Rate limit warning: 329 requests in the last 60s (threshold: 80)
2026-02-25 12:52:37,535 INFO [depth=6] Crawling: https://www.elections.maryland.gov/voting_system/documents/Closed_Public demo survey summary.pdf
2026-02-25 12:52:37,536 WARNING HEAD request failed for https://www.elections.maryland.gov/voting_system/documents/Closed_Public demo survey summary.pdf: HTTPSConnectionPool(host='www.elections.maryland.gov', port=443): Max retries exceeded with url: /voting_system/documents/Closed_Public%20demo%20survey%20summary.pdf (Caused by NameResolutionError("HTTPSConnection(host='www.elections.maryland.gov', port=443): Failed to resolve 'www.elections.maryland.gov' ([Errno 8] nodename nor servname provided, or not known)"))
2026-02-25 12:52:37,536 WARNING Rate limit warning: 330 requests in the last 60s (threshold: 80)
2026-02-25 12:52:37,536 INFO [depth=6] Crawling: https://www.elections.maryland.gov/voting_system/documents/ExpressVote - Final Usability Report.pdf
2026-02-25 12:52:37,537 WARNING HEAD request failed for https://www.elections.maryland.gov/voting_system/documents/ExpressVote - Final Usability Report.pdf: HTTPSConnectionPool(host='www.elections.maryland.gov', port=443): Max retries exceeded with url: /voting_system/documents/ExpressVote%20-%20Final%20Usability%20Report.pdf (Caused by NameResolutionError("HTTPSConnection(host='www.elections.maryland.gov', port=443): Failed to resolve 'www.elections.maryland.gov' ([Errno 8] nodename nor servname provided, or not known)"))
2026-02-25 12:52:37,537 WARNING Rate limit warning: 331 requests in the last 60s (threshold: 80)
2026-02-25 12:52:37,537 INFO [depth=6] Crawling: https://www.elections.maryland.gov/overseas_voters/documents/Designation of Agent Form- Mail-In Ballot.pdf
2026-02-25 12:52:37,538 WARNING HEAD request failed for https://www.elections.maryland.gov/overseas_voters/documents/Designation of Agent Form- Mail-In Ballot.pdf: HTTPSConnectionPool(host='www.elections.maryland.gov', port=443): Max retries exceeded with url: /overseas_voters/documents/Designation%20of%20Agent%20Form-%20Mail-In%20Ballot.pdf (Caused by NameResolutionError("HTTPSConnection(host='www.elections.maryland.gov', port=443): Failed to resolve 'www.elections.maryland.gov' ([Errno 8] nodename nor servname provided, or not known)"))
2026-02-25 12:52:37,538 WARNING Rate limit warning: 332 requests in the last 60s (threshold: 80)
2026-02-25 12:52:37,538 INFO [depth=6] Crawling: https://www.elections.maryland.gov/voting/documents/2014_Absentee_Ballot_Application_Spanish.pdf
2026-02-25 12:52:37,539 WARNING HEAD request failed for https://www.elections.maryland.gov/voting/documents/2014_Absentee_Ballot_Application_Spanish.pdf: HTTPSConnectionPool(host='www.elections.maryland.gov', port=443): Max retries exceeded with url: /voting/documents/2014_Absentee_Ballot_Application_Spanish.pdf (Caused by NameResolutionError("HTTPSConnection(host='www.elections.maryland.gov', port=443): Failed to resolve 'www.elections.maryland.gov' ([Errno 8] nodename nor servname provided, or not known)"))
2026-02-25 12:52:37,539 WARNING Rate limit warning: 333 requests in the last 60s (threshold: 80)
2026-02-25 12:52:37,539 INFO [depth=6] Crawling: https://www.elections.maryland.gov/voter_registration/documents/VR_List_Maintenance.pdf
2026-02-25 12:52:37,540 WARNING HEAD request failed for https://www.elections.maryland.gov/voter_registration/documents/VR_List_Maintenance.pdf: HTTPSConnectionPool(host='www.elections.maryland.gov', port=443): Max retries exceeded with url: /voter_registration/documents/VR_List_Maintenance.pdf (Caused by NameResolutionError("HTTPSConnection(host='www.elections.maryland.gov', port=443): Failed to resolve 'www.elections.maryland.gov' ([Errno 8] nodename nor servname provided, or not known)"))
2026-02-25 12:52:37,540 WARNING Rate limit warning: 334 requests in the last 60s (threshold: 80)
2026-02-25 12:52:37,541 INFO [depth=6] Crawling: https://www.elections.maryland.gov/voter_registration/data_form.html
2026-02-25 12:52:37,542 WARNING HTTP error fetching https://www.elections.maryland.gov/voter_registration/data_form.html: HTTPSConnectionPool(host='www.elections.maryland.gov', port=443): Max retries exceeded with url: /voter_registration/data_form.html (Caused by NameResolutionError("HTTPSConnection(host='www.elections.maryland.gov', port=443): Failed to resolve 'www.elections.maryland.gov' ([Errno 8] nodename nor servname provided, or not known)"))
2026-02-25 12:52:37,542 WARNING Rate limit warning: 335 requests in the last 60s (threshold: 80)
2026-02-25 12:52:37,542 INFO [depth=6] Crawling: https://www.elections.maryland.gov/voter_registration/documents/VR_List_Request_Form.pdf
2026-02-25 12:52:37,543 WARNING HEAD request failed for https://www.elections.maryland.gov/voter_registration/documents/VR_List_Request_Form.pdf: HTTPSConnectionPool(host='www.elections.maryland.gov', port=443): Max retries exceeded with url: /voter_registration/documents/VR_List_Request_Form.pdf (Caused by NameResolutionError("HTTPSConnection(host='www.elections.maryland.gov', port=443): Failed to resolve 'www.elections.maryland.gov' ([Errno 8] nodename nor servname provided, or not known)"))
2026-02-25 12:52:37,543 WARNING Rate limit warning: 336 requests in the last 60s (threshold: 80)
2026-02-25 12:52:37,543 INFO [depth=6] Crawling: https://www.elections.maryland.gov/press_room/2010_stats/gg10_statewide.pdf
2026-02-25 12:52:37,544 WARNING HEAD request failed for https://www.elections.maryland.gov/press_room/2010_stats/gg10_statewide.pdf: HTTPSConnectionPool(host='www.elections.maryland.gov', port=443): Max retries exceeded with url: /press_room/2010_stats/gg10_statewide.pdf (Caused by NameResolutionError("HTTPSConnection(host='www.elections.maryland.gov', port=443): Failed to resolve 'www.elections.maryland.gov' ([Errno 8] nodename nor servname provided, or not known)"))
2026-02-25 12:52:37,544 WARNING Rate limit warning: 337 requests in the last 60s (threshold: 80)
2026-02-25 12:52:37,544 INFO [depth=6] Crawling: https://www.elections.maryland.gov/press_room/2010_stats/gg_by congressional district.pdf
2026-02-25 12:52:37,546 WARNING HEAD request failed for https://www.elections.maryland.gov/press_room/2010_stats/gg_by congressional district.pdf: HTTPSConnectionPool(host='www.elections.maryland.gov', port=443): Max retries exceeded with url: /press_room/2010_stats/gg_by%20congressional%20district.pdf (Caused by NameResolutionError("HTTPSConnection(host='www.elections.maryland.gov', port=443): Failed to resolve 'www.elections.maryland.gov' ([Errno 8] nodename nor servname provided, or not known)"))
2026-02-25 12:52:37,546 WARNING Rate limit warning: 338 requests in the last 60s (threshold: 80)
2026-02-25 12:52:37,546 INFO [depth=6] Crawling: https://www.elections.maryland.gov/press_room/2010_stats/gg_by legislative district.pdf
2026-02-25 12:52:37,547 WARNING HEAD request failed for https://www.elections.maryland.gov/press_room/2010_stats/gg_by legislative district.pdf: HTTPSConnectionPool(host='www.elections.maryland.gov', port=443): Max retries exceeded with url: /press_room/2010_stats/gg_by%20legislative%20district.pdf (Caused by NameResolutionError("HTTPSConnection(host='www.elections.maryland.gov', port=443): Failed to resolve 'www.elections.maryland.gov' ([Errno 8] nodename nor servname provided, or not known)"))
2026-02-25 12:52:37,547 WARNING Rate limit warning: 339 requests in the last 60s (threshold: 80)
2026-02-25 12:52:37,547 INFO [depth=6] Crawling: https://www.elections.maryland.gov/press_room/2010_stats/gg_allegany.pdf
2026-02-25 12:52:37,549 WARNING HEAD request failed for https://www.elections.maryland.gov/press_room/2010_stats/gg_allegany.pdf: HTTPSConnectionPool(host='www.elections.maryland.gov', port=443): Max retries exceeded with url: /press_room/2010_stats/gg_allegany.pdf (Caused by NameResolutionError("HTTPSConnection(host='www.elections.maryland.gov', port=443): Failed to resolve 'www.elections.maryland.gov' ([Errno 8] nodename nor servname provided, or not known)"))
2026-02-25 12:52:37,549 WARNING Rate limit warning: 340 requests in the last 60s (threshold: 80)
2026-02-25 12:52:37,549 INFO [depth=6] Crawling: https://www.elections.maryland.gov/press_room/2010_stats/gg_anne arundel.pdf
2026-02-25 12:52:37,550 WARNING HEAD request failed for https://www.elections.maryland.gov/press_room/2010_stats/gg_anne arundel.pdf: HTTPSConnectionPool(host='www.elections.maryland.gov', port=443): Max retries exceeded with url: /press_room/2010_stats/gg_anne%20arundel.pdf (Caused by NameResolutionError("HTTPSConnection(host='www.elections.maryland.gov', port=443): Failed to resolve 'www.elections.maryland.gov' ([Errno 8] nodename nor servname provided, or not known)"))
2026-02-25 12:52:37,550 WARNING Rate limit warning: 341 requests in the last 60s (threshold: 80)
2026-02-25 12:52:37,550 INFO [depth=6] Crawling: https://www.elections.maryland.gov/press_room/2010_stats/gg_baltimore city.pdf
2026-02-25 12:52:37,552 WARNING HEAD request failed for https://www.elections.maryland.gov/press_room/2010_stats/gg_baltimore city.pdf: HTTPSConnectionPool(host='www.elections.maryland.gov', port=443): Max retries exceeded with url: /press_room/2010_stats/gg_baltimore%20city.pdf (Caused by NameResolutionError("HTTPSConnection(host='www.elections.maryland.gov', port=443): Failed to resolve 'www.elections.maryland.gov' ([Errno 8] nodename nor servname provided, or not known)"))
2026-02-25 12:52:37,552 WARNING Rate limit warning: 342 requests in the last 60s (threshold: 80)
2026-02-25 12:52:37,552 INFO [depth=6] Crawling: https://www.elections.maryland.gov/press_room/2010_stats/gg_baltimorecounty.pdf
2026-02-25 12:52:37,553 WARNING HEAD request failed for https://www.elections.maryland.gov/press_room/2010_stats/gg_baltimorecounty.pdf: HTTPSConnectionPool(host='www.elections.maryland.gov', port=443): Max retries exceeded with url: /press_room/2010_stats/gg_baltimorecounty.pdf (Caused by NameResolutionError("HTTPSConnection(host='www.elections.maryland.gov', port=443): Failed to resolve 'www.elections.maryland.gov' ([Errno 8] nodename nor servname provided, or not known)"))
2026-02-25 12:52:37,553 WARNING Rate limit warning: 343 requests in the last 60s (threshold: 80)
2026-02-25 12:52:37,553 INFO [depth=6] Crawling: https://www.elections.maryland.gov/press_room/2010_stats/gg_calvert.pdf
2026-02-25 12:52:37,554 WARNING HEAD request failed for https://www.elections.maryland.gov/press_room/2010_stats/gg_calvert.pdf: HTTPSConnectionPool(host='www.elections.maryland.gov', port=443): Max retries exceeded with url: /press_room/2010_stats/gg_calvert.pdf (Caused by NameResolutionError("HTTPSConnection(host='www.elections.maryland.gov', port=443): Failed to resolve 'www.elections.maryland.gov' ([Errno 8] nodename nor servname provided, or not known)"))
2026-02-25 12:52:37,554 WARNING Rate limit warning: 344 requests in the last 60s (threshold: 80)
2026-02-25 12:52:37,554 INFO [depth=6] Crawling: https://www.elections.maryland.gov/press_room/2010_stats/gg_caroline.pdf
2026-02-25 12:52:37,555 WARNING HEAD request failed for https://www.elections.maryland.gov/press_room/2010_stats/gg_caroline.pdf: HTTPSConnectionPool(host='www.elections.maryland.gov', port=443): Max retries exceeded with url: /press_room/2010_stats/gg_caroline.pdf (Caused by NameResolutionError("HTTPSConnection(host='www.elections.maryland.gov', port=443): Failed to resolve 'www.elections.maryland.gov' ([Errno 8] nodename nor servname provided, or not known)"))
2026-02-25 12:52:37,555 WARNING Rate limit warning: 345 requests in the last 60s (threshold: 80)
2026-02-25 12:52:37,555 INFO [depth=6] Crawling: https://www.elections.maryland.gov/press_room/2010_stats/gg_carroll.pdf
2026-02-25 12:52:37,556 WARNING HEAD request failed for https://www.elections.maryland.gov/press_room/2010_stats/gg_carroll.pdf: HTTPSConnectionPool(host='www.elections.maryland.gov', port=443): Max retries exceeded with url: /press_room/2010_stats/gg_carroll.pdf (Caused by NameResolutionError("HTTPSConnection(host='www.elections.maryland.gov', port=443): Failed to resolve 'www.elections.maryland.gov' ([Errno 8] nodename nor servname provided, or not known)"))
2026-02-25 12:52:37,556 WARNING Rate limit warning: 346 requests in the last 60s (threshold: 80)
2026-02-25 12:52:37,556 INFO [depth=6] Crawling: https://www.elections.maryland.gov/press_room/2010_stats/gg_cecil.pdf
2026-02-25 12:52:37,557 WARNING HEAD request failed for https://www.elections.maryland.gov/press_room/2010_stats/gg_cecil.pdf: HTTPSConnectionPool(host='www.elections.maryland.gov', port=443): Max retries exceeded with url: /press_room/2010_stats/gg_cecil.pdf (Caused by NameResolutionError("HTTPSConnection(host='www.elections.maryland.gov', port=443): Failed to resolve 'www.elections.maryland.gov' ([Errno 8] nodename nor servname provided, or not known)"))
2026-02-25 12:52:37,557 WARNING Rate limit warning: 347 requests in the last 60s (threshold: 80)
2026-02-25 12:52:37,557 INFO [depth=6] Crawling: https://www.elections.maryland.gov/press_room/2010_stats/gg_charles.pdf
2026-02-25 12:52:37,558 WARNING HEAD request failed for https://www.elections.maryland.gov/press_room/2010_stats/gg_charles.pdf: HTTPSConnectionPool(host='www.elections.maryland.gov', port=443): Max retries exceeded with url: /press_room/2010_stats/gg_charles.pdf (Caused by NameResolutionError("HTTPSConnection(host='www.elections.maryland.gov', port=443): Failed to resolve 'www.elections.maryland.gov' ([Errno 8] nodename nor servname provided, or not known)"))
2026-02-25 12:52:37,558 WARNING Rate limit warning: 348 requests in the last 60s (threshold: 80)
2026-02-25 12:52:37,558 INFO [depth=6] Crawling: https://www.elections.maryland.gov/press_room/2010_stats/gg_dorchester.pdf
2026-02-25 12:52:37,559 WARNING HEAD request failed for https://www.elections.maryland.gov/press_room/2010_stats/gg_dorchester.pdf: HTTPSConnectionPool(host='www.elections.maryland.gov', port=443): Max retries exceeded with url: /press_room/2010_stats/gg_dorchester.pdf (Caused by NameResolutionError("HTTPSConnection(host='www.elections.maryland.gov', port=443): Failed to resolve 'www.elections.maryland.gov' ([Errno 8] nodename nor servname provided, or not known)"))
2026-02-25 12:52:37,559 WARNING Rate limit warning: 349 requests in the last 60s (threshold: 80)
2026-02-25 12:52:37,559 INFO [depth=6] Crawling: https://www.elections.maryland.gov/press_room/2010_stats/gg_frederick.pdf
2026-02-25 12:52:37,560 WARNING HEAD request failed for https://www.elections.maryland.gov/press_room/2010_stats/gg_frederick.pdf: HTTPSConnectionPool(host='www.elections.maryland.gov', port=443): Max retries exceeded with url: /press_room/2010_stats/gg_frederick.pdf (Caused by NameResolutionError("HTTPSConnection(host='www.elections.maryland.gov', port=443): Failed to resolve 'www.elections.maryland.gov' ([Errno 8] nodename nor servname provided, or not known)"))
2026-02-25 12:52:37,560 WARNING Rate limit warning: 350 requests in the last 60s (threshold: 80)
2026-02-25 12:52:37,560 INFO [depth=6] Crawling: https://www.elections.maryland.gov/press_room/2010_stats/gg_garrett.pdf
2026-02-25 12:52:37,561 WARNING HEAD request failed for https://www.elections.maryland.gov/press_room/2010_stats/gg_garrett.pdf: HTTPSConnectionPool(host='www.elections.maryland.gov', port=443): Max retries exceeded with url: /press_room/2010_stats/gg_garrett.pdf (Caused by NameResolutionError("HTTPSConnection(host='www.elections.maryland.gov', port=443): Failed to resolve 'www.elections.maryland.gov' ([Errno 8] nodename nor servname provided, or not known)"))
2026-02-25 12:52:37,561 WARNING Rate limit warning: 351 requests in the last 60s (threshold: 80)
2026-02-25 12:52:37,561 INFO [depth=6] Crawling: https://www.elections.maryland.gov/press_room/2010_stats/gg_harford.pdf
2026-02-25 12:52:37,561 WARNING HEAD request failed for https://www.elections.maryland.gov/press_room/2010_stats/gg_harford.pdf: HTTPSConnectionPool(host='www.elections.maryland.gov', port=443): Max retries exceeded with url: /press_room/2010_stats/gg_harford.pdf (Caused by NameResolutionError("HTTPSConnection(host='www.elections.maryland.gov', port=443): Failed to resolve 'www.elections.maryland.gov' ([Errno 8] nodename nor servname provided, or not known)"))
2026-02-25 12:52:37,562 WARNING Rate limit warning: 352 requests in the last 60s (threshold: 80)
2026-02-25 12:52:37,562 INFO [depth=6] Crawling: https://www.elections.maryland.gov/press_room/2010_stats/gg_howard.pdf
2026-02-25 12:52:37,562 WARNING HEAD request failed for https://www.elections.maryland.gov/press_room/2010_stats/gg_howard.pdf: HTTPSConnectionPool(host='www.elections.maryland.gov', port=443): Max retries exceeded with url: /press_room/2010_stats/gg_howard.pdf (Caused by NameResolutionError("HTTPSConnection(host='www.elections.maryland.gov', port=443): Failed to resolve 'www.elections.maryland.gov' ([Errno 8] nodename nor servname provided, or not known)"))
2026-02-25 12:52:37,562 WARNING Rate limit warning: 353 requests in the last 60s (threshold: 80)
2026-02-25 12:52:37,563 INFO [depth=6] Crawling: https://www.elections.maryland.gov/press_room/2010_stats/gg_kent.pdf
2026-02-25 12:52:37,564 WARNING HEAD request failed for https://www.elections.maryland.gov/press_room/2010_stats/gg_kent.pdf: HTTPSConnectionPool(host='www.elections.maryland.gov', port=443): Max retries exceeded with url: /press_room/2010_stats/gg_kent.pdf (Caused by NameResolutionError("HTTPSConnection(host='www.elections.maryland.gov', port=443): Failed to resolve 'www.elections.maryland.gov' ([Errno 8] nodename nor servname provided, or not known)"))
2026-02-25 12:52:37,564 WARNING Rate limit warning: 354 requests in the last 60s (threshold: 80)
2026-02-25 12:52:37,564 INFO [depth=6] Crawling: https://www.elections.maryland.gov/press_room/2010_stats/gg_montgomery.pdf
2026-02-25 12:52:37,565 WARNING HEAD request failed for https://www.elections.maryland.gov/press_room/2010_stats/gg_montgomery.pdf: HTTPSConnectionPool(host='www.elections.maryland.gov', port=443): Max retries exceeded with url: /press_room/2010_stats/gg_montgomery.pdf (Caused by NameResolutionError("HTTPSConnection(host='www.elections.maryland.gov', port=443): Failed to resolve 'www.elections.maryland.gov' ([Errno 8] nodename nor servname provided, or not known)"))
2026-02-25 12:52:37,565 WARNING Rate limit warning: 355 requests in the last 60s (threshold: 80)
2026-02-25 12:52:37,565 INFO [depth=6] Crawling: https://www.elections.maryland.gov/press_room/2010_stats/gg_prince georges.pdf
2026-02-25 12:52:37,566 WARNING HEAD request failed for https://www.elections.maryland.gov/press_room/2010_stats/gg_prince georges.pdf: HTTPSConnectionPool(host='www.elections.maryland.gov', port=443): Max retries exceeded with url: /press_room/2010_stats/gg_prince%20georges.pdf (Caused by NameResolutionError("HTTPSConnection(host='www.elections.maryland.gov', port=443): Failed to resolve 'www.elections.maryland.gov' ([Errno 8] nodename nor servname provided, or not known)"))
2026-02-25 12:52:37,566 WARNING Rate limit warning: 356 requests in the last 60s (threshold: 80)
2026-02-25 12:52:37,566 INFO [depth=6] Crawling: https://www.elections.maryland.gov/press_room/2010_stats/gg_queen annes.pdf
2026-02-25 12:52:37,568 WARNING HEAD request failed for https://www.elections.maryland.gov/press_room/2010_stats/gg_queen annes.pdf: HTTPSConnectionPool(host='www.elections.maryland.gov', port=443): Max retries exceeded with url: /press_room/2010_stats/gg_queen%20annes.pdf (Caused by NameResolutionError("HTTPSConnection(host='www.elections.maryland.gov', port=443): Failed to resolve 'www.elections.maryland.gov' ([Errno 8] nodename nor servname provided, or not known)"))
2026-02-25 12:52:37,568 WARNING Rate limit warning: 357 requests in the last 60s (threshold: 80)
2026-02-25 12:52:37,568 INFO [depth=6] Crawling: https://www.elections.maryland.gov/press_room/2010_stats/gg_saint marys.pdf
2026-02-25 12:52:37,569 WARNING HEAD request failed for https://www.elections.maryland.gov/press_room/2010_stats/gg_saint marys.pdf: HTTPSConnectionPool(host='www.elections.maryland.gov', port=443): Max retries exceeded with url: /press_room/2010_stats/gg_saint%20marys.pdf (Caused by NameResolutionError("HTTPSConnection(host='www.elections.maryland.gov', port=443): Failed to resolve 'www.elections.maryland.gov' ([Errno 8] nodename nor servname provided, or not known)"))
2026-02-25 12:52:37,569 WARNING Rate limit warning: 358 requests in the last 60s (threshold: 80)
2026-02-25 12:52:37,569 INFO [depth=6] Crawling: https://www.elections.maryland.gov/press_room/2010_stats/gg_somerset.pdf
2026-02-25 12:52:37,570 WARNING HEAD request failed for https://www.elections.maryland.gov/press_room/2010_stats/gg_somerset.pdf: HTTPSConnectionPool(host='www.elections.maryland.gov', port=443): Max retries exceeded with url: /press_room/2010_stats/gg_somerset.pdf (Caused by NameResolutionError("HTTPSConnection(host='www.elections.maryland.gov', port=443): Failed to resolve 'www.elections.maryland.gov' ([Errno 8] nodename nor servname provided, or not known)"))
2026-02-25 12:52:37,570 WARNING Rate limit warning: 359 requests in the last 60s (threshold: 80)
2026-02-25 12:52:37,570 INFO [depth=6] Crawling: https://www.elections.maryland.gov/press_room/2010_stats/gg_talbot.pdf
2026-02-25 12:52:37,571 WARNING HEAD request failed for https://www.elections.maryland.gov/press_room/2010_stats/gg_talbot.pdf: HTTPSConnectionPool(host='www.elections.maryland.gov', port=443): Max retries exceeded with url: /press_room/2010_stats/gg_talbot.pdf (Caused by NameResolutionError("HTTPSConnection(host='www.elections.maryland.gov', port=443): Failed to resolve 'www.elections.maryland.gov' ([Errno 8] nodename nor servname provided, or not known)"))
2026-02-25 12:52:37,571 WARNING Rate limit warning: 360 requests in the last 60s (threshold: 80)
2026-02-25 12:52:37,571 INFO [depth=6] Crawling: https://www.elections.maryland.gov/press_room/2010_stats/gg_washington.pdf
2026-02-25 12:52:37,572 WARNING HEAD request failed for https://www.elections.maryland.gov/press_room/2010_stats/gg_washington.pdf: HTTPSConnectionPool(host='www.elections.maryland.gov', port=443): Max retries exceeded with url: /press_room/2010_stats/gg_washington.pdf (Caused by NameResolutionError("HTTPSConnection(host='www.elections.maryland.gov', port=443): Failed to resolve 'www.elections.maryland.gov' ([Errno 8] nodename nor servname provided, or not known)"))
2026-02-25 12:52:37,572 WARNING Rate limit warning: 361 requests in the last 60s (threshold: 80)
2026-02-25 12:52:37,573 INFO [depth=6] Crawling: https://www.elections.maryland.gov/press_room/2010_stats/gg_wicomico.pdf
2026-02-25 12:52:37,574 WARNING HEAD request failed for https://www.elections.maryland.gov/press_room/2010_stats/gg_wicomico.pdf: HTTPSConnectionPool(host='www.elections.maryland.gov', port=443): Max retries exceeded with url: /press_room/2010_stats/gg_wicomico.pdf (Caused by NameResolutionError("HTTPSConnection(host='www.elections.maryland.gov', port=443): Failed to resolve 'www.elections.maryland.gov' ([Errno 8] nodename nor servname provided, or not known)"))
2026-02-25 12:52:37,574 WARNING Rate limit warning: 362 requests in the last 60s (threshold: 80)
2026-02-25 12:52:37,574 INFO [depth=6] Crawling: https://www.elections.maryland.gov/press_room/2010_stats/gg_worcester.pdf
2026-02-25 12:52:37,575 WARNING HEAD request failed for https://www.elections.maryland.gov/press_room/2010_stats/gg_worcester.pdf: HTTPSConnectionPool(host='www.elections.maryland.gov', port=443): Max retries exceeded with url: /press_room/2010_stats/gg_worcester.pdf (Caused by NameResolutionError("HTTPSConnection(host='www.elections.maryland.gov', port=443): Failed to resolve 'www.elections.maryland.gov' ([Errno 8] nodename nor servname provided, or not known)"))
2026-02-25 12:52:37,575 WARNING Rate limit warning: 363 requests in the last 60s (threshold: 80)
2026-02-25 12:52:37,575 INFO [depth=6] Crawling: https://www.elections.maryland.gov/press_room/2010_stats/gp10_statewide.pdf
2026-02-25 12:52:37,576 WARNING HEAD request failed for https://www.elections.maryland.gov/press_room/2010_stats/gp10_statewide.pdf: HTTPSConnectionPool(host='www.elections.maryland.gov', port=443): Max retries exceeded with url: /press_room/2010_stats/gp10_statewide.pdf (Caused by NameResolutionError("HTTPSConnection(host='www.elections.maryland.gov', port=443): Failed to resolve 'www.elections.maryland.gov' ([Errno 8] nodename nor servname provided, or not known)"))
2026-02-25 12:52:37,576 WARNING Rate limit warning: 364 requests in the last 60s (threshold: 80)
2026-02-25 12:52:37,576 INFO [depth=6] Crawling: https://www.elections.maryland.gov/press_room/2010_stats/by congressional district.pdf
2026-02-25 12:52:37,577 WARNING HEAD request failed for https://www.elections.maryland.gov/press_room/2010_stats/by congressional district.pdf: HTTPSConnectionPool(host='www.elections.maryland.gov', port=443): Max retries exceeded with url: /press_room/2010_stats/by%20congressional%20district.pdf (Caused by NameResolutionError("HTTPSConnection(host='www.elections.maryland.gov', port=443): Failed to resolve 'www.elections.maryland.gov' ([Errno 8] nodename nor servname provided, or not known)"))
2026-02-25 12:52:37,577 WARNING Rate limit warning: 365 requests in the last 60s (threshold: 80)
2026-02-25 12:52:37,577 INFO [depth=6] Crawling: https://www.elections.maryland.gov/press_room/2010_stats/by legislative district.pdf
2026-02-25 12:52:37,578 WARNING HEAD request failed for https://www.elections.maryland.gov/press_room/2010_stats/by legislative district.pdf: HTTPSConnectionPool(host='www.elections.maryland.gov', port=443): Max retries exceeded with url: /press_room/2010_stats/by%20legislative%20district.pdf (Caused by NameResolutionError("HTTPSConnection(host='www.elections.maryland.gov', port=443): Failed to resolve 'www.elections.maryland.gov' ([Errno 8] nodename nor servname provided, or not known)"))
2026-02-25 12:52:37,578 WARNING Rate limit warning: 366 requests in the last 60s (threshold: 80)
2026-02-25 12:52:37,578 INFO [depth=6] Crawling: https://www.elections.maryland.gov/press_room/2010_stats/allegany.pdf
2026-02-25 12:52:37,579 WARNING HEAD request failed for https://www.elections.maryland.gov/press_room/2010_stats/allegany.pdf: HTTPSConnectionPool(host='www.elections.maryland.gov', port=443): Max retries exceeded with url: /press_room/2010_stats/allegany.pdf (Caused by NameResolutionError("HTTPSConnection(host='www.elections.maryland.gov', port=443): Failed to resolve 'www.elections.maryland.gov' ([Errno 8] nodename nor servname provided, or not known)"))
2026-02-25 12:52:37,580 WARNING Rate limit warning: 367 requests in the last 60s (threshold: 80)
2026-02-25 12:52:37,580 INFO [depth=6] Crawling: https://www.elections.maryland.gov/press_room/2010_stats/anne arundel.pdf
2026-02-25 12:52:37,580 WARNING HEAD request failed for https://www.elections.maryland.gov/press_room/2010_stats/anne arundel.pdf: HTTPSConnectionPool(host='www.elections.maryland.gov', port=443): Max retries exceeded with url: /press_room/2010_stats/anne%20arundel.pdf (Caused by NameResolutionError("HTTPSConnection(host='www.elections.maryland.gov', port=443): Failed to resolve 'www.elections.maryland.gov' ([Errno 8] nodename nor servname provided, or not known)"))
2026-02-25 12:52:37,580 WARNING Rate limit warning: 368 requests in the last 60s (threshold: 80)
2026-02-25 12:52:37,581 INFO [depth=6] Crawling: https://www.elections.maryland.gov/press_room/2010_stats/baltimore city.pdf
2026-02-25 12:52:37,581 WARNING HEAD request failed for https://www.elections.maryland.gov/press_room/2010_stats/baltimore city.pdf: HTTPSConnectionPool(host='www.elections.maryland.gov', port=443): Max retries exceeded with url: /press_room/2010_stats/baltimore%20city.pdf (Caused by NameResolutionError("HTTPSConnection(host='www.elections.maryland.gov', port=443): Failed to resolve 'www.elections.maryland.gov' ([Errno 8] nodename nor servname provided, or not known)"))
2026-02-25 12:52:37,582 WARNING Rate limit warning: 369 requests in the last 60s (threshold: 80)
2026-02-25 12:52:37,582 INFO [depth=6] Crawling: https://www.elections.maryland.gov/press_room/2010_stats/baltimorecounty.pdf
2026-02-25 12:52:37,582 WARNING HEAD request failed for https://www.elections.maryland.gov/press_room/2010_stats/baltimorecounty.pdf: HTTPSConnectionPool(host='www.elections.maryland.gov', port=443): Max retries exceeded with url: /press_room/2010_stats/baltimorecounty.pdf (Caused by NameResolutionError("HTTPSConnection(host='www.elections.maryland.gov', port=443): Failed to resolve 'www.elections.maryland.gov' ([Errno 8] nodename nor servname provided, or not known)"))
2026-02-25 12:52:37,582 WARNING Rate limit warning: 370 requests in the last 60s (threshold: 80)
2026-02-25 12:52:37,583 INFO [depth=6] Crawling: https://www.elections.maryland.gov/press_room/2010_stats/calvert.pdf
2026-02-25 12:52:37,583 WARNING HEAD request failed for https://www.elections.maryland.gov/press_room/2010_stats/calvert.pdf: HTTPSConnectionPool(host='www.elections.maryland.gov', port=443): Max retries exceeded with url: /press_room/2010_stats/calvert.pdf (Caused by NameResolutionError("HTTPSConnection(host='www.elections.maryland.gov', port=443): Failed to resolve 'www.elections.maryland.gov' ([Errno 8] nodename nor servname provided, or not known)"))
2026-02-25 12:52:37,584 WARNING Rate limit warning: 371 requests in the last 60s (threshold: 80)
2026-02-25 12:52:37,584 INFO [depth=6] Crawling: https://www.elections.maryland.gov/press_room/2010_stats/caroline.pdf
2026-02-25 12:52:37,585 WARNING HEAD request failed for https://www.elections.maryland.gov/press_room/2010_stats/caroline.pdf: HTTPSConnectionPool(host='www.elections.maryland.gov', port=443): Max retries exceeded with url: /press_room/2010_stats/caroline.pdf (Caused by NameResolutionError("HTTPSConnection(host='www.elections.maryland.gov', port=443): Failed to resolve 'www.elections.maryland.gov' ([Errno 8] nodename nor servname provided, or not known)"))
2026-02-25 12:52:37,585 WARNING Rate limit warning: 372 requests in the last 60s (threshold: 80)
2026-02-25 12:52:37,585 INFO [depth=6] Crawling: https://www.elections.maryland.gov/press_room/2010_stats/carroll.pdf
2026-02-25 12:52:37,587 WARNING HEAD request failed for https://www.elections.maryland.gov/press_room/2010_stats/carroll.pdf: HTTPSConnectionPool(host='www.elections.maryland.gov', port=443): Max retries exceeded with url: /press_room/2010_stats/carroll.pdf (Caused by NameResolutionError("HTTPSConnection(host='www.elections.maryland.gov', port=443): Failed to resolve 'www.elections.maryland.gov' ([Errno 8] nodename nor servname provided, or not known)"))
2026-02-25 12:52:37,587 WARNING Rate limit warning: 373 requests in the last 60s (threshold: 80)
2026-02-25 12:52:37,587 INFO [depth=6] Crawling: https://www.elections.maryland.gov/press_room/2010_stats/cecil.pdf
2026-02-25 12:52:37,587 WARNING HEAD request failed for https://www.elections.maryland.gov/press_room/2010_stats/cecil.pdf: HTTPSConnectionPool(host='www.elections.maryland.gov', port=443): Max retries exceeded with url: /press_room/2010_stats/cecil.pdf (Caused by NameResolutionError("HTTPSConnection(host='www.elections.maryland.gov', port=443): Failed to resolve 'www.elections.maryland.gov' ([Errno 8] nodename nor servname provided, or not known)"))
2026-02-25 12:52:37,588 WARNING Rate limit warning: 374 requests in the last 60s (threshold: 80)
2026-02-25 12:52:37,588 INFO [depth=6] Crawling: https://www.elections.maryland.gov/press_room/2010_stats/charles.pdf
2026-02-25 12:52:37,588 WARNING HEAD request failed for https://www.elections.maryland.gov/press_room/2010_stats/charles.pdf: HTTPSConnectionPool(host='www.elections.maryland.gov', port=443): Max retries exceeded with url: /press_room/2010_stats/charles.pdf (Caused by NameResolutionError("HTTPSConnection(host='www.elections.maryland.gov', port=443): Failed to resolve 'www.elections.maryland.gov' ([Errno 8] nodename nor servname provided, or not known)"))
2026-02-25 12:52:37,588 WARNING Rate limit warning: 375 requests in the last 60s (threshold: 80)
2026-02-25 12:52:37,589 INFO [depth=6] Crawling: https://www.elections.maryland.gov/press_room/2010_stats/dorchester.pdf
2026-02-25 12:52:37,589 WARNING HEAD request failed for https://www.elections.maryland.gov/press_room/2010_stats/dorchester.pdf: HTTPSConnectionPool(host='www.elections.maryland.gov', port=443): Max retries exceeded with url: /press_room/2010_stats/dorchester.pdf (Caused by NameResolutionError("HTTPSConnection(host='www.elections.maryland.gov', port=443): Failed to resolve 'www.elections.maryland.gov' ([Errno 8] nodename nor servname provided, or not known)"))
2026-02-25 12:52:37,589 WARNING Rate limit warning: 376 requests in the last 60s (threshold: 80)
2026-02-25 12:52:37,589 INFO [depth=6] Crawling: https://www.elections.maryland.gov/press_room/2010_stats/frederick.pdf
2026-02-25 12:52:37,590 WARNING HEAD request failed for https://www.elections.maryland.gov/press_room/2010_stats/frederick.pdf: HTTPSConnectionPool(host='www.elections.maryland.gov', port=443): Max retries exceeded with url: /press_room/2010_stats/frederick.pdf (Caused by NameResolutionError("HTTPSConnection(host='www.elections.maryland.gov', port=443): Failed to resolve 'www.elections.maryland.gov' ([Errno 8] nodename nor servname provided, or not known)"))
2026-02-25 12:52:37,590 WARNING Rate limit warning: 377 requests in the last 60s (threshold: 80)
2026-02-25 12:52:37,590 INFO [depth=6] Crawling: https://www.elections.maryland.gov/press_room/2010_stats/garrett.pdf
2026-02-25 12:52:37,591 WARNING HEAD request failed for https://www.elections.maryland.gov/press_room/2010_stats/garrett.pdf: HTTPSConnectionPool(host='www.elections.maryland.gov', port=443): Max retries exceeded with url: /press_room/2010_stats/garrett.pdf (Caused by NameResolutionError("HTTPSConnection(host='www.elections.maryland.gov', port=443): Failed to resolve 'www.elections.maryland.gov' ([Errno 8] nodename nor servname provided, or not known)"))
2026-02-25 12:52:37,591 WARNING Rate limit warning: 378 requests in the last 60s (threshold: 80)
2026-02-25 12:52:37,591 INFO [depth=6] Crawling: https://www.elections.maryland.gov/press_room/2010_stats/harford.pdf
2026-02-25 12:52:37,592 WARNING HEAD request failed for https://www.elections.maryland.gov/press_room/2010_stats/harford.pdf: HTTPSConnectionPool(host='www.elections.maryland.gov', port=443): Max retries exceeded with url: /press_room/2010_stats/harford.pdf (Caused by NameResolutionError("HTTPSConnection(host='www.elections.maryland.gov', port=443): Failed to resolve 'www.elections.maryland.gov' ([Errno 8] nodename nor servname provided, or not known)"))
2026-02-25 12:52:37,592 WARNING Rate limit warning: 379 requests in the last 60s (threshold: 80)
2026-02-25 12:52:37,592 INFO [depth=6] Crawling: https://www.elections.maryland.gov/press_room/2010_stats/howard.pdf
2026-02-25 12:52:37,593 WARNING HEAD request failed for https://www.elections.maryland.gov/press_room/2010_stats/howard.pdf: HTTPSConnectionPool(host='www.elections.maryland.gov', port=443): Max retries exceeded with url: /press_room/2010_stats/howard.pdf (Caused by NameResolutionError("HTTPSConnection(host='www.elections.maryland.gov', port=443): Failed to resolve 'www.elections.maryland.gov' ([Errno 8] nodename nor servname provided, or not known)"))
2026-02-25 12:52:37,593 WARNING Rate limit warning: 380 requests in the last 60s (threshold: 80)
2026-02-25 12:52:37,593 INFO [depth=6] Crawling: https://www.elections.maryland.gov/press_room/2010_stats/kent.pdf
2026-02-25 12:52:37,594 WARNING HEAD request failed for https://www.elections.maryland.gov/press_room/2010_stats/kent.pdf: HTTPSConnectionPool(host='www.elections.maryland.gov', port=443): Max retries exceeded with url: /press_room/2010_stats/kent.pdf (Caused by NameResolutionError("HTTPSConnection(host='www.elections.maryland.gov', port=443): Failed to resolve 'www.elections.maryland.gov' ([Errno 8] nodename nor servname provided, or not known)"))
2026-02-25 12:52:37,594 WARNING Rate limit warning: 381 requests in the last 60s (threshold: 80)
2026-02-25 12:52:37,594 INFO [depth=6] Crawling: https://www.elections.maryland.gov/press_room/2010_stats/montgomery.pdf
2026-02-25 12:52:37,595 WARNING HEAD request failed for https://www.elections.maryland.gov/press_room/2010_stats/montgomery.pdf: HTTPSConnectionPool(host='www.elections.maryland.gov', port=443): Max retries exceeded with url: /press_room/2010_stats/montgomery.pdf (Caused by NameResolutionError("HTTPSConnection(host='www.elections.maryland.gov', port=443): Failed to resolve 'www.elections.maryland.gov' ([Errno 8] nodename nor servname provided, or not known)"))
2026-02-25 12:52:37,595 WARNING Rate limit warning: 382 requests in the last 60s (threshold: 80)
2026-02-25 12:52:37,595 INFO [depth=6] Crawling: https://www.elections.maryland.gov/press_room/2010_stats/prince georges.pdf
2026-02-25 12:52:37,596 WARNING HEAD request failed for https://www.elections.maryland.gov/press_room/2010_stats/prince georges.pdf: HTTPSConnectionPool(host='www.elections.maryland.gov', port=443): Max retries exceeded with url: /press_room/2010_stats/prince%20georges.pdf (Caused by NameResolutionError("HTTPSConnection(host='www.elections.maryland.gov', port=443): Failed to resolve 'www.elections.maryland.gov' ([Errno 8] nodename nor servname provided, or not known)"))
2026-02-25 12:52:37,596 WARNING Rate limit warning: 383 requests in the last 60s (threshold: 80)
2026-02-25 12:52:37,597 INFO [depth=6] Crawling: https://www.elections.maryland.gov/press_room/2010_stats/queen annes.pdf
2026-02-25 12:52:37,598 WARNING HEAD request failed for https://www.elections.maryland.gov/press_room/2010_stats/queen annes.pdf: HTTPSConnectionPool(host='www.elections.maryland.gov', port=443): Max retries exceeded with url: /press_room/2010_stats/queen%20annes.pdf (Caused by NameResolutionError("HTTPSConnection(host='www.elections.maryland.gov', port=443): Failed to resolve 'www.elections.maryland.gov' ([Errno 8] nodename nor servname provided, or not known)"))
2026-02-25 12:52:37,598 WARNING Rate limit warning: 384 requests in the last 60s (threshold: 80)
2026-02-25 12:52:37,598 INFO [depth=6] Crawling: https://www.elections.maryland.gov/press_room/2010_stats/saint marys.pdf
2026-02-25 12:52:37,599 WARNING HEAD request failed for https://www.elections.maryland.gov/press_room/2010_stats/saint marys.pdf: HTTPSConnectionPool(host='www.elections.maryland.gov', port=443): Max retries exceeded with url: /press_room/2010_stats/saint%20marys.pdf (Caused by NameResolutionError("HTTPSConnection(host='www.elections.maryland.gov', port=443): Failed to resolve 'www.elections.maryland.gov' ([Errno 8] nodename nor servname provided, or not known)"))
2026-02-25 12:52:37,599 WARNING Rate limit warning: 385 requests in the last 60s (threshold: 80)
2026-02-25 12:52:37,599 INFO [depth=6] Crawling: https://www.elections.maryland.gov/press_room/2010_stats/somerset.pdf
2026-02-25 12:52:37,600 WARNING HEAD request failed for https://www.elections.maryland.gov/press_room/2010_stats/somerset.pdf: HTTPSConnectionPool(host='www.elections.maryland.gov', port=443): Max retries exceeded with url: /press_room/2010_stats/somerset.pdf (Caused by NameResolutionError("HTTPSConnection(host='www.elections.maryland.gov', port=443): Failed to resolve 'www.elections.maryland.gov' ([Errno 8] nodename nor servname provided, or not known)"))
2026-02-25 12:52:37,600 WARNING Rate limit warning: 386 requests in the last 60s (threshold: 80)
2026-02-25 12:52:37,600 INFO [depth=6] Crawling: https://www.elections.maryland.gov/press_room/2010_stats/talbot.pdf
2026-02-25 12:52:37,601 WARNING HEAD request failed for https://www.elections.maryland.gov/press_room/2010_stats/talbot.pdf: HTTPSConnectionPool(host='www.elections.maryland.gov', port=443): Max retries exceeded with url: /press_room/2010_stats/talbot.pdf (Caused by NameResolutionError("HTTPSConnection(host='www.elections.maryland.gov', port=443): Failed to resolve 'www.elections.maryland.gov' ([Errno 8] nodename nor servname provided, or not known)"))
2026-02-25 12:52:37,601 WARNING Rate limit warning: 387 requests in the last 60s (threshold: 80)
2026-02-25 12:52:37,601 INFO [depth=6] Crawling: https://www.elections.maryland.gov/press_room/2010_stats/washington.pdf
2026-02-25 12:52:37,604 WARNING HEAD request failed for https://www.elections.maryland.gov/press_room/2010_stats/washington.pdf: HTTPSConnectionPool(host='www.elections.maryland.gov', port=443): Max retries exceeded with url: /press_room/2010_stats/washington.pdf (Caused by NameResolutionError("HTTPSConnection(host='www.elections.maryland.gov', port=443): Failed to resolve 'www.elections.maryland.gov' ([Errno 8] nodename nor servname provided, or not known)"))
2026-02-25 12:52:37,604 WARNING Rate limit warning: 388 requests in the last 60s (threshold: 80)
2026-02-25 12:52:37,604 INFO [depth=6] Crawling: https://www.elections.maryland.gov/press_room/2010_stats/wicomico.pdf
2026-02-25 12:52:37,605 WARNING HEAD request failed for https://www.elections.maryland.gov/press_room/2010_stats/wicomico.pdf: HTTPSConnectionPool(host='www.elections.maryland.gov', port=443): Max retries exceeded with url: /press_room/2010_stats/wicomico.pdf (Caused by NameResolutionError("HTTPSConnection(host='www.elections.maryland.gov', port=443): Failed to resolve 'www.elections.maryland.gov' ([Errno 8] nodename nor servname provided, or not known)"))
2026-02-25 12:52:37,605 WARNING Rate limit warning: 389 requests in the last 60s (threshold: 80)
2026-02-25 12:52:37,605 INFO [depth=6] Crawling: https://www.elections.maryland.gov/press_room/2010_stats/worcester.pdf
2026-02-25 12:52:37,606 WARNING HEAD request failed for https://www.elections.maryland.gov/press_room/2010_stats/worcester.pdf: HTTPSConnectionPool(host='www.elections.maryland.gov', port=443): Max retries exceeded with url: /press_room/2010_stats/worcester.pdf (Caused by NameResolutionError("HTTPSConnection(host='www.elections.maryland.gov', port=443): Failed to resolve 'www.elections.maryland.gov' ([Errno 8] nodename nor servname provided, or not known)"))
2026-02-25 12:52:37,606 WARNING Rate limit warning: 389 requests in the last 60s (threshold: 80)
2026-02-25 12:52:37,606 INFO [depth=6] Crawling: https://www.elections.maryland.gov/pdf/vrar/2008_general_stats.pdf
2026-02-25 12:52:37,607 WARNING HEAD request failed for https://www.elections.maryland.gov/pdf/vrar/2008_general_stats.pdf: HTTPSConnectionPool(host='www.elections.maryland.gov', port=443): Max retries exceeded with url: /pdf/vrar/2008_general_stats.pdf (Caused by NameResolutionError("HTTPSConnection(host='www.elections.maryland.gov', port=443): Failed to resolve 'www.elections.maryland.gov' ([Errno 8] nodename nor servname provided, or not known)"))
2026-02-25 12:52:37,607 WARNING Rate limit warning: 390 requests in the last 60s (threshold: 80)
2026-02-25 12:52:37,607 INFO [depth=6] Crawling: https://www.elections.maryland.gov/pdf/vrar/2008_primary_stats.pdf
2026-02-25 12:52:37,608 WARNING HEAD request failed for https://www.elections.maryland.gov/pdf/vrar/2008_primary_stats.pdf: HTTPSConnectionPool(host='www.elections.maryland.gov', port=443): Max retries exceeded with url: /pdf/vrar/2008_primary_stats.pdf (Caused by NameResolutionError("HTTPSConnection(host='www.elections.maryland.gov', port=443): Failed to resolve 'www.elections.maryland.gov' ([Errno 8] nodename nor servname provided, or not known)"))
2026-02-25 12:52:37,608 WARNING Rate limit warning: 391 requests in the last 60s (threshold: 80)
2026-02-25 12:52:37,608 INFO [depth=6] Crawling: https://www.elections.maryland.gov/pdf/vrar/2006_general_stats.pdf
2026-02-25 12:52:37,609 WARNING HEAD request failed for https://www.elections.maryland.gov/pdf/vrar/2006_general_stats.pdf: HTTPSConnectionPool(host='www.elections.maryland.gov', port=443): Max retries exceeded with url: /pdf/vrar/2006_general_stats.pdf (Caused by NameResolutionError("HTTPSConnection(host='www.elections.maryland.gov', port=443): Failed to resolve 'www.elections.maryland.gov' ([Errno 8] nodename nor servname provided, or not known)"))
2026-02-25 12:52:37,609 WARNING Rate limit warning: 392 requests in the last 60s (threshold: 80)
2026-02-25 12:52:37,609 INFO [depth=6] Crawling: https://www.elections.maryland.gov/pdf/vrar/2006_primary_stats.pdf
2026-02-25 12:52:37,610 WARNING HEAD request failed for https://www.elections.maryland.gov/pdf/vrar/2006_primary_stats.pdf: HTTPSConnectionPool(host='www.elections.maryland.gov', port=443): Max retries exceeded with url: /pdf/vrar/2006_primary_stats.pdf (Caused by NameResolutionError("HTTPSConnection(host='www.elections.maryland.gov', port=443): Failed to resolve 'www.elections.maryland.gov' ([Errno 8] nodename nor servname provided, or not known)"))
2026-02-25 12:52:37,610 WARNING Rate limit warning: 393 requests in the last 60s (threshold: 80)
2026-02-25 12:52:37,610 INFO [depth=6] Crawling: https://www.elections.maryland.gov/pdf/vrar/0004_10_i.pdf
2026-02-25 12:52:37,611 WARNING HEAD request failed for https://www.elections.maryland.gov/pdf/vrar/0004_10_i.pdf: HTTPSConnectionPool(host='www.elections.maryland.gov', port=443): Max retries exceeded with url: /pdf/vrar/0004_10_i.pdf (Caused by NameResolutionError("HTTPSConnection(host='www.elections.maryland.gov', port=443): Failed to resolve 'www.elections.maryland.gov' ([Errno 8] nodename nor servname provided, or not known)"))
2026-02-25 12:52:37,611 WARNING Rate limit warning: 394 requests in the last 60s (threshold: 80)
2026-02-25 12:52:37,611 INFO [depth=6] Crawling: https://www.elections.maryland.gov/pdf/vrar/0004_0210.pdf
2026-02-25 12:52:37,612 WARNING HEAD request failed for https://www.elections.maryland.gov/pdf/vrar/0004_0210.pdf: HTTPSConnectionPool(host='www.elections.maryland.gov', port=443): Max retries exceeded with url: /pdf/vrar/0004_0210.pdf (Caused by NameResolutionError("HTTPSConnection(host='www.elections.maryland.gov', port=443): Failed to resolve 'www.elections.maryland.gov' ([Errno 8] nodename nor servname provided, or not known)"))
2026-02-25 12:52:37,612 WARNING Rate limit warning: 395 requests in the last 60s (threshold: 80)
2026-02-25 12:52:37,612 INFO [depth=6] Crawling: https://www.elections.maryland.gov/pdf/vrar/0002_1015.pdf
2026-02-25 12:52:37,613 WARNING HEAD request failed for https://www.elections.maryland.gov/pdf/vrar/0002_1015.pdf: HTTPSConnectionPool(host='www.elections.maryland.gov', port=443): Max retries exceeded with url: /pdf/vrar/0002_1015.pdf (Caused by NameResolutionError("HTTPSConnection(host='www.elections.maryland.gov', port=443): Failed to resolve 'www.elections.maryland.gov' ([Errno 8] nodename nor servname provided, or not known)"))
2026-02-25 12:52:37,613 WARNING Rate limit warning: 396 requests in the last 60s (threshold: 80)
2026-02-25 12:52:37,613 INFO [depth=6] Crawling: https://www.elections.maryland.gov/pdf/vrar/0002_0820.pdf
2026-02-25 12:52:37,614 WARNING HEAD request failed for https://www.elections.maryland.gov/pdf/vrar/0002_0820.pdf: HTTPSConnectionPool(host='www.elections.maryland.gov', port=443): Max retries exceeded with url: /pdf/vrar/0002_0820.pdf (Caused by NameResolutionError("HTTPSConnection(host='www.elections.maryland.gov', port=443): Failed to resolve 'www.elections.maryland.gov' ([Errno 8] nodename nor servname provided, or not known)"))
2026-02-25 12:52:37,614 WARNING Rate limit warning: 397 requests in the last 60s (threshold: 80)
2026-02-25 12:52:37,614 INFO [depth=6] Crawling: https://www.elections.maryland.gov/pdf/vrar/0000_1013.pdf
2026-02-25 12:52:37,615 WARNING HEAD request failed for https://www.elections.maryland.gov/pdf/vrar/0000_1013.pdf: HTTPSConnectionPool(host='www.elections.maryland.gov', port=443): Max retries exceeded with url: /pdf/vrar/0000_1013.pdf (Caused by NameResolutionError("HTTPSConnection(host='www.elections.maryland.gov', port=443): Failed to resolve 'www.elections.maryland.gov' ([Errno 8] nodename nor servname provided, or not known)"))
2026-02-25 12:52:37,615 WARNING Rate limit warning: 398 requests in the last 60s (threshold: 80)
2026-02-25 12:52:37,615 INFO [depth=6] Crawling: https://www.elections.maryland.gov/forms/documents/new_party_petition_form_FINAL.pdf
2026-02-25 12:52:37,616 WARNING HEAD request failed for https://www.elections.maryland.gov/forms/documents/new_party_petition_form_FINAL.pdf: HTTPSConnectionPool(host='www.elections.maryland.gov', port=443): Max retries exceeded with url: /forms/documents/new_party_petition_form_FINAL.pdf (Caused by NameResolutionError("HTTPSConnection(host='www.elections.maryland.gov', port=443): Failed to resolve 'www.elections.maryland.gov' ([Errno 8] nodename nor servname provided, or not known)"))
2026-02-25 12:52:37,616 WARNING Rate limit warning: 399 requests in the last 60s (threshold: 80)
2026-02-25 12:52:37,616 INFO [depth=6] Crawling: https://www.elections.maryland.gov/pdf/6-201-1B.pdf
2026-02-25 12:52:37,617 WARNING HEAD request failed for https://www.elections.maryland.gov/pdf/6-201-1B.pdf: HTTPSConnectionPool(host='www.elections.maryland.gov', port=443): Max retries exceeded with url: /pdf/6-201-1B.pdf (Caused by NameResolutionError("HTTPSConnection(host='www.elections.maryland.gov', port=443): Failed to resolve 'www.elections.maryland.gov' ([Errno 8] nodename nor servname provided, or not known)"))
2026-02-25 12:52:37,618 WARNING Rate limit warning: 400 requests in the last 60s (threshold: 80)
2026-02-25 12:52:37,618 INFO [depth=6] Crawling: https://www.elections.maryland.gov/pdf/6-201-3A.pdf
2026-02-25 12:52:37,619 WARNING HEAD request failed for https://www.elections.maryland.gov/pdf/6-201-3A.pdf: HTTPSConnectionPool(host='www.elections.maryland.gov', port=443): Max retries exceeded with url: /pdf/6-201-3A.pdf (Caused by NameResolutionError("HTTPSConnection(host='www.elections.maryland.gov', port=443): Failed to resolve 'www.elections.maryland.gov' ([Errno 8] nodename nor servname provided, or not known)"))
2026-02-25 12:52:37,619 WARNING Rate limit warning: 401 requests in the last 60s (threshold: 80)
2026-02-25 12:52:37,619 INFO [depth=6] Crawling: https://www.elections.maryland.gov/forms/documents/referendum_petition_form FINAL.pdf
2026-02-25 12:52:37,620 WARNING HEAD request failed for https://www.elections.maryland.gov/forms/documents/referendum_petition_form FINAL.pdf: HTTPSConnectionPool(host='www.elections.maryland.gov', port=443): Max retries exceeded with url: /forms/documents/referendum_petition_form%20FINAL.pdf (Caused by NameResolutionError("HTTPSConnection(host='www.elections.maryland.gov', port=443): Failed to resolve 'www.elections.maryland.gov' ([Errno 8] nodename nor servname provided, or not known)"))
2026-02-25 12:52:37,620 WARNING Rate limit warning: 402 requests in the last 60s (threshold: 80)
2026-02-25 12:52:37,620 INFO [depth=6] Crawling: https://www.elections.maryland.gov/forms/documents/public_local_law_referendum_form_FINAL.pdf
2026-02-25 12:52:37,623 WARNING HEAD request failed for https://www.elections.maryland.gov/forms/documents/public_local_law_referendum_form_FINAL.pdf: HTTPSConnectionPool(host='www.elections.maryland.gov', port=443): Max retries exceeded with url: /forms/documents/public_local_law_referendum_form_FINAL.pdf (Caused by NameResolutionError("HTTPSConnection(host='www.elections.maryland.gov', port=443): Failed to resolve 'www.elections.maryland.gov' ([Errno 8] nodename nor servname provided, or not known)"))
2026-02-25 12:52:37,623 WARNING Rate limit warning: 403 requests in the last 60s (threshold: 80)
2026-02-25 12:52:37,623 INFO [depth=6] Crawling: https://www.elections.maryland.gov/pdf/6-201-3B.pdf
2026-02-25 12:52:37,624 WARNING HEAD request failed for https://www.elections.maryland.gov/pdf/6-201-3B.pdf: HTTPSConnectionPool(host='www.elections.maryland.gov', port=443): Max retries exceeded with url: /pdf/6-201-3B.pdf (Caused by NameResolutionError("HTTPSConnection(host='www.elections.maryland.gov', port=443): Failed to resolve 'www.elections.maryland.gov' ([Errno 8] nodename nor servname provided, or not known)"))
2026-02-25 12:52:37,624 WARNING Rate limit warning: 404 requests in the last 60s (threshold: 80)
2026-02-25 12:52:37,624 INFO [depth=6] Crawling: https://www.elections.maryland.gov/pdf/6-201-7B.pdf
2026-02-25 12:52:37,625 WARNING HEAD request failed for https://www.elections.maryland.gov/pdf/6-201-7B.pdf: HTTPSConnectionPool(host='www.elections.maryland.gov', port=443): Max retries exceeded with url: /pdf/6-201-7B.pdf (Caused by NameResolutionError("HTTPSConnection(host='www.elections.maryland.gov', port=443): Failed to resolve 'www.elections.maryland.gov' ([Errno 8] nodename nor servname provided, or not known)"))
2026-02-25 12:52:37,625 WARNING Rate limit warning: 405 requests in the last 60s (threshold: 80)
2026-02-25 12:52:37,625 INFO [depth=6] Crawling: https://www.elections.maryland.gov/forms/documents/charter_amendment_petition_form_FINAL.pdf
2026-02-25 12:52:37,626 WARNING HEAD request failed for https://www.elections.maryland.gov/forms/documents/charter_amendment_petition_form_FINAL.pdf: HTTPSConnectionPool(host='www.elections.maryland.gov', port=443): Max retries exceeded with url: /forms/documents/charter_amendment_petition_form_FINAL.pdf (Caused by NameResolutionError("HTTPSConnection(host='www.elections.maryland.gov', port=443): Failed to resolve 'www.elections.maryland.gov' ([Errno 8] nodename nor servname provided, or not known)"))
2026-02-25 12:52:37,626 WARNING Rate limit warning: 406 requests in the last 60s (threshold: 80)
2026-02-25 12:52:37,626 INFO [depth=6] Crawling: https://www.elections.maryland.gov/forms/documents/charter_board_petition_county_board_form_FINAL.pdf
2026-02-25 12:52:37,627 WARNING HEAD request failed for https://www.elections.maryland.gov/forms/documents/charter_board_petition_county_board_form_FINAL.pdf: HTTPSConnectionPool(host='www.elections.maryland.gov', port=443): Max retries exceeded with url: /forms/documents/charter_board_petition_county_board_form_FINAL.pdf (Caused by NameResolutionError("HTTPSConnection(host='www.elections.maryland.gov', port=443): Failed to resolve 'www.elections.maryland.gov' ([Errno 8] nodename nor servname provided, or not known)"))
2026-02-25 12:52:37,627 WARNING Rate limit warning: 407 requests in the last 60s (threshold: 80)
2026-02-25 12:52:37,628 INFO [depth=6] Crawling: https://www.elections.maryland.gov/forms/documents/charter_board_petition_commissioners_form_FINAL.pdf
2026-02-25 12:52:37,629 WARNING HEAD request failed for https://www.elections.maryland.gov/forms/documents/charter_board_petition_commissioners_form_FINAL.pdf: HTTPSConnectionPool(host='www.elections.maryland.gov', port=443): Max retries exceeded with url: /forms/documents/charter_board_petition_commissioners_form_FINAL.pdf (Caused by NameResolutionError("HTTPSConnection(host='www.elections.maryland.gov', port=443): Failed to resolve 'www.elections.maryland.gov' ([Errno 8] nodename nor servname provided, or not known)"))
2026-02-25 12:52:37,629 WARNING Rate limit warning: 408 requests in the last 60s (threshold: 80)
2026-02-25 12:52:37,629 INFO [depth=6] Crawling: https://www.elections.maryland.gov/forms/documents/charter_board_nomination_petition_form_FINAL.pdf
2026-02-25 12:52:37,630 WARNING HEAD request failed for https://www.elections.maryland.gov/forms/documents/charter_board_nomination_petition_form_FINAL.pdf: HTTPSConnectionPool(host='www.elections.maryland.gov', port=443): Max retries exceeded with url: /forms/documents/charter_board_nomination_petition_form_FINAL.pdf (Caused by NameResolutionError("HTTPSConnection(host='www.elections.maryland.gov', port=443): Failed to resolve 'www.elections.maryland.gov' ([Errno 8] nodename nor servname provided, or not known)"))
2026-02-25 12:52:37,630 WARNING Rate limit warning: 409 requests in the last 60s (threshold: 80)
2026-02-25 12:52:37,630 INFO [depth=6] Crawling: https://www.elections.maryland.gov/pdf/6-201-5B.pdf
2026-02-25 12:52:37,631 WARNING HEAD request failed for https://www.elections.maryland.gov/pdf/6-201-5B.pdf: HTTPSConnectionPool(host='www.elections.maryland.gov', port=443): Max retries exceeded with url: /pdf/6-201-5B.pdf (Caused by NameResolutionError("HTTPSConnection(host='www.elections.maryland.gov', port=443): Failed to resolve 'www.elections.maryland.gov' ([Errno 8] nodename nor servname provided, or not known)"))
2026-02-25 12:52:37,631 WARNING Rate limit warning: 410 requests in the last 60s (threshold: 80)
2026-02-25 12:52:37,631 INFO [depth=6] Crawling: https://www.elections.maryland.gov/pdf/6-201-6B.pdf
2026-02-25 12:52:37,633 WARNING HEAD request failed for https://www.elections.maryland.gov/pdf/6-201-6B.pdf: HTTPSConnectionPool(host='www.elections.maryland.gov', port=443): Max retries exceeded with url: /pdf/6-201-6B.pdf (Caused by NameResolutionError("HTTPSConnection(host='www.elections.maryland.gov', port=443): Failed to resolve 'www.elections.maryland.gov' ([Errno 8] nodename nor servname provided, or not known)"))
2026-02-25 12:52:37,633 WARNING Rate limit warning: 411 requests in the last 60s (threshold: 80)
2026-02-25 12:52:37,633 INFO [depth=6] Crawling: https://www.elections.maryland.gov/forms/documents/local_referendum_form_FINAL.pdf
2026-02-25 12:52:37,634 WARNING HEAD request failed for https://www.elections.maryland.gov/forms/documents/local_referendum_form_FINAL.pdf: HTTPSConnectionPool(host='www.elections.maryland.gov', port=443): Max retries exceeded with url: /forms/documents/local_referendum_form_FINAL.pdf (Caused by NameResolutionError("HTTPSConnection(host='www.elections.maryland.gov', port=443): Failed to resolve 'www.elections.maryland.gov' ([Errno 8] nodename nor servname provided, or not known)"))
2026-02-25 12:52:37,634 WARNING Rate limit warning: 412 requests in the last 60s (threshold: 80)
2026-02-25 12:52:37,634 INFO [depth=6] Crawling: https://www.elections.maryland.gov/pdf/6-201-8B.pdf
2026-02-25 12:52:37,636 WARNING HEAD request failed for https://www.elections.maryland.gov/pdf/6-201-8B.pdf: HTTPSConnectionPool(host='www.elections.maryland.gov', port=443): Max retries exceeded with url: /pdf/6-201-8B.pdf (Caused by NameResolutionError("HTTPSConnection(host='www.elections.maryland.gov', port=443): Failed to resolve 'www.elections.maryland.gov' ([Errno 8] nodename nor servname provided, or not known)"))
2026-02-25 12:52:37,636 WARNING Rate limit warning: 413 requests in the last 60s (threshold: 80)
2026-02-25 12:52:37,636 INFO [depth=6] Crawling: https://www.elections.maryland.gov/forms/documents/candidate_petition_form_FINAL.pdf
2026-02-25 12:52:37,637 WARNING HEAD request failed for https://www.elections.maryland.gov/forms/documents/candidate_petition_form_FINAL.pdf: HTTPSConnectionPool(host='www.elections.maryland.gov', port=443): Max retries exceeded with url: /forms/documents/candidate_petition_form_FINAL.pdf (Caused by NameResolutionError("HTTPSConnection(host='www.elections.maryland.gov', port=443): Failed to resolve 'www.elections.maryland.gov' ([Errno 8] nodename nor servname provided, or not known)"))
2026-02-25 12:52:37,637 WARNING Rate limit warning: 414 requests in the last 60s (threshold: 80)
2026-02-25 12:52:37,637 INFO [depth=6] Crawling: https://www.elections.maryland.gov/pdf/6-201-4B.pdf
2026-02-25 12:52:37,638 WARNING HEAD request failed for https://www.elections.maryland.gov/pdf/6-201-4B.pdf: HTTPSConnectionPool(host='www.elections.maryland.gov', port=443): Max retries exceeded with url: /pdf/6-201-4B.pdf (Caused by NameResolutionError("HTTPSConnection(host='www.elections.maryland.gov', port=443): Failed to resolve 'www.elections.maryland.gov' ([Errno 8] nodename nor servname provided, or not known)"))
2026-02-25 12:52:37,638 WARNING Rate limit warning: 415 requests in the last 60s (threshold: 80)
2026-02-25 12:52:37,638 INFO [depth=6] Crawling: https://www.elections.maryland.gov/forms/documents/primary_candidate_nomination_petition__for_president_form_FINAL.pdf
2026-02-25 12:52:37,640 WARNING HEAD request failed for https://www.elections.maryland.gov/forms/documents/primary_candidate_nomination_petition__for_president_form_FINAL.pdf: HTTPSConnectionPool(host='www.elections.maryland.gov', port=443): Max retries exceeded with url: /forms/documents/primary_candidate_nomination_petition__for_president_form_FINAL.pdf (Caused by NameResolutionError("HTTPSConnection(host='www.elections.maryland.gov', port=443): Failed to resolve 'www.elections.maryland.gov' ([Errno 8] nodename nor servname provided, or not known)"))
2026-02-25 12:52:37,640 WARNING Rate limit warning: 416 requests in the last 60s (threshold: 80)
2026-02-25 12:52:37,640 INFO [depth=6] Crawling: https://www.elections.maryland.gov/forms/documents/Cert of Cand for US Pres Primary Nomination.pdf
2026-02-25 12:52:37,641 WARNING HEAD request failed for https://www.elections.maryland.gov/forms/documents/Cert of Cand for US Pres Primary Nomination.pdf: HTTPSConnectionPool(host='www.elections.maryland.gov', port=443): Max retries exceeded with url: /forms/documents/Cert%20of%20Cand%20for%20US%20Pres%20Primary%20Nomination.pdf (Caused by NameResolutionError("HTTPSConnection(host='www.elections.maryland.gov', port=443): Failed to resolve 'www.elections.maryland.gov' ([Errno 8] nodename nor servname provided, or not known)"))
2026-02-25 12:52:37,641 WARNING Rate limit warning: 417 requests in the last 60s (threshold: 80)
2026-02-25 12:52:37,641 INFO [depth=6] Crawling: https://www.elections.maryland.gov/forms/documents/Certificate of Candidacy Write-In Candidate for President and VP.pdf
2026-02-25 12:52:37,642 WARNING HEAD request failed for https://www.elections.maryland.gov/forms/documents/Certificate of Candidacy Write-In Candidate for President and VP.pdf: HTTPSConnectionPool(host='www.elections.maryland.gov', port=443): Max retries exceeded with url: /forms/documents/Certificate%20of%20Candidacy%20Write-In%20Candidate%20for%20President%20and%20VP.pdf (Caused by NameResolutionError("HTTPSConnection(host='www.elections.maryland.gov', port=443): Failed to resolve 'www.elections.maryland.gov' ([Errno 8] nodename nor servname provided, or not known)"))
2026-02-25 12:52:37,642 WARNING Rate limit warning: 418 requests in the last 60s (threshold: 80)
2026-02-25 12:52:37,643 INFO [depth=6] Crawling: https://www.elections.maryland.gov/forms/documents/candidateinfosheet.pdf
2026-02-25 12:52:37,644 WARNING HEAD request failed for https://www.elections.maryland.gov/forms/documents/candidateinfosheet.pdf: HTTPSConnectionPool(host='www.elections.maryland.gov', port=443): Max retries exceeded with url: /forms/documents/candidateinfosheet.pdf (Caused by NameResolutionError("HTTPSConnection(host='www.elections.maryland.gov', port=443): Failed to resolve 'www.elections.maryland.gov' ([Errno 8] nodename nor servname provided, or not known)"))
2026-02-25 12:52:37,644 WARNING Rate limit warning: 419 requests in the last 60s (threshold: 80)
2026-02-25 12:52:37,644 INFO [depth=6] Crawling: https://www.elections.maryland.gov/pdf/Cert_Cand_WRITEIN.pdf
2026-02-25 12:52:37,645 WARNING HEAD request failed for https://www.elections.maryland.gov/pdf/Cert_Cand_WRITEIN.pdf: HTTPSConnectionPool(host='www.elections.maryland.gov', port=443): Max retries exceeded with url: /pdf/Cert_Cand_WRITEIN.pdf (Caused by NameResolutionError("HTTPSConnection(host='www.elections.maryland.gov', port=443): Failed to resolve 'www.elections.maryland.gov' ([Errno 8] nodename nor servname provided, or not known)"))
2026-02-25 12:52:37,645 WARNING Rate limit warning: 420 requests in the last 60s (threshold: 80)
2026-02-25 12:52:37,645 INFO [depth=6] Crawling: https://www.elections.maryland.gov/candidacy/documents/Certificate_of_Withdrawal_Declination.pdf
2026-02-25 12:52:37,646 WARNING HEAD request failed for https://www.elections.maryland.gov/candidacy/documents/Certificate_of_Withdrawal_Declination.pdf: HTTPSConnectionPool(host='www.elections.maryland.gov', port=443): Max retries exceeded with url: /candidacy/documents/Certificate_of_Withdrawal_Declination.pdf (Caused by NameResolutionError("HTTPSConnection(host='www.elections.maryland.gov', port=443): Failed to resolve 'www.elections.maryland.gov' ([Errno 8] nodename nor servname provided, or not known)"))
2026-02-25 12:52:37,646 WARNING Rate limit warning: 421 requests in the last 60s (threshold: 80)
2026-02-25 12:52:37,646 INFO [depth=6] Crawling: https://www.elections.maryland.gov/pdf/alternate_name_affidavit.pdf
2026-02-25 12:52:37,647 WARNING HEAD request failed for https://www.elections.maryland.gov/pdf/alternate_name_affidavit.pdf: HTTPSConnectionPool(host='www.elections.maryland.gov', port=443): Max retries exceeded with url: /pdf/alternate_name_affidavit.pdf (Caused by NameResolutionError("HTTPSConnection(host='www.elections.maryland.gov', port=443): Failed to resolve 'www.elections.maryland.gov' ([Errno 8] nodename nor servname provided, or not known)"))
2026-02-25 12:52:37,647 WARNING Rate limit warning: 422 requests in the last 60s (threshold: 80)
2026-02-25 12:52:37,647 INFO [depth=6] Crawling: https://www.elections.maryland.gov/pdf/Certificate_of_Nomination_or_Designation.pdf
2026-02-25 12:52:37,648 WARNING HEAD request failed for https://www.elections.maryland.gov/pdf/Certificate_of_Nomination_or_Designation.pdf: HTTPSConnectionPool(host='www.elections.maryland.gov', port=443): Max retries exceeded with url: /pdf/Certificate_of_Nomination_or_Designation.pdf (Caused by NameResolutionError("HTTPSConnection(host='www.elections.maryland.gov', port=443): Failed to resolve 'www.elections.maryland.gov' ([Errno 8] nodename nor servname provided, or not known)"))
2026-02-25 12:52:37,648 WARNING Rate limit warning: 423 requests in the last 60s (threshold: 80)
2026-02-25 12:52:37,648 INFO [depth=6] Crawling: https://www.elections.maryland.gov/candidacy/documents/Declaration of Candidacy Form for District Level Delegates filing at SBE.pdf
2026-02-25 12:52:37,649 WARNING HEAD request failed for https://www.elections.maryland.gov/candidacy/documents/Declaration of Candidacy Form for District Level Delegates filing at SBE.pdf: HTTPSConnectionPool(host='www.elections.maryland.gov', port=443): Max retries exceeded with url: /candidacy/documents/Declaration%20of%20Candidacy%20Form%20for%20District%20Level%20Delegates%20filing%20at%20SBE.pdf (Caused by NameResolutionError("HTTPSConnection(host='www.elections.maryland.gov', port=443): Failed to resolve 'www.elections.maryland.gov' ([Errno 8] nodename nor servname provided, or not known)"))
2026-02-25 12:52:37,649 WARNING Rate limit warning: 424 requests in the last 60s (threshold: 80)
2026-02-25 12:52:37,649 INFO [depth=6] Crawling: https://www.elections.maryland.gov/forms/documents/Candidate Pledge Form for Delegate to the 2024 Republican National Convention.pdf
2026-02-25 12:52:37,650 WARNING HEAD request failed for https://www.elections.maryland.gov/forms/documents/Candidate Pledge Form for Delegate to the 2024 Republican National Convention.pdf: HTTPSConnectionPool(host='www.elections.maryland.gov', port=443): Max retries exceeded with url: /forms/documents/Candidate%20Pledge%20Form%20for%20Delegate%20to%20the%202024%20Republican%20National%20Convention.pdf (Caused by NameResolutionError("HTTPSConnection(host='www.elections.maryland.gov', port=443): Failed to resolve 'www.elections.maryland.gov' ([Errno 8] nodename nor servname provided, or not known)"))
2026-02-25 12:52:37,650 WARNING Rate limit warning: 425 requests in the last 60s (threshold: 80)
2026-02-25 12:52:37,650 INFO [depth=6] Crawling: https://www.elections.maryland.gov/pdf/08-503-1.pdf
2026-02-25 12:52:37,651 WARNING HEAD request failed for https://www.elections.maryland.gov/pdf/08-503-1.pdf: HTTPSConnectionPool(host='www.elections.maryland.gov', port=443): Max retries exceeded with url: /pdf/08-503-1.pdf (Caused by NameResolutionError("HTTPSConnection(host='www.elections.maryland.gov', port=443): Failed to resolve 'www.elections.maryland.gov' ([Errno 8] nodename nor servname provided, or not known)"))
2026-02-25 12:52:37,651 WARNING Rate limit warning: 426 requests in the last 60s (threshold: 80)
2026-02-25 12:52:37,651 INFO [depth=6] Crawling: https://www.elections.maryland.gov/forms/documents/Certificate of Nomination Non-Principal Political Party.pdf
2026-02-25 12:52:37,653 WARNING HEAD request failed for https://www.elections.maryland.gov/forms/documents/Certificate of Nomination Non-Principal Political Party.pdf: HTTPSConnectionPool(host='www.elections.maryland.gov', port=443): Max retries exceeded with url: /forms/documents/Certificate%20of%20Nomination%20Non-Principal%20Political%20Party.pdf (Caused by NameResolutionError("HTTPSConnection(host='www.elections.maryland.gov', port=443): Failed to resolve 'www.elections.maryland.gov' ([Errno 8] nodename nor servname provided, or not known)"))
2026-02-25 12:52:37,653 WARNING Rate limit warning: 427 requests in the last 60s (threshold: 80)
2026-02-25 12:52:37,653 INFO [depth=6] Crawling: https://www.elections.maryland.gov/forms/documents/Certificate of Nomination.pdf
2026-02-25 12:52:37,654 WARNING HEAD request failed for https://www.elections.maryland.gov/forms/documents/Certificate of Nomination.pdf: HTTPSConnectionPool(host='www.elections.maryland.gov', port=443): Max retries exceeded with url: /forms/documents/Certificate%20of%20Nomination.pdf (Caused by NameResolutionError("HTTPSConnection(host='www.elections.maryland.gov', port=443): Failed to resolve 'www.elections.maryland.gov' ([Errno 8] nodename nor servname provided, or not known)"))
2026-02-25 12:52:37,654 WARNING Rate limit warning: 428 requests in the last 60s (threshold: 80)
2026-02-25 12:52:37,654 INFO [depth=6] Crawling: https://www.elections.maryland.gov/forms/documents/petition_for_municipality_incorporation.pdf
2026-02-25 12:52:37,655 WARNING HEAD request failed for https://www.elections.maryland.gov/forms/documents/petition_for_municipality_incorporation.pdf: HTTPSConnectionPool(host='www.elections.maryland.gov', port=443): Max retries exceeded with url: /forms/documents/petition_for_municipality_incorporation.pdf (Caused by NameResolutionError("HTTPSConnection(host='www.elections.maryland.gov', port=443): Failed to resolve 'www.elections.maryland.gov' ([Errno 8] nodename nor servname provided, or not known)"))
2026-02-25 12:52:37,655 WARNING Rate limit warning: 429 requests in the last 60s (threshold: 80)
2026-02-25 12:52:37,655 INFO [depth=6] Crawling: https://www.elections.maryland.gov/candidacy/schedule_appointment.html
2026-02-25 12:52:37,656 WARNING HTTP error fetching https://www.elections.maryland.gov/candidacy/schedule_appointment.html: HTTPSConnectionPool(host='www.elections.maryland.gov', port=443): Max retries exceeded with url: /candidacy/schedule_appointment.html (Caused by NameResolutionError("HTTPSConnection(host='www.elections.maryland.gov', port=443): Failed to resolve 'www.elections.maryland.gov' ([Errno 8] nodename nor servname provided, or not known)"))
2026-02-25 12:52:37,656 WARNING Rate limit warning: 430 requests in the last 60s (threshold: 80)
2026-02-25 12:52:37,660 INFO Pass 1 complete. Pages crawled: 5311
